{
"type": "FeatureCollection",
"name": "columbia_walk_routes",
"crs": { "type": "name", "properties": { "name": "urn:ogc:def:crs:OGC:1.3:CRS84" } },
"features": [
{ "type": "Feature", "properties": { "id": "911-museum", "venue_name": "9/11 Memorial & Museum", "network_distance_m": 12040.9 }, "geometry": { "type": "LineString", "coordinates": [ [ -73.9624493, 40.8077563 ], [ -73.9622458, 40.8076717 ], [ -73.962308, 40.8075899 ], [ -73.9623663, 40.8075087 ], [ -73.9619458, 40.8073263 ], [ -73.9619089, 40.8073103 ], [ -73.9620382, 40.8071255 ], [ -73.9620099, 40.8071136 ], [ -73.9621545, 40.8069096 ], [ -73.9624385, 40.8065193 ], [ -73.9625207, 40.8064016 ], [ -73.9626418, 40.8062358 ], [ -73.9628471, 40.805953 ], [ -73.9620882, 40.8056299 ], [ -73.9621737, 40.8055126 ], [ -73.9625482, 40.8049983 ], [ -73.9626409, 40.8048795 ], [ -73.9630936, 40.8042656 ], [ -73.9634667, 40.80374 ], [ -73.9635537, 40.8036311 ], [ -73.9639255, 40.8031424 ], [ -73.9640625, 40.8029504 ], [ -73.9643926, 40.8024893 ], [ -73.9644721, 40.8023795 ], [ -73.964856, 40.8018662 ], [ -73.9649387, 40.8017536 ], [ -73.9653097, 40.8012346 ], [ -73.9653931, 40.8011162 ], [ -73.9657733, 40.8005947 ], [ -73.9659141, 40.8003972 ], [ -73.966287, 40.7998789 ], [ -73.9663787, 40.7997672 ], [ -73.9667527, 40.799242 ], [ -73.9668359, 40.7991425 ], [ -73.9672117, 40.7986218 ], [ -73.96729, 40.7985042 ], [ -73.967679, 40.7979979 ], [ -73.9677629, 40.7978865 ], [ -73.9681163, 40.7973665 ], [ -73.9682069, 40.7972492 ], [ -73.9685867, 40.7967339 ], [ -73.9686622, 40.7966205 ], [ -73.969042, 40.7961008 ], [ -73.969125, 40.7959927 ], [ -73.9695048, 40.7954787 ], [ -73.969594, 40.7953611 ], [ -73.9699653, 40.7948519 ], [ -73.9700403, 40.7947386 ], [ -73.9704315, 40.7942037 ], [ -73.9705616, 40.794024 ], [ -73.9709494, 40.7934964 ], [ -73.9710286, 40.7933837 ], [ -73.9714131, 40.7928702 ], [ -73.9714944, 40.7927616 ], [ -73.9716199, 40.7925763 ], [ -73.9718626, 40.7922402 ], [ -73.9719473, 40.7921282 ], [ -73.9723204, 40.7916204 ], [ -73.9724103, 40.7915027 ], [ -73.9727842, 40.7909852 ], [ -73.9728677, 40.7908733 ], [ -73.9732394, 40.7903607 ], [ -73.973314, 40.7902478 ], [ -73.9736983, 40.7897344 ], [ -73.9737782, 40.7896226 ], [ -73.9741533, 40.7891095 ], [ -73.9742337, 40.7889951 ], [ -73.9746128, 40.7884786 ], [ -73.97469, 40.7883715 ], [ -73.9750816, 40.7878407 ], [ -73.9752205, 40.7876502 ], [ -73.975603, 40.7871218 ], [ -73.9756746, 40.787012 ], [ -73.9760631, 40.7864873 ], [ -73.9761458, 40.7863698 ], [ -73.9765267, 40.7858506 ], [ -73.9765681, 40.7857881 ], [ -73.9766029, 40.7857383 ], [ -73.9769877, 40.7852197 ], [ -73.9770304, 40.785161 ], [ -73.9770709, 40.785105 ], [ -73.977447, 40.7845831 ], [ -73.9775345, 40.7844686 ], [ -73.9779108, 40.7839488 ], [ -73.9779992, 40.7838365 ], [ -73.9783901, 40.7833036 ], [ -73.9785258, 40.7831124 ], [ -73.9789168, 40.7825832 ], [ -73.9790017, 40.7824699 ], [ -73.9793714, 40.7819463 ], [ -73.9794056, 40.781898 ], [ -73.9794532, 40.7818339 ], [ -73.9798407, 40.781306 ], [ -73.9799208, 40.7812009 ], [ -73.9802986, 40.7806762 ], [ -73.9803892, 40.780557 ], [ -73.9807618, 40.7800455 ], [ -73.9808456, 40.7799269 ], [ -73.9812175, 40.7794081 ], [ -73.9813069, 40.7792911 ], [ -73.9816881, 40.7787631 ], [ -73.9817596, 40.7786634 ], [ -73.981812, 40.7785902 ], [ -73.9817845, 40.7785505 ], [ -73.9820921, 40.7780453 ], [ -73.9820717, 40.7779466 ], [ -73.982096, 40.7779122 ], [ -73.982146, 40.7778496 ], [ -73.9821916, 40.7776389 ], [ -73.9822385, 40.7776153 ], [ -73.9822573, 40.7776183 ], [ -73.9824464, 40.7773426 ], [ -73.9824179, 40.7773056 ], [ -73.9825026, 40.7771927 ], [ -73.9826252, 40.7770209 ], [ -73.9828698, 40.7766813 ], [ -73.9829557, 40.7765627 ], [ -73.9833353, 40.7760559 ], [ -73.983418, 40.7759408 ], [ -73.9837847, 40.77543 ], [ -73.9838699, 40.7753162 ], [ -73.9842425, 40.7748001 ], [ -73.9843269, 40.7746868 ], [ -73.9846995, 40.7741751 ], [ -73.9847931, 40.774037 ], [ -73.9851334, 40.7735786 ], [ -73.985181, 40.7735103 ], [ -73.9852371, 40.7734357 ], [ -73.9856448, 40.7728745 ], [ -73.9856885, 40.7728141 ], [ -73.9860446, 40.7723215 ], [ -73.9861658, 40.7721671 ], [ -73.9865221, 40.7716736 ], [ -73.9865657, 40.7716133 ], [ -73.9866033, 40.7715613 ], [ -73.9869409, 40.7710938 ], [ -73.9870094, 40.7710128 ], [ -73.9870708, 40.7709351 ], [ -73.9874402, 40.7704346 ], [ -73.9875353, 40.7703133 ], [ -73.9877214, 40.7700587 ], [ -73.9879049, 40.7698077 ], [ -73.9879906, 40.7696849 ], [ -73.9883627, 40.7691672 ], [ -73.988504, 40.7689703 ], [ -73.9888834, 40.7684471 ], [ -73.988965, 40.7683378 ], [ -73.9889682, 40.7683281 ], [ -73.989336, 40.7678256 ], [ -73.9894244, 40.7677106 ], [ -73.9898058, 40.7671982 ], [ -73.9898824, 40.7670854 ], [ -73.9902613, 40.7665744 ], [ -73.9903429, 40.7664617 ], [ -73.990717, 40.7659575 ], [ -73.9907984, 40.7658306 ], [ -73.9911605, 40.7653215 ], [ -73.9912103, 40.7652584 ], [ -73.9912447, 40.7652124 ], [ -73.9916248, 40.7647017 ], [ -73.9917137, 40.76458 ], [ -73.9920725, 40.7640681 ], [ -73.9921622, 40.7639458 ], [ -73.9925307, 40.7634435 ], [ -73.9926182, 40.7633203 ], [ -73.9930012, 40.7628224 ], [ -73.9930833, 40.7627073 ], [ -73.9934536, 40.7621928 ], [ -73.993536, 40.7620771 ], [ -73.9939092, 40.7615609 ], [ -73.9939931, 40.7614468 ], [ -73.9943543, 40.760946 ], [ -73.9944429, 40.7608203 ], [ -73.9948084, 40.7603162 ], [ -73.994849, 40.7602597 ], [ -73.9948953, 40.7601952 ], [ -73.9952623, 40.7596841 ], [ -73.9953417, 40.7595711 ], [ -73.9954103, 40.7594736 ], [ -73.995727, 40.7590359 ], [ -73.9957898, 40.7589407 ], [ -73.9958542, 40.7588468 ], [ -73.9962291, 40.7583498 ], [ -73.9962727, 40.7582889 ], [ -73.9963295, 40.7582116 ], [ -73.9966271, 40.757813 ], [ -73.9966818, 40.7577393 ], [ -73.9967181, 40.7576965 ], [ -73.9967811, 40.7576291 ], [ -73.9971244, 40.7571161 ], [ -73.9971792, 40.7570381 ], [ -73.9972112, 40.7569924 ], [ -73.997579, 40.7565078 ], [ -73.9976394, 40.7564267 ], [ -73.9976775, 40.7563755 ], [ -73.9978457, 40.7561321 ], [ -73.9978992, 40.7560582 ], [ -73.9979773, 40.7559505 ], [ -73.9980304, 40.7558772 ], [ -73.9980732, 40.7558172 ], [ -73.9981232, 40.7557471 ], [ -73.9983204, 40.7554794 ], [ -73.9984815, 40.7552603 ], [ -73.9985245, 40.7551998 ], [ -73.9985647, 40.7551431 ], [ -73.9989417, 40.754637 ], [ -73.9990744, 40.7544405 ], [ -73.9994477, 40.7539322 ], [ -73.9995308, 40.7538067 ], [ -74.0003536, 40.7526885 ], [ -74.0003766, 40.7526864 ], [ -74.0004396, 40.7525762 ], [ -74.0006898, 40.7522267 ], [ -74.0007814, 40.7521017 ], [ -74.00081, 40.7520625 ], [ -74.0008439, 40.7520169 ], [ -74.0008737, 40.7519764 ], [ -74.0012551, 40.7514566 ], [ -74.0012928, 40.7514027 ], [ -74.0013416, 40.7513328 ], [ -74.0016993, 40.7508318 ], [ -74.0017838, 40.7507115 ], [ -74.0021478, 40.7502142 ], [ -74.0021737, 40.7501795 ], [ -74.0022076, 40.7501341 ], [ -74.0022313, 40.7501024 ], [ -74.0026095, 40.7496001 ], [ -74.0027022, 40.7494765 ], [ -74.0030531, 40.748988 ], [ -74.0031426, 40.7488668 ], [ -74.0035051, 40.7483696 ], [ -74.0035141, 40.7483566 ], [ -74.0035971, 40.7482466 ], [ -74.003958, 40.7477273 ], [ -74.0040246, 40.7476444 ], [ -74.0040984, 40.7475543 ], [ -74.0044807, 40.7470349 ], [ -74.0045294, 40.7469713 ], [ -74.0045653, 40.7469246 ], [ -74.0049457, 40.7464161 ], [ -74.0049841, 40.7463654 ], [ -74.0050333, 40.7462994 ], [ -74.0053633, 40.7458244 ], [ -74.0054075, 40.7457638 ], [ -74.0054533, 40.7456996 ], [ -74.0057863, 40.7452438 ], [ -74.0058341, 40.7451783 ], [ -74.0058767, 40.7451202 ], [ -74.0062102, 40.7446726 ], [ -74.0062663, 40.7445965 ], [ -74.0063054, 40.7445406 ], [ -74.006646, 40.7440748 ], [ -74.0066921, 40.7440112 ], [ -74.006736, 40.7439506 ], [ -74.0070924, 40.7434979 ], [ -74.0071857, 40.7433794 ], [ -74.0075368, 40.7428476 ], [ -74.0076233, 40.7427299 ], [ -74.0079815, 40.7422349 ], [ -74.0080094, 40.742195 ], [ -74.0081404, 40.742027 ], [ -74.0085287, 40.7414672 ], [ -74.0085516, 40.7414773 ], [ -74.0086355, 40.7413627 ], [ -74.0086153, 40.7413559 ], [ -74.0088433, 40.7407589 ], [ -74.0088718, 40.7406162 ], [ -74.0095027, 40.7394312 ], [ -74.0095072, 40.739303 ], [ -74.0095164, 40.7392072 ], [ -74.0097347, 40.7392299 ], [ -74.0097426, 40.7389504 ], [ -74.0099368, 40.7387804 ], [ -74.0101203, 40.7385265 ], [ -74.0103964, 40.7385146 ], [ -74.0104111, 40.7383452 ], [ -74.0104332, 40.7380805 ], [ -74.0104736, 40.7375761 ], [ -74.0105734, 40.7363547 ], [ -74.0105751, 40.7363183 ], [ -74.0105935, 40.7360911 ], [ -74.010596, 40.7360503 ], [ -74.0106456, 40.7354422 ], [ -74.0106641, 40.7352182 ], [ -74.0107572, 40.7342654 ], [ -74.0107802, 40.7340422 ], [ -74.010809, 40.7337835 ], [ -74.0108132, 40.7337536 ], [ -74.0108317, 40.7336348 ], [ -74.0108611, 40.7332998 ], [ -74.0108633, 40.7332687 ], [ -74.0108786, 40.7330522 ], [ -74.0109022, 40.7327092 ], [ -74.010952, 40.7322878 ], [ -74.0110325, 40.7313834 ], [ -74.011044, 40.731241 ], [ -74.0110547, 40.7310969 ], [ -74.0110657, 40.7309477 ], [ -74.0110819, 40.7307287 ], [ -74.0110995, 40.7305251 ], [ -74.0111106, 40.7304218 ], [ -74.0111741, 40.7298781 ], [ -74.0112091, 40.7297322 ], [ -74.0112537, 40.7292768 ], [ -74.0112585, 40.7292281 ], [ -74.0112682, 40.7291281 ], [ -74.0112933, 40.7288718 ], [ -74.0113024, 40.7287789 ], [ -74.0113431, 40.7282651 ], [ -74.0113517, 40.7280277 ], [ -74.0116057, 40.7259573 ], [ -74.0116163, 40.7259011 ], [ -74.011706, 40.7254539 ], [ -74.0117297, 40.7253392 ], [ -74.0117492, 40.7252449 ], [ -74.0117691, 40.7251489 ], [ -74.0118927, 40.7244519 ], [ -74.0119002, 40.7244018 ], [ -74.0120603, 40.7236101 ], [ -74.0121903, 40.722955 ], [ -74.0122582, 40.7226255 ], [ -74.0122888, 40.7224812 ], [ -74.0123066, 40.7223957 ], [ -74.0123237, 40.7223136 ], [ -74.0124548, 40.7216861 ], [ -74.0125179, 40.7214939 ], [ -74.0125241, 40.721466 ], [ -74.0125309, 40.7214322 ], [ -74.0125621, 40.7212864 ], [ -74.0125903, 40.7212505 ], [ -74.0127282, 40.7210745 ], [ -74.0127455, 40.7210525 ], [ -74.0128343, 40.7209042 ], [ -74.0129032, 40.720556 ], [ -74.0129475, 40.7202923 ], [ -74.0128725, 40.7201205 ], [ -74.0128739, 40.7198065 ], [ -74.0128675, 40.7197803 ], [ -74.0129451, 40.7193323 ], [ -74.0129685, 40.7192204 ], [ -74.0129865, 40.7191307 ], [ -74.0130039, 40.7190441 ], [ -74.0130257, 40.7189361 ], [ -74.0130842, 40.7186677 ], [ -74.0131924, 40.7182804 ], [ -74.0133238, 40.7177524 ], [ -74.0132681, 40.7177275 ], [ -74.0131899, 40.7176933 ], [ -74.0132096, 40.7174461 ], [ -74.0132514, 40.7172631 ], [ -74.0133963, 40.7166892 ], [ -74.0134413, 40.7165167 ], [ -74.0137352, 40.715417 ], [ -74.0138599, 40.7152173 ], [ -74.0140142, 40.7148285 ], [ -74.0141164, 40.7144549 ], [ -74.0141839, 40.7141948 ], [ -74.0141533, 40.7139841 ], [ -74.0142098, 40.7137873 ], [ -74.014428, 40.7131916 ], [ -74.0144629, 40.7130648 ], [ -74.0145594, 40.7127137 ], [ -74.0145948, 40.7125862 ], [ -74.0147472, 40.7120678 ], [ -74.0148566, 40.7115375 ], [ -74.0151261, 40.711436 ], [ -74.0155907, 40.7116298 ], [ -74.0156906, 40.7113833 ] ] } },
{ "type": "Feature", "properties": { "id": "asia-society", "venue_name": "Asia Society Museum", "network_distance_m": 5214.6 }, "geometry": { "type": "LineString", "coordinates": [ [ -73.9624493, 40.8077563 ], [ -73.9622458, 40.8076717 ], [ -73.962308, 40.8075899 ], [ -73.9623663, 40.8075087 ], [ -73.9619458, 40.8073263 ], [ -73.9619089, 40.8073103 ], [ -73.9611833, 40.8070001 ], [ -73.961105, 40.8069672 ], [ -73.9608576, 40.8068614 ], [ -73.9601562, 40.8065578 ], [ -73.9593977, 40.8062297 ], [ -73.9592012, 40.8061481 ], [ -73.9592594, 40.8060677 ], [ -73.9593132, 40.8059958 ], [ -73.9596957, 40.80544 ], [ -73.9599314, 40.8047473 ], [ -73.9599652, 40.8046485 ], [ -73.9599694, 40.8046373 ], [ -73.9601733, 40.8040429 ], [ -73.9602112, 40.8039324 ], [ -73.9602272, 40.8038858 ], [ -73.9603827, 40.8034337 ], [ -73.9604489, 40.8032367 ], [ -73.9606983, 40.8025198 ], [ -73.9609258, 40.8018493 ], [ -73.9609801, 40.8015988 ], [ -73.9610031, 40.8015644 ], [ -73.9612874, 40.8011774 ], [ -73.9613599, 40.8010672 ], [ -73.9617374, 40.8005551 ], [ -73.9618228, 40.8004364 ], [ -73.9622009, 40.7999292 ], [ -73.9622883, 40.7998106 ], [ -73.9626715, 40.7992903 ], [ -73.9628123, 40.7990978 ], [ -73.9631856, 40.7985726 ], [ -73.9632683, 40.7984565 ], [ -73.9636427, 40.7979394 ], [ -73.9637593, 40.7977774 ], [ -73.9641536, 40.7972447 ], [ -73.9642123, 40.7971703 ], [ -73.9645277, 40.7967339 ], [ -73.9646489, 40.7965663 ], [ -73.964681, 40.7965299 ], [ -73.9650165, 40.7960635 ], [ -73.9650544, 40.796012 ], [ -73.9653519, 40.7956155 ], [ -73.965418, 40.7955224 ], [ -73.9654482, 40.795481 ], [ -73.9655441, 40.7953517 ], [ -73.9655657, 40.7953227 ], [ -73.9652147, 40.7951289 ], [ -73.9654931, 40.7946332 ], [ -73.96465, 40.7942331 ], [ -73.9644701, 40.7941566 ], [ -73.9642934, 40.7940815 ], [ -73.9642595, 40.7940671 ], [ -73.9643371, 40.7939575 ], [ -73.9644502, 40.7937978 ], [ -73.9645687, 40.7936306 ], [ -73.9646892, 40.7934605 ], [ -73.9639152, 40.7931355 ], [ -73.9638289, 40.7930835 ], [ -73.9638952, 40.7929932 ], [ -73.9640253, 40.7928158 ], [ -73.9642076, 40.7925518 ], [ -73.9640137, 40.7923693 ], [ -73.9641411, 40.7921917 ], [ -73.9643878, 40.791849 ], [ -73.9645129, 40.7916817 ], [ -73.9645552, 40.7916252 ], [ -73.964611, 40.7915537 ], [ -73.965018, 40.7909922 ], [ -73.9650919, 40.7908913 ], [ -73.9654757, 40.7903674 ], [ -73.9655499, 40.790266 ], [ -73.9659389, 40.7897351 ], [ -73.9660206, 40.7896235 ], [ -73.9660517, 40.7895806 ], [ -73.9663883, 40.7891147 ], [ -73.9664648, 40.7890089 ], [ -73.9667306, 40.7886408 ], [ -73.9668409, 40.7884882 ], [ -73.966921, 40.7883774 ], [ -73.9671114, 40.788114 ], [ -73.9667195, 40.7879741 ], [ -73.9667432, 40.7879478 ], [ -73.966759, 40.7879365 ], [ -73.9668785, 40.7878444 ], [ -73.9668688, 40.7877372 ], [ -73.9671253, 40.7847537 ], [ -73.9674064, 40.7842334 ], [ -73.9678511, 40.7837431 ], [ -73.9677536, 40.7836616 ], [ -73.9676596, 40.7835343 ], [ -73.9676375, 40.7832695 ], [ -73.9675956, 40.7830459 ], [ -73.967302, 40.7827903 ], [ -73.9672299, 40.7827737 ], [ -73.9671291, 40.7823244 ], [ -73.9679417, 40.7805326 ], [ -73.9677538, 40.7803068 ], [ -73.9671842, 40.7800392 ], [ -73.9666891, 40.7790865 ], [ -73.9667773, 40.7789735 ], [ -73.9668293, 40.7789124 ], [ -73.9667022, 40.7785573 ], [ -73.966577, 40.7781925 ], [ -73.9664994, 40.7780983 ], [ -73.9652618, 40.7774699 ], [ -73.9656234, 40.776744 ], [ -73.965731, 40.7762027 ], [ -73.9657557, 40.7761751 ], [ -73.9654957, 40.7757828 ], [ -73.965492, 40.775518 ], [ -73.9651692, 40.7752435 ], [ -73.9652287, 40.7751584 ], [ -73.9653086, 40.775044 ], [ -73.9656972, 40.7745122 ], [ -73.9657759, 40.7744045 ], [ -73.9661576, 40.7738822 ], [ -73.9662212, 40.7737952 ], [ -73.966021, 40.7736876 ], [ -73.964631, 40.7730971 ], [ -73.9644059, 40.7730059 ], [ -73.9647827, 40.7724829 ], [ -73.9634954, 40.7719316 ], [ -73.963571, 40.7718243 ], [ -73.9639544, 40.7712936 ], [ -73.9635548, 40.7711175 ], [ -73.9636922, 40.7709294 ], [ -73.9640901, 40.7703966 ], [ -73.9641719, 40.7702863 ], [ -73.964542, 40.7697729 ] ] } },
{ "type": "Feature", "properties": { "id": "china-institute", "venue_name": "China Institute Gallery", "network_distance_m": 12269.5 }, "geometry": { "type": "LineString", "coordinates": [ [ -73.9624493, 40.8077563 ], [ -73.9622458, 40.8076717 ], [ -73.962308, 40.8075899 ], [ -73.9623663, 40.8075087 ], [ -73.9619458, 40.8073263 ], [ -73.9619089, 40.8073103 ], [ -73.9620382, 40.8071255 ], [ -73.9620099, 40.8071136 ], [ -73.9621545, 40.8069096 ], [ -73.9624385, 40.8065193 ], [ -73.9625207, 40.8064016 ], [ -73.9626418, 40.8062358 ], [ -73.9628471, 40.805953 ], [ -73.9620882, 40.8056299 ], [ -73.9621737, 40.8055126 ], [ -73.9625482, 40.8049983 ], [ -73.9626409, 40.8048795 ], [ -73.9630936, 40.8042656 ], [ -73.9634667, 40.80374 ], [ -73.9635537, 40.8036311 ], [ -73.9639255, 40.8031424 ], [ -73.9640625, 40.8029504 ], [ -73.9643926, 40.8024893 ], [ -73.9644721, 40.8023795 ], [ -73.964856, 40.8018662 ], [ -73.9649387, 40.8017536 ], [ -73.9653097, 40.8012346 ], [ -73.9653931, 40.8011162 ], [ -73.9657733, 40.8005947 ], [ -73.9659141, 40.8003972 ], [ -73.966287, 40.7998789 ], [ -73.9663787, 40.7997672 ], [ -73.9667527, 40.799242 ], [ -73.9668359, 40.7991425 ], [ -73.9672117, 40.7986218 ], [ -73.96729, 40.7985042 ], [ -73.967679, 40.7979979 ], [ -73.9677629, 40.7978865 ], [ -73.9681163, 40.7973665 ], [ -73.9682069, 40.7972492 ], [ -73.9685867, 40.7967339 ], [ -73.9686622, 40.7966205 ], [ -73.969042, 40.7961008 ], [ -73.969125, 40.7959927 ], [ -73.9695048, 40.7954787 ], [ -73.969594, 40.7953611 ], [ -73.9699653, 40.7948519 ], [ -73.9700403, 40.7947386 ], [ -73.9704315, 40.7942037 ], [ -73.9705616, 40.794024 ], [ -73.9709494, 40.7934964 ], [ -73.9710286, 40.7933837 ], [ -73.9714131, 40.7928702 ], [ -73.9714944, 40.7927616 ], [ -73.9716199, 40.7925763 ], [ -73.9718626, 40.7922402 ], [ -73.9719473, 40.7921282 ], [ -73.9723204, 40.7916204 ], [ -73.9724103, 40.7915027 ], [ -73.9727842, 40.7909852 ], [ -73.9728677, 40.7908733 ], [ -73.9732394, 40.7903607 ], [ -73.973314, 40.7902478 ], [ -73.9736983, 40.7897344 ], [ -73.9737782, 40.7896226 ], [ -73.9741533, 40.7891095 ], [ -73.9742337, 40.7889951 ], [ -73.9746128, 40.7884786 ], [ -73.97469, 40.7883715 ], [ -73.9750816, 40.7878407 ], [ -73.9752205, 40.7876502 ], [ -73.975603, 40.7871218 ], [ -73.9756746, 40.787012 ], [ -73.9760631, 40.7864873 ], [ -73.9761458, 40.7863698 ], [ -73.9765267, 40.7858506 ], [ -73.9765681, 40.7857881 ], [ -73.9766029, 40.7857383 ], [ -73.9769877, 40.7852197 ], [ -73.9770304, 40.785161 ], [ -73.9770709, 40.785105 ], [ -73.977447, 40.7845831 ], [ -73.9775345, 40.7844686 ], [ -73.9779108, 40.7839488 ], [ -73.9779992, 40.7838365 ], [ -73.9783901, 40.7833036 ], [ -73.9785258, 40.7831124 ], [ -73.9789168, 40.7825832 ], [ -73.9790017, 40.7824699 ], [ -73.9793714, 40.7819463 ], [ -73.9794056, 40.781898 ], [ -73.9794532, 40.7818339 ], [ -73.9798407, 40.781306 ], [ -73.9799208, 40.7812009 ], [ -73.9802986, 40.7806762 ], [ -73.9803892, 40.780557 ], [ -73.9807618, 40.7800455 ], [ -73.9808456, 40.7799269 ], [ -73.9812175, 40.7794081 ], [ -73.9813069, 40.7792911 ], [ -73.9816881, 40.7787631 ], [ -73.9817596, 40.7786634 ], [ -73.981812, 40.7785902 ], [ -73.9817845, 40.7785505 ], [ -73.9820921, 40.7780453 ], [ -73.9820717, 40.7779466 ], [ -73.982096, 40.7779122 ], [ -73.982146, 40.7778496 ], [ -73.9821916, 40.7776389 ], [ -73.9822385, 40.7776153 ], [ -73.9822573, 40.7776183 ], [ -73.9824464, 40.7773426 ], [ -73.9824179, 40.7773056 ], [ -73.9825026, 40.7771927 ], [ -73.9826252, 40.7770209 ], [ -73.9828698, 40.7766813 ], [ -73.9829557, 40.7765627 ], [ -73.9833353, 40.7760559 ], [ -73.983418, 40.7759408 ], [ -73.9837847, 40.77543 ], [ -73.9838699, 40.7753162 ], [ -73.9842425, 40.7748001 ], [ -73.9843269, 40.7746868 ], [ -73.9846995, 40.7741751 ], [ -73.9847931, 40.774037 ], [ -73.9851334, 40.7735786 ], [ -73.985181, 40.7735103 ], [ -73.9852371, 40.7734357 ], [ -73.9856448, 40.7728745 ], [ -73.9856885, 40.7728141 ], [ -73.9860446, 40.7723215 ], [ -73.9861658, 40.7721671 ], [ -73.9865221, 40.7716736 ], [ -73.9865657, 40.7716133 ], [ -73.9866033, 40.7715613 ], [ -73.9869409, 40.7710938 ], [ -73.9870094, 40.7710128 ], [ -73.9870708, 40.7709351 ], [ -73.9874402, 40.7704346 ], [ -73.9875353, 40.7703133 ], [ -73.9877214, 40.7700587 ], [ -73.9879049, 40.7698077 ], [ -73.9879906, 40.7696849 ], [ -73.9883627, 40.7691672 ], [ -73.988504, 40.7689703 ], [ -73.9888834, 40.7684471 ], [ -73.988965, 40.7683378 ], [ -73.9889682, 40.7683281 ], [ -73.989336, 40.7678256 ], [ -73.9894244, 40.7677106 ], [ -73.9898058, 40.7671982 ], [ -73.9898824, 40.7670854 ], [ -73.9902613, 40.7665744 ], [ -73.9903429, 40.7664617 ], [ -73.990717, 40.7659575 ], [ -73.9907984, 40.7658306 ], [ -73.9911605, 40.7653215 ], [ -73.9912103, 40.7652584 ], [ -73.9912447, 40.7652124 ], [ -73.9916248, 40.7647017 ], [ -73.9917137, 40.76458 ], [ -73.9920725, 40.7640681 ], [ -73.9921622, 40.7639458 ], [ -73.9925307, 40.7634435 ], [ -73.9926182, 40.7633203 ], [ -73.9930012, 40.7628224 ], [ -73.9930833, 40.7627073 ], [ -73.9934536, 40.7621928 ], [ -73.993536, 40.7620771 ], [ -73.9939092, 40.7615609 ], [ -73.9939931, 40.7614468 ], [ -73.9943543, 40.760946 ], [ -73.9944429, 40.7608203 ], [ -73.9948084, 40.7603162 ], [ -73.994849, 40.7602597 ], [ -73.9948953, 40.7601952 ], [ -73.9952623, 40.7596841 ], [ -73.9953417, 40.7595711 ], [ -73.9954103, 40.7594736 ], [ -73.995727, 40.7590359 ], [ -73.9957898, 40.7589407 ], [ -73.9958542, 40.7588468 ], [ -73.9962291, 40.7583498 ], [ -73.9962727, 40.7582889 ], [ -73.9963295, 40.7582116 ], [ -73.9966271, 40.757813 ], [ -73.9966818, 40.7577393 ], [ -73.9967181, 40.7576965 ], [ -73.9967811, 40.7576291 ], [ -73.9971244, 40.7571161 ], [ -73.9971792, 40.7570381 ], [ -73.9972112, 40.7569924 ], [ -73.997579, 40.7565078 ], [ -73.9976394, 40.7564267 ], [ -73.9976775, 40.7563755 ], [ -73.9978457, 40.7561321 ], [ -73.9978992, 40.7560582 ], [ -73.9979773, 40.7559505 ], [ -73.9980304, 40.7558772 ], [ -73.9980732, 40.7558172 ], [ -73.9981232, 40.7557471 ], [ -73.9983204, 40.7554794 ], [ -73.9984815, 40.7552603 ], [ -73.9985245, 40.7551998 ], [ -73.9985647, 40.7551431 ], [ -73.9989417, 40.754637 ], [ -73.9990744, 40.7544405 ], [ -73.9994477, 40.7539322 ], [ -73.9995308, 40.7538067 ], [ -74.0003536, 40.7526885 ], [ -74.0003766, 40.7526864 ], [ -74.0004396, 40.7525762 ], [ -74.0006898, 40.7522267 ], [ -74.0007814, 40.7521017 ], [ -74.00081, 40.7520625 ], [ -74.0008439, 40.7520169 ], [ -74.0008737, 40.7519764 ], [ -74.0012551, 40.7514566 ], [ -74.0012928, 40.7514027 ], [ -74.0013416, 40.7513328 ], [ -74.0016993, 40.7508318 ], [ -74.0017838, 40.7507115 ], [ -74.0021478, 40.7502142 ], [ -74.0021737, 40.7501795 ], [ -74.0022076, 40.7501341 ], [ -74.0022313, 40.7501024 ], [ -74.0026095, 40.7496001 ], [ -74.0027022, 40.7494765 ], [ -74.0030531, 40.748988 ], [ -74.0031426, 40.7488668 ], [ -74.0035051, 40.7483696 ], [ -74.0035141, 40.7483566 ], [ -74.0035971, 40.7482466 ], [ -74.003958, 40.7477273 ], [ -74.0040246, 40.7476444 ], [ -74.0040984, 40.7475543 ], [ -74.0044807, 40.7470349 ], [ -74.0045294, 40.7469713 ], [ -74.0045653, 40.7469246 ], [ -74.0049457, 40.7464161 ], [ -74.0049841, 40.7463654 ], [ -74.0050333, 40.7462994 ], [ -74.0053633, 40.7458244 ], [ -74.0054075, 40.7457638 ], [ -74.0054533, 40.7456996 ], [ -74.0057863, 40.7452438 ], [ -74.0058341, 40.7451783 ], [ -74.0058767, 40.7451202 ], [ -74.0062102, 40.7446726 ], [ -74.0062663, 40.7445965 ], [ -74.0063054, 40.7445406 ], [ -74.006646, 40.7440748 ], [ -74.0066921, 40.7440112 ], [ -74.006736, 40.7439506 ], [ -74.0070924, 40.7434979 ], [ -74.0071857, 40.7433794 ], [ -74.0075368, 40.7428476 ], [ -74.0076233, 40.7427299 ], [ -74.0079815, 40.7422349 ], [ -74.0080094, 40.742195 ], [ -74.0081404, 40.742027 ], [ -74.0085287, 40.7414672 ], [ -74.0085516, 40.7414773 ], [ -74.0086355, 40.7413627 ], [ -74.0086153, 40.7413559 ], [ -74.0088433, 40.7407589 ], [ -74.0088718, 40.7406162 ], [ -74.0095027, 40.7394312 ], [ -74.0095072, 40.739303 ], [ -74.0095164, 40.7392072 ], [ -74.0095934, 40.7388328 ], [ -74.0095623, 40.738755 ], [ -74.0095478, 40.7387187 ], [ -74.0095868, 40.7382042 ], [ -74.0096179, 40.7381571 ], [ -74.0096541, 40.7381023 ], [ -74.0096619, 40.7376377 ], [ -74.0096684, 40.7374881 ], [ -74.0096934, 40.7370237 ], [ -74.0097028, 40.7369125 ], [ -74.0097728, 40.7360722 ], [ -74.0097838, 40.7359305 ], [ -74.0098314, 40.7353895 ], [ -74.0098477, 40.7352295 ], [ -74.0098918, 40.7346459 ], [ -74.0099031, 40.7345179 ], [ -74.0099319, 40.7342408 ], [ -74.0099621, 40.7339538 ], [ -74.0099733, 40.7338013 ], [ -74.0100293, 40.7332334 ], [ -74.0100367, 40.7331171 ], [ -74.0100847, 40.7325687 ], [ -74.0101071, 40.7322992 ], [ -74.0101275, 40.7320749 ], [ -74.0101406, 40.7319407 ], [ -74.010202, 40.7313685 ], [ -74.0102167, 40.7311926 ], [ -74.0102713, 40.7306357 ], [ -74.010286, 40.7304793 ], [ -74.0103397, 40.7298921 ], [ -74.0103545, 40.7297548 ], [ -74.0103584, 40.7297183 ], [ -74.0104154, 40.7292063 ], [ -74.01042, 40.7291613 ], [ -74.0104357, 40.7290077 ], [ -74.0105338, 40.7279732 ], [ -74.0106982, 40.7262416 ], [ -74.0107271, 40.7260665 ], [ -74.0107621, 40.7258809 ], [ -74.010825, 40.7256988 ], [ -74.0108791, 40.7254972 ], [ -74.0109042, 40.7253739 ], [ -74.0108925, 40.7252251 ], [ -74.0109374, 40.7250605 ], [ -74.0110914, 40.7243573 ], [ -74.0111247, 40.724175 ], [ -74.0112181, 40.7236815 ], [ -74.0112468, 40.7235369 ], [ -74.0113503, 40.7230307 ], [ -74.0113876, 40.7228638 ], [ -74.0114877, 40.7223777 ], [ -74.0115166, 40.7222156 ], [ -74.011618, 40.7217051 ], [ -74.0116465, 40.7215251 ], [ -74.0117377, 40.7211607 ], [ -74.0117748, 40.720978 ], [ -74.0117888, 40.720909 ], [ -74.0118849, 40.7204168 ], [ -74.0119351, 40.7201889 ], [ -74.0121468, 40.7191417 ], [ -74.0122013, 40.718914 ], [ -74.0124729, 40.7177268 ], [ -74.0126164, 40.7171582 ], [ -74.0126573, 40.7169775 ], [ -74.0127784, 40.716449 ], [ -74.0128196, 40.7162765 ], [ -74.0130077, 40.7154582 ], [ -74.0130142, 40.71543 ], [ -74.0130453, 40.7152948 ], [ -74.0130956, 40.7150966 ], [ -74.0131257, 40.7149689 ], [ -74.0132579, 40.7144236 ], [ -74.0133005, 40.7142768 ], [ -74.0135334, 40.7137465 ], [ -74.0136116, 40.7135301 ], [ -74.0138249, 40.7129439 ], [ -74.0138226, 40.7129087 ], [ -74.0138455, 40.7127848 ], [ -74.0138604, 40.7127306 ], [ -74.0139143, 40.7125325 ], [ -74.0140178, 40.7121318 ], [ -74.0141172, 40.7116267 ], [ -74.014201, 40.7111436 ], [ -74.0142114, 40.7110839 ], [ -74.0142159, 40.7110296 ], [ -74.0142611, 40.7107984 ], [ -74.0142754, 40.7107566 ], [ -74.0143728, 40.7104706 ], [ -74.0143899, 40.7103061 ], [ -74.0145411, 40.7099094 ], [ -74.0145637, 40.7098502 ], [ -74.0146098, 40.7097189 ], [ -74.014718, 40.7094059 ], [ -74.0147433, 40.7093411 ], [ -74.0141377, 40.7090752 ], [ -74.0144307, 40.7083088 ] ] } },
{ "type": "Feature", "properties": { "id": "cooper-hewitt", "venue_name": "Cooper Hewitt, Smithsonian Design Museum", "network_distance_m": 3313.9 }, "geometry": { "type": "LineString", "coordinates": [ [ -73.9624493, 40.8077563 ], [ -73.9622458, 40.8076717 ], [ -73.962308, 40.8075899 ], [ -73.9623663, 40.8075087 ], [ -73.9619458, 40.8073263 ], [ -73.9619089, 40.8073103 ], [ -73.9611833, 40.8070001 ], [ -73.961105, 40.8069672 ], [ -73.9608576, 40.8068614 ], [ -73.9601562, 40.8065578 ], [ -73.9593977, 40.8062297 ], [ -73.9592012, 40.8061481 ], [ -73.9592594, 40.8060677 ], [ -73.9593132, 40.8059958 ], [ -73.9596957, 40.80544 ], [ -73.9599314, 40.8047473 ], [ -73.9599652, 40.8046485 ], [ -73.9599694, 40.8046373 ], [ -73.9601733, 40.8040429 ], [ -73.9602112, 40.8039324 ], [ -73.9602272, 40.8038858 ], [ -73.9603827, 40.8034337 ], [ -73.9604489, 40.8032367 ], [ -73.9606983, 40.8025198 ], [ -73.9609258, 40.8018493 ], [ -73.9609801, 40.8015988 ], [ -73.9610031, 40.8015644 ], [ -73.9598267, 40.8010925 ], [ -73.9596342, 40.8010061 ], [ -73.958682, 40.8006049 ], [ -73.9585248, 40.8003577 ], [ -73.9587155, 40.8000936 ], [ -73.9587957, 40.7999895 ], [ -73.9591714, 40.7994618 ], [ -73.9592486, 40.7993541 ], [ -73.9589813, 40.7992425 ], [ -73.9588131, 40.7991083 ], [ -73.9586636, 40.7987276 ], [ -73.9585288, 40.7987644 ], [ -73.9574403, 40.7981301 ], [ -73.9570392, 40.7972469 ], [ -73.9567982, 40.7965162 ], [ -73.9566562, 40.7965211 ], [ -73.9567177, 40.7960916 ], [ -73.9568913, 40.7956486 ], [ -73.9570595, 40.7952709 ], [ -73.9582615, 40.7945869 ], [ -73.9582608, 40.7945815 ], [ -73.9582437, 40.7945714 ], [ -73.958206, 40.7945134 ], [ -73.95819, 40.7944092 ], [ -73.9580788, 40.7943981 ], [ -73.9579753, 40.7943104 ], [ -73.9581394, 40.7939768 ], [ -73.9583485, 40.7933134 ], [ -73.958298, 40.7914359 ], [ -73.9584282, 40.7904399 ], [ -73.9576829, 40.7901197 ], [ -73.9575151, 40.7897571 ], [ -73.9574709, 40.7897499 ], [ -73.9573402, 40.789722 ], [ -73.9572465, 40.789693 ], [ -73.9572813, 40.7896083 ], [ -73.9566817, 40.788131 ], [ -73.9561153, 40.7878719 ], [ -73.9559729, 40.7878099 ], [ -73.9563443, 40.7873043 ], [ -73.9564117, 40.7872125 ], [ -73.9567898, 40.7866978 ], [ -73.95687, 40.7865886 ], [ -73.9572426, 40.7860813 ], [ -73.9573315, 40.7859603 ], [ -73.9577072, 40.7854487 ], [ -73.9577855, 40.7853421 ], [ -73.9575794, 40.7852543 ], [ -73.9579539, 40.7847394 ], [ -73.9579916, 40.7846929 ] ] } },
{ "type": "Feature", "properties": { "id": "frick", "venue_name": "The Frick Collection", "network_distance_m": 4897.4 }, "geometry": { "type": "LineString", "coordinates": [ [ -73.9624493, 40.8077563 ], [ -73.9622458, 40.8076717 ], [ -73.962308, 40.8075899 ], [ -73.9623663, 40.8075087 ], [ -73.9619458, 40.8073263 ], [ -73.9619089, 40.8073103 ], [ -73.9611833, 40.8070001 ], [ -73.961105, 40.8069672 ], [ -73.9608576, 40.8068614 ], [ -73.9601562, 40.8065578 ], [ -73.9593977, 40.8062297 ], [ -73.9592012, 40.8061481 ], [ -73.9592594, 40.8060677 ], [ -73.9593132, 40.8059958 ], [ -73.9596957, 40.80544 ], [ -73.9599314, 40.8047473 ], [ -73.9599652, 40.8046485 ], [ -73.9599694, 40.8046373 ], [ -73.9601733, 40.8040429 ], [ -73.9602112, 40.8039324 ], [ -73.9602272, 40.8038858 ], [ -73.9603827, 40.8034337 ], [ -73.9604489, 40.8032367 ], [ -73.9606983, 40.8025198 ], [ -73.9609258, 40.8018493 ], [ -73.9609801, 40.8015988 ], [ -73.9610031, 40.8015644 ], [ -73.9612874, 40.8011774 ], [ -73.9613599, 40.8010672 ], [ -73.9617374, 40.8005551 ], [ -73.9618228, 40.8004364 ], [ -73.9622009, 40.7999292 ], [ -73.9622883, 40.7998106 ], [ -73.9626715, 40.7992903 ], [ -73.9628123, 40.7990978 ], [ -73.9631856, 40.7985726 ], [ -73.9632683, 40.7984565 ], [ -73.9636427, 40.7979394 ], [ -73.9637593, 40.7977774 ], [ -73.9641536, 40.7972447 ], [ -73.9642123, 40.7971703 ], [ -73.9645277, 40.7967339 ], [ -73.9646489, 40.7965663 ], [ -73.964681, 40.7965299 ], [ -73.9650165, 40.7960635 ], [ -73.9650544, 40.796012 ], [ -73.9653519, 40.7956155 ], [ -73.965418, 40.7955224 ], [ -73.9654482, 40.795481 ], [ -73.9655441, 40.7953517 ], [ -73.9655657, 40.7953227 ], [ -73.9652147, 40.7951289 ], [ -73.9654931, 40.7946332 ], [ -73.96465, 40.7942331 ], [ -73.9644701, 40.7941566 ], [ -73.9642934, 40.7940815 ], [ -73.9642595, 40.7940671 ], [ -73.9643371, 40.7939575 ], [ -73.9644502, 40.7937978 ], [ -73.9645687, 40.7936306 ], [ -73.9646892, 40.7934605 ], [ -73.9639152, 40.7931355 ], [ -73.9638289, 40.7930835 ], [ -73.9638952, 40.7929932 ], [ -73.9640253, 40.7928158 ], [ -73.9642076, 40.7925518 ], [ -73.9640137, 40.7923693 ], [ -73.9641411, 40.7921917 ], [ -73.9643878, 40.791849 ], [ -73.9645129, 40.7916817 ], [ -73.9645552, 40.7916252 ], [ -73.964611, 40.7915537 ], [ -73.965018, 40.7909922 ], [ -73.9650919, 40.7908913 ], [ -73.9654757, 40.7903674 ], [ -73.9655499, 40.790266 ], [ -73.9659389, 40.7897351 ], [ -73.9660206, 40.7896235 ], [ -73.9660517, 40.7895806 ], [ -73.9663883, 40.7891147 ], [ -73.9664648, 40.7890089 ], [ -73.9667306, 40.7886408 ], [ -73.9668409, 40.7884882 ], [ -73.966921, 40.7883774 ], [ -73.9671114, 40.788114 ], [ -73.9667195, 40.7879741 ], [ -73.9667432, 40.7879478 ], [ -73.966759, 40.7879365 ], [ -73.9668785, 40.7878444 ], [ -73.9668688, 40.7877372 ], [ -73.9671253, 40.7847537 ], [ -73.9674064, 40.7842334 ], [ -73.9678511, 40.7837431 ], [ -73.9677536, 40.7836616 ], [ -73.9676596, 40.7835343 ], [ -73.9676375, 40.7832695 ], [ -73.9675956, 40.7830459 ], [ -73.967302, 40.7827903 ], [ -73.9672299, 40.7827737 ], [ -73.9671291, 40.7823244 ], [ -73.9679417, 40.7805326 ], [ -73.9677538, 40.7803068 ], [ -73.9671842, 40.7800392 ], [ -73.9666891, 40.7790865 ], [ -73.9667773, 40.7789735 ], [ -73.9668293, 40.7789124 ], [ -73.9667022, 40.7785573 ], [ -73.966577, 40.7781925 ], [ -73.9664994, 40.7780983 ], [ -73.9652618, 40.7774699 ], [ -73.9656234, 40.776744 ], [ -73.965731, 40.7762027 ], [ -73.9657557, 40.7761751 ], [ -73.9654957, 40.7757828 ], [ -73.965492, 40.775518 ], [ -73.9651692, 40.7752435 ], [ -73.9652287, 40.7751584 ], [ -73.9653086, 40.775044 ], [ -73.9656972, 40.7745122 ], [ -73.9657759, 40.7744045 ], [ -73.9661576, 40.7738822 ], [ -73.9662212, 40.7737952 ], [ -73.966021, 40.7736876 ], [ -73.9664021, 40.7731626 ], [ -73.9664899, 40.7730416 ], [ -73.9668684, 40.7725202 ], [ -73.9670015, 40.7723318 ], [ -73.9673943, 40.7717946 ], [ -73.9674763, 40.7716824 ], [ -73.9678537, 40.7711662 ] ] } },
{ "type": "Feature", "properties": { "id": "guggenheim", "venue_name": "Solomon R. Guggenheim Museum", "network_distance_m": 3489.7 }, "geometry": { "type": "LineString", "coordinates": [ [ -73.9624493, 40.8077563 ], [ -73.9622458, 40.8076717 ], [ -73.962308, 40.8075899 ], [ -73.9623663, 40.8075087 ], [ -73.9619458, 40.8073263 ], [ -73.9619089, 40.8073103 ], [ -73.9611833, 40.8070001 ], [ -73.961105, 40.8069672 ], [ -73.9608576, 40.8068614 ], [ -73.9601562, 40.8065578 ], [ -73.9593977, 40.8062297 ], [ -73.9592012, 40.8061481 ], [ -73.9592594, 40.8060677 ], [ -73.9593132, 40.8059958 ], [ -73.9596957, 40.80544 ], [ -73.9599314, 40.8047473 ], [ -73.9599652, 40.8046485 ], [ -73.9599694, 40.8046373 ], [ -73.9601733, 40.8040429 ], [ -73.9602112, 40.8039324 ], [ -73.9602272, 40.8038858 ], [ -73.9603827, 40.8034337 ], [ -73.9604489, 40.8032367 ], [ -73.9606983, 40.8025198 ], [ -73.9609258, 40.8018493 ], [ -73.9609801, 40.8015988 ], [ -73.9610031, 40.8015644 ], [ -73.9598267, 40.8010925 ], [ -73.9596342, 40.8010061 ], [ -73.958682, 40.8006049 ], [ -73.9585248, 40.8003577 ], [ -73.9587155, 40.8000936 ], [ -73.9587957, 40.7999895 ], [ -73.9591714, 40.7994618 ], [ -73.9592486, 40.7993541 ], [ -73.9589813, 40.7992425 ], [ -73.9588131, 40.7991083 ], [ -73.9586636, 40.7987276 ], [ -73.9585288, 40.7987644 ], [ -73.9574403, 40.7981301 ], [ -73.9570392, 40.7972469 ], [ -73.9567982, 40.7965162 ], [ -73.9566562, 40.7965211 ], [ -73.9567177, 40.7960916 ], [ -73.9568913, 40.7956486 ], [ -73.9570595, 40.7952709 ], [ -73.9582615, 40.7945869 ], [ -73.9582608, 40.7945815 ], [ -73.9582437, 40.7945714 ], [ -73.958206, 40.7945134 ], [ -73.95819, 40.7944092 ], [ -73.9580788, 40.7943981 ], [ -73.9579753, 40.7943104 ], [ -73.9581394, 40.7939768 ], [ -73.9583485, 40.7933134 ], [ -73.958298, 40.7914359 ], [ -73.9584282, 40.7904399 ], [ -73.9576829, 40.7901197 ], [ -73.9575151, 40.7897571 ], [ -73.9574709, 40.7897499 ], [ -73.9573402, 40.789722 ], [ -73.95702, 40.7876095 ], [ -73.9587975, 40.7843176 ], [ -73.9587244, 40.7842788 ], [ -73.9586029, 40.7842292 ], [ -73.9584147, 40.7841121 ], [ -73.9584972, 40.7839972 ], [ -73.9588636, 40.7834872 ], [ -73.9589528, 40.7833706 ], [ -73.9593181, 40.7828602 ] ] } },
{ "type": "Feature", "properties": { "id": "icp", "venue_name": "International Center of Photography", "network_distance_m": 11168.8 }, "geometry": { "type": "LineString", "coordinates": [ [ -73.9624493, 40.8077563 ], [ -73.9622458, 40.8076717 ], [ -73.962308, 40.8075899 ], [ -73.9623663, 40.8075087 ], [ -73.9619458, 40.8073263 ], [ -73.9619089, 40.8073103 ], [ -73.9620382, 40.8071255 ], [ -73.9620099, 40.8071136 ], [ -73.9621545, 40.8069096 ], [ -73.9624385, 40.8065193 ], [ -73.9625207, 40.8064016 ], [ -73.9626418, 40.8062358 ], [ -73.9628471, 40.805953 ], [ -73.9620882, 40.8056299 ], [ -73.9621737, 40.8055126 ], [ -73.9625482, 40.8049983 ], [ -73.9626409, 40.8048795 ], [ -73.9630936, 40.8042656 ], [ -73.9634667, 40.80374 ], [ -73.9635537, 40.8036311 ], [ -73.9639255, 40.8031424 ], [ -73.9640625, 40.8029504 ], [ -73.9643926, 40.8024893 ], [ -73.9644721, 40.8023795 ], [ -73.964856, 40.8018662 ], [ -73.9649387, 40.8017536 ], [ -73.9653097, 40.8012346 ], [ -73.9653931, 40.8011162 ], [ -73.9657733, 40.8005947 ], [ -73.9659141, 40.8003972 ], [ -73.966287, 40.7998789 ], [ -73.9663787, 40.7997672 ], [ -73.9667527, 40.799242 ], [ -73.9668359, 40.7991425 ], [ -73.9672117, 40.7986218 ], [ -73.96729, 40.7985042 ], [ -73.967679, 40.7979979 ], [ -73.9677629, 40.7978865 ], [ -73.9681163, 40.7973665 ], [ -73.9682069, 40.7972492 ], [ -73.9685867, 40.7967339 ], [ -73.9686622, 40.7966205 ], [ -73.969042, 40.7961008 ], [ -73.969125, 40.7959927 ], [ -73.9695048, 40.7954787 ], [ -73.969594, 40.7953611 ], [ -73.9699653, 40.7948519 ], [ -73.9700403, 40.7947386 ], [ -73.9704315, 40.7942037 ], [ -73.9705616, 40.794024 ], [ -73.9709494, 40.7934964 ], [ -73.9710286, 40.7933837 ], [ -73.9714131, 40.7928702 ], [ -73.9714944, 40.7927616 ], [ -73.9716199, 40.7925763 ], [ -73.9718626, 40.7922402 ], [ -73.9719473, 40.7921282 ], [ -73.9723204, 40.7916204 ], [ -73.9724103, 40.7915027 ], [ -73.9727842, 40.7909852 ], [ -73.9728677, 40.7908733 ], [ -73.9732394, 40.7903607 ], [ -73.973314, 40.7902478 ], [ -73.9736983, 40.7897344 ], [ -73.9737782, 40.7896226 ], [ -73.9741533, 40.7891095 ], [ -73.9742337, 40.7889951 ], [ -73.9746128, 40.7884786 ], [ -73.97469, 40.7883715 ], [ -73.9750816, 40.7878407 ], [ -73.9752205, 40.7876502 ], [ -73.975603, 40.7871218 ], [ -73.9756746, 40.787012 ], [ -73.9760631, 40.7864873 ], [ -73.9761458, 40.7863698 ], [ -73.9765267, 40.7858506 ], [ -73.9765681, 40.7857881 ], [ -73.9766029, 40.7857383 ], [ -73.9769877, 40.7852197 ], [ -73.9770304, 40.785161 ], [ -73.9770709, 40.785105 ], [ -73.977447, 40.7845831 ], [ -73.9775345, 40.7844686 ], [ -73.9779108, 40.7839488 ], [ -73.9779992, 40.7838365 ], [ -73.9783901, 40.7833036 ], [ -73.9785258, 40.7831124 ], [ -73.9789168, 40.7825832 ], [ -73.9790017, 40.7824699 ], [ -73.9793714, 40.7819463 ], [ -73.9794056, 40.781898 ], [ -73.9794532, 40.7818339 ], [ -73.9798407, 40.781306 ], [ -73.9799208, 40.7812009 ], [ -73.9802986, 40.7806762 ], [ -73.9803892, 40.780557 ], [ -73.9807618, 40.7800455 ], [ -73.9808456, 40.7799269 ], [ -73.9812175, 40.7794081 ], [ -73.9813069, 40.7792911 ], [ -73.9816881, 40.7787631 ], [ -73.9817596, 40.7786634 ], [ -73.981812, 40.7785902 ], [ -73.9817845, 40.7785505 ], [ -73.9815773, 40.7784584 ], [ -73.9818349, 40.7778802 ], [ -73.9818468, 40.777742 ], [ -73.9818826, 40.7770822 ], [ -73.9818841, 40.7769365 ], [ -73.9819165, 40.7762851 ], [ -73.9819176, 40.7762664 ], [ -73.9819173, 40.7761282 ], [ -73.9819468, 40.7754696 ], [ -73.9819608, 40.7753258 ], [ -73.9819794, 40.7746671 ], [ -73.9819823, 40.7745215 ], [ -73.9820065, 40.7738566 ], [ -73.9820135, 40.7737344 ], [ -73.981993, 40.7737163 ], [ -73.9819896, 40.7734575 ], [ -73.9819866, 40.7732494 ], [ -73.9820503, 40.7731655 ], [ -73.9820503, 40.7731292 ], [ -73.9818615, 40.7729873 ], [ -73.9819518, 40.7728715 ], [ -73.9819491, 40.7721874 ], [ -73.9819474, 40.7721183 ], [ -73.9819448, 40.7720397 ], [ -73.9819236, 40.7713846 ], [ -73.981929, 40.7712202 ], [ -73.9819171, 40.7708174 ], [ -73.9819139, 40.7705431 ], [ -73.9819123, 40.7704013 ], [ -73.9819057, 40.7697277 ], [ -73.9819079, 40.7695897 ], [ -73.9818838, 40.769571 ], [ -73.9818767, 40.76931 ], [ -73.9818749, 40.7692434 ], [ -73.9818663, 40.768937 ], [ -73.9818624, 40.7688235 ], [ -73.98186, 40.768741 ], [ -73.9818395, 40.7686818 ], [ -73.9816771, 40.7686147 ], [ -73.9814145, 40.7685126 ], [ -73.981396, 40.76846 ], [ -73.9812384, 40.7683147 ], [ -73.9811613, 40.7680944 ], [ -73.9811647, 40.7679835 ], [ -73.9811726, 40.7679061 ], [ -73.9812384, 40.767796 ], [ -73.9813151, 40.7677084 ], [ -73.9814454, 40.7676229 ], [ -73.9814851, 40.7676087 ], [ -73.9815737, 40.7671287 ], [ -73.9816028, 40.7669942 ], [ -73.9817068, 40.7663647 ], [ -73.981746, 40.7661339 ], [ -73.9818635, 40.7655066 ], [ -73.9818412, 40.7654811 ], [ -73.9818818, 40.7653543 ], [ -73.9820803, 40.7647814 ], [ -73.9821017, 40.7647682 ], [ -73.9821549, 40.7646463 ], [ -73.9823239, 40.7640558 ], [ -73.9823896, 40.7639353 ], [ -73.9826816, 40.7634018 ], [ -73.9827657, 40.7632677 ], [ -73.9830595, 40.7627197 ], [ -73.9831198, 40.7626084 ], [ -73.9834703, 40.7620876 ], [ -73.9835556, 40.7619504 ], [ -73.9838912, 40.7614413 ], [ -73.9839741, 40.7613198 ], [ -73.9843296, 40.7608042 ], [ -73.9843957, 40.7606875 ], [ -73.984659, 40.7601349 ], [ -73.9847213, 40.759996 ], [ -73.9849355, 40.7594259 ], [ -73.9850107, 40.7593107 ], [ -73.9852116, 40.7587369 ], [ -73.9851336, 40.7587105 ], [ -73.9852358, 40.75857 ], [ -73.98502, 40.7584759 ], [ -73.9853784, 40.7579892 ], [ -73.9853912, 40.7579709 ], [ -73.9854508, 40.7578467 ], [ -73.9856974, 40.7572859 ], [ -73.9857588, 40.7571582 ], [ -73.9860083, 40.7565982 ], [ -73.9860547, 40.7564733 ], [ -73.9862501, 40.7558631 ], [ -73.986319, 40.7556909 ], [ -73.9862828, 40.7556536 ], [ -73.986313, 40.7555562 ], [ -73.9865006, 40.7550523 ], [ -73.9865235, 40.7549131 ], [ -73.9867158, 40.7543332 ], [ -73.9867334, 40.754201 ], [ -73.9867385, 40.754186 ], [ -73.9869323, 40.7536257 ], [ -73.9869792, 40.7534735 ], [ -73.9871603, 40.7529129 ], [ -73.9871879, 40.7529104 ], [ -73.9871841, 40.7527615 ], [ -73.9873353, 40.7521736 ], [ -73.9873672, 40.7520319 ], [ -73.9874944, 40.7514391 ], [ -73.9875185, 40.7512848 ], [ -73.9876484, 40.7506866 ], [ -73.9876766, 40.7505574 ], [ -73.9876633, 40.7504894 ], [ -73.9877344, 40.7501089 ], [ -73.987759, 40.7500563 ], [ -73.987799, 40.7499249 ], [ -73.9878518, 40.7498458 ], [ -73.9879084, 40.7497612 ], [ -73.9877082, 40.7496755 ], [ -73.9879301, 40.7490652 ], [ -73.9879439, 40.7489203 ], [ -73.9880645, 40.7483164 ], [ -73.9880974, 40.7481921 ], [ -73.9881887, 40.7475752 ], [ -73.9882192, 40.7474358 ], [ -73.9883384, 40.746814 ], [ -73.9883656, 40.7466722 ], [ -73.9884809, 40.7460609 ], [ -73.9885068, 40.7459236 ], [ -73.9886208, 40.745319 ], [ -73.9886357, 40.7452414 ], [ -73.9886468, 40.7451833 ], [ -73.9887652, 40.7445665 ], [ -73.9887777, 40.7444898 ], [ -73.9887918, 40.7444277 ], [ -73.9889006, 40.7438224 ], [ -73.9889108, 40.743766 ], [ -73.9889251, 40.7436864 ], [ -73.9890368, 40.743065 ], [ -73.9890868, 40.7429306 ], [ -73.989017, 40.7424876 ], [ -73.9891418, 40.7423164 ], [ -73.9892309, 40.7421993 ], [ -73.9890566, 40.7421245 ], [ -73.9892409, 40.7418751 ], [ -73.989431, 40.7416198 ], [ -73.9895346, 40.7414019 ], [ -73.9894677, 40.7413738 ], [ -73.989555, 40.7407289 ], [ -73.989573, 40.7406039 ], [ -73.9896635, 40.7399676 ], [ -73.9897049, 40.739846 ], [ -73.9898462, 40.7392862 ], [ -73.9898804, 40.7391584 ], [ -73.9900338, 40.7386005 ], [ -73.9900693, 40.7384732 ], [ -73.9902084, 40.7379088 ], [ -73.9902414, 40.7377781 ], [ -73.9903832, 40.7372206 ], [ -73.9904525, 40.7370987 ], [ -73.9903049, 40.7369875 ], [ -73.9897263, 40.7367014 ], [ -73.9897775, 40.7366335 ], [ -73.9896054, 40.7363756 ], [ -73.9894414, 40.7363093 ], [ -73.9894904, 40.7362384 ], [ -73.9895691, 40.7361244 ], [ -73.9896147, 40.73606 ], [ -73.9896619, 40.7359905 ], [ -73.9900216, 40.7354582 ], [ -73.9900578, 40.7354089 ], [ -73.9901004, 40.7353507 ], [ -73.9899569, 40.7352891 ], [ -73.9900302, 40.7351862 ], [ -73.9900525, 40.7349889 ], [ -73.9900399, 40.7348582 ], [ -73.990026, 40.7345931 ], [ -73.9900069, 40.7343726 ], [ -73.9899745, 40.7336452 ], [ -73.9899987, 40.7335096 ], [ -73.9901584, 40.7328832 ], [ -73.9901876, 40.7327485 ], [ -73.9903577, 40.7320671 ], [ -73.9903909, 40.731928 ], [ -73.9905197, 40.7314165 ], [ -73.9905576, 40.7312892 ], [ -73.9906881, 40.7307247 ], [ -73.9907754, 40.7306173 ], [ -73.9907852, 40.7306042 ], [ -73.9905845, 40.7305196 ], [ -73.9907912, 40.7299999 ], [ -73.9908501, 40.7298289 ], [ -73.9908816, 40.7297265 ], [ -73.9910278, 40.7292518 ], [ -73.991198, 40.728498 ], [ -73.9913614, 40.7278215 ], [ -73.9914142, 40.7277444 ], [ -73.9911399, 40.7276268 ], [ -73.9913785, 40.727083 ], [ -73.9914254, 40.7269587 ], [ -73.9916066, 40.7264025 ], [ -73.9916602, 40.7262623 ], [ -73.9918849, 40.7256495 ], [ -73.9919239, 40.725527 ], [ -73.9920206, 40.7252643 ], [ -73.9920684, 40.7251346 ], [ -73.9921498, 40.7249136 ], [ -73.9921917, 40.7247778 ], [ -73.9909863, 40.7242712 ], [ -73.9907304, 40.7241694 ], [ -73.9903789, 40.7240241 ], [ -73.9893061, 40.723571 ], [ -73.9886004, 40.7232679 ], [ -73.9883859, 40.7231715 ], [ -73.9884174, 40.7230224 ], [ -73.9884921, 40.722731 ], [ -73.9889015, 40.7216383 ], [ -73.9889487, 40.7215378 ], [ -73.9894857, 40.7204911 ], [ -73.9891505, 40.7203813 ], [ -73.9890264, 40.7203402 ], [ -73.9883949, 40.7201542 ], [ -73.9882728, 40.7201126 ], [ -73.9883209, 40.7200163 ], [ -73.9888643, 40.7189495 ], [ -73.9890359, 40.7186183 ], [ -73.9893797, 40.7179333 ] ] } },
{ "type": "Feature", "properties": { "id": "japan-society", "venue_name": "Japan Society Gallery", "network_distance_m": 7647.9 }, "geometry": { "type": "LineString", "coordinates": [ [ -73.9624493, 40.8077563 ], [ -73.9622458, 40.8076717 ], [ -73.962308, 40.8075899 ], [ -73.9623663, 40.8075087 ], [ -73.9619458, 40.8073263 ], [ -73.9619089, 40.8073103 ], [ -73.9620382, 40.8071255 ], [ -73.9620099, 40.8071136 ], [ -73.9621545, 40.8069096 ], [ -73.9624385, 40.8065193 ], [ -73.9625207, 40.8064016 ], [ -73.9626418, 40.8062358 ], [ -73.9628471, 40.805953 ], [ -73.9620882, 40.8056299 ], [ -73.9621737, 40.8055126 ], [ -73.9625482, 40.8049983 ], [ -73.9626409, 40.8048795 ], [ -73.9630936, 40.8042656 ], [ -73.9634667, 40.80374 ], [ -73.9635537, 40.8036311 ], [ -73.9639255, 40.8031424 ], [ -73.9640625, 40.8029504 ], [ -73.9643926, 40.8024893 ], [ -73.9644721, 40.8023795 ], [ -73.964856, 40.8018662 ], [ -73.9649387, 40.8017536 ], [ -73.9653097, 40.8012346 ], [ -73.9653931, 40.8011162 ], [ -73.9657733, 40.8005947 ], [ -73.9659141, 40.8003972 ], [ -73.966287, 40.7998789 ], [ -73.9663787, 40.7997672 ], [ -73.9667527, 40.799242 ], [ -73.9668359, 40.7991425 ], [ -73.9672117, 40.7986218 ], [ -73.96729, 40.7985042 ], [ -73.967679, 40.7979979 ], [ -73.9677629, 40.7978865 ], [ -73.9681163, 40.7973665 ], [ -73.9682069, 40.7972492 ], [ -73.9685867, 40.7967339 ], [ -73.9686622, 40.7966205 ], [ -73.969042, 40.7961008 ], [ -73.969125, 40.7959927 ], [ -73.9695048, 40.7954787 ], [ -73.969594, 40.7953611 ], [ -73.9699653, 40.7948519 ], [ -73.9700403, 40.7947386 ], [ -73.9704315, 40.7942037 ], [ -73.9705616, 40.794024 ], [ -73.9709494, 40.7934964 ], [ -73.9710286, 40.7933837 ], [ -73.9714131, 40.7928702 ], [ -73.9714944, 40.7927616 ], [ -73.9716199, 40.7925763 ], [ -73.9718626, 40.7922402 ], [ -73.9719473, 40.7921282 ], [ -73.9723204, 40.7916204 ], [ -73.9724103, 40.7915027 ], [ -73.9727842, 40.7909852 ], [ -73.9728677, 40.7908733 ], [ -73.9732394, 40.7903607 ], [ -73.973314, 40.7902478 ], [ -73.9736983, 40.7897344 ], [ -73.9737782, 40.7896226 ], [ -73.9741533, 40.7891095 ], [ -73.9742337, 40.7889951 ], [ -73.9746128, 40.7884786 ], [ -73.97469, 40.7883715 ], [ -73.9750816, 40.7878407 ], [ -73.9752205, 40.7876502 ], [ -73.975603, 40.7871218 ], [ -73.9756746, 40.787012 ], [ -73.9760631, 40.7864873 ], [ -73.9761458, 40.7863698 ], [ -73.9765267, 40.7858506 ], [ -73.9765681, 40.7857881 ], [ -73.9766029, 40.7857383 ], [ -73.9769877, 40.7852197 ], [ -73.9770304, 40.785161 ], [ -73.9770709, 40.785105 ], [ -73.977447, 40.7845831 ], [ -73.9775345, 40.7844686 ], [ -73.9779108, 40.7839488 ], [ -73.9779992, 40.7838365 ], [ -73.9783901, 40.7833036 ], [ -73.9785258, 40.7831124 ], [ -73.9789168, 40.7825832 ], [ -73.9790017, 40.7824699 ], [ -73.9793714, 40.7819463 ], [ -73.9794056, 40.781898 ], [ -73.9794532, 40.7818339 ], [ -73.9798407, 40.781306 ], [ -73.9799208, 40.7812009 ], [ -73.9802986, 40.7806762 ], [ -73.9803892, 40.780557 ], [ -73.9807618, 40.7800455 ], [ -73.9808456, 40.7799269 ], [ -73.9812175, 40.7794081 ], [ -73.9813069, 40.7792911 ], [ -73.9816881, 40.7787631 ], [ -73.9817596, 40.7786634 ], [ -73.981812, 40.7785902 ], [ -73.9817845, 40.7785505 ], [ -73.9815773, 40.7784584 ], [ -73.9818349, 40.7778802 ], [ -73.9818468, 40.777742 ], [ -73.9818826, 40.7770822 ], [ -73.9818841, 40.7769365 ], [ -73.9819165, 40.7762851 ], [ -73.9819176, 40.7762664 ], [ -73.9819173, 40.7761282 ], [ -73.9819468, 40.7754696 ], [ -73.9819608, 40.7753258 ], [ -73.9819794, 40.7746671 ], [ -73.9819823, 40.7745215 ], [ -73.9820065, 40.7738566 ], [ -73.9820135, 40.7737344 ], [ -73.981993, 40.7737163 ], [ -73.9819896, 40.7734575 ], [ -73.9819866, 40.7732494 ], [ -73.9820503, 40.7731655 ], [ -73.9820503, 40.7731292 ], [ -73.9818615, 40.7729873 ], [ -73.9819518, 40.7728715 ], [ -73.9819491, 40.7721874 ], [ -73.9819474, 40.7721183 ], [ -73.9819448, 40.7720397 ], [ -73.9819236, 40.7713846 ], [ -73.981929, 40.7712202 ], [ -73.9819171, 40.7708174 ], [ -73.9819139, 40.7705431 ], [ -73.9819123, 40.7704013 ], [ -73.9819057, 40.7697277 ], [ -73.9819079, 40.7695897 ], [ -73.9818838, 40.769571 ], [ -73.9818767, 40.76931 ], [ -73.9818749, 40.7692434 ], [ -73.9818663, 40.768937 ], [ -73.9818624, 40.7688235 ], [ -73.98186, 40.768741 ], [ -73.9818395, 40.7686818 ], [ -73.9816771, 40.7686147 ], [ -73.9814145, 40.7685126 ], [ -73.981396, 40.76846 ], [ -73.9812384, 40.7683147 ], [ -73.9811613, 40.7680944 ], [ -73.9811647, 40.7679835 ], [ -73.9811726, 40.7679061 ], [ -73.9812384, 40.767796 ], [ -73.9813151, 40.7677084 ], [ -73.9814454, 40.7676229 ], [ -73.9814851, 40.7676087 ], [ -73.9815737, 40.7671287 ], [ -73.9816028, 40.7669942 ], [ -73.9817068, 40.7663647 ], [ -73.981746, 40.7661339 ], [ -73.9818635, 40.7655066 ], [ -73.9818412, 40.7654811 ], [ -73.9818818, 40.7653543 ], [ -73.9820803, 40.7647814 ], [ -73.9821017, 40.7647682 ], [ -73.9821549, 40.7646463 ], [ -73.9823239, 40.7640558 ], [ -73.9823896, 40.7639353 ], [ -73.9826816, 40.7634018 ], [ -73.9827657, 40.7632677 ], [ -73.9830595, 40.7627197 ], [ -73.9831198, 40.7626084 ], [ -73.9834703, 40.7620876 ], [ -73.9835556, 40.7619504 ], [ -73.9838912, 40.7614413 ], [ -73.9839741, 40.7613198 ], [ -73.9843296, 40.7608042 ], [ -73.9843957, 40.7606875 ], [ -73.984659, 40.7601349 ], [ -73.9847213, 40.759996 ], [ -73.9849355, 40.7594259 ], [ -73.9847178, 40.7593284 ], [ -73.9844736, 40.7592223 ], [ -73.9829746, 40.7585938 ], [ -73.9818909, 40.7581394 ], [ -73.9816164, 40.7580213 ], [ -73.9786427, 40.7567657 ], [ -73.9784113, 40.7566699 ], [ -73.9770343, 40.756076 ], [ -73.9768263, 40.7559927 ], [ -73.9761152, 40.7557035 ], [ -73.9755305, 40.7554534 ], [ -73.9755051, 40.7554423 ], [ -73.9751088, 40.7552746 ], [ -73.9740889, 40.754844 ], [ -73.9737951, 40.7547225 ], [ -73.9735889, 40.7546377 ], [ -73.9722342, 40.7540695 ], [ -73.9719548, 40.7539511 ], [ -73.9708056, 40.753463 ], [ -73.9699866, 40.7531201 ], [ -73.969714, 40.7529989 ], [ -73.9681238, 40.7523137 ], [ -73.9681571, 40.7522627 ] ] } },
{ "type": "Feature", "properties": { "id": "jewish-museum", "venue_name": "The Jewish Museum", "network_distance_m": 3229.0 }, "geometry": { "type": "LineString", "coordinates": [ [ -73.9624493, 40.8077563 ], [ -73.9622458, 40.8076717 ], [ -73.962308, 40.8075899 ], [ -73.9623663, 40.8075087 ], [ -73.9619458, 40.8073263 ], [ -73.9619089, 40.8073103 ], [ -73.9611833, 40.8070001 ], [ -73.961105, 40.8069672 ], [ -73.9608576, 40.8068614 ], [ -73.9601562, 40.8065578 ], [ -73.9593977, 40.8062297 ], [ -73.9592012, 40.8061481 ], [ -73.9592594, 40.8060677 ], [ -73.9593132, 40.8059958 ], [ -73.9596957, 40.80544 ], [ -73.9599314, 40.8047473 ], [ -73.9599652, 40.8046485 ], [ -73.9599694, 40.8046373 ], [ -73.9601733, 40.8040429 ], [ -73.9602112, 40.8039324 ], [ -73.9602272, 40.8038858 ], [ -73.9603827, 40.8034337 ], [ -73.9604489, 40.8032367 ], [ -73.9606983, 40.8025198 ], [ -73.9609258, 40.8018493 ], [ -73.9609801, 40.8015988 ], [ -73.9610031, 40.8015644 ], [ -73.9598267, 40.8010925 ], [ -73.9596342, 40.8010061 ], [ -73.958682, 40.8006049 ], [ -73.9585248, 40.8003577 ], [ -73.9587155, 40.8000936 ], [ -73.9587957, 40.7999895 ], [ -73.9591714, 40.7994618 ], [ -73.9592486, 40.7993541 ], [ -73.9589813, 40.7992425 ], [ -73.9588131, 40.7991083 ], [ -73.9586636, 40.7987276 ], [ -73.9585288, 40.7987644 ], [ -73.9574403, 40.7981301 ], [ -73.9570392, 40.7972469 ], [ -73.9567982, 40.7965162 ], [ -73.9566562, 40.7965211 ], [ -73.9567177, 40.7960916 ], [ -73.9568913, 40.7956486 ], [ -73.9570595, 40.7952709 ], [ -73.9582615, 40.7945869 ], [ -73.9582608, 40.7945815 ], [ -73.9582437, 40.7945714 ], [ -73.958206, 40.7945134 ], [ -73.95819, 40.7944092 ], [ -73.9580788, 40.7943981 ], [ -73.9579753, 40.7943104 ], [ -73.9581394, 40.7939768 ], [ -73.9583485, 40.7933134 ], [ -73.958298, 40.7914359 ], [ -73.9584282, 40.7904399 ], [ -73.9576829, 40.7901197 ], [ -73.9575151, 40.7897571 ], [ -73.9574709, 40.7897499 ], [ -73.9573402, 40.789722 ], [ -73.9572465, 40.789693 ], [ -73.9572813, 40.7896083 ], [ -73.9566817, 40.788131 ], [ -73.9561153, 40.7878719 ], [ -73.9559729, 40.7878099 ], [ -73.9563443, 40.7873043 ], [ -73.9564117, 40.7872125 ], [ -73.9567898, 40.7866978 ], [ -73.95687, 40.7865886 ], [ -73.9572426, 40.7860813 ], [ -73.9573315, 40.7859603 ], [ -73.9577072, 40.7854487 ], [ -73.9575004, 40.7853607 ] ] } },
{ "type": "Feature", "properties": { "id": "morgan", "venue_name": "The Morgan Library & Museum", "network_distance_m": 7461.7 }, "geometry": { "type": "LineString", "coordinates": [ [ -73.9624493, 40.8077563 ], [ -73.9622458, 40.8076717 ], [ -73.962308, 40.8075899 ], [ -73.9623663, 40.8075087 ], [ -73.9619458, 40.8073263 ], [ -73.9619089, 40.8073103 ], [ -73.9620382, 40.8071255 ], [ -73.9620099, 40.8071136 ], [ -73.9621545, 40.8069096 ], [ -73.9624385, 40.8065193 ], [ -73.9625207, 40.8064016 ], [ -73.9626418, 40.8062358 ], [ -73.9628471, 40.805953 ], [ -73.9620882, 40.8056299 ], [ -73.9621737, 40.8055126 ], [ -73.9625482, 40.8049983 ], [ -73.9626409, 40.8048795 ], [ -73.9630936, 40.8042656 ], [ -73.9634667, 40.80374 ], [ -73.9635537, 40.8036311 ], [ -73.9639255, 40.8031424 ], [ -73.9640625, 40.8029504 ], [ -73.9643926, 40.8024893 ], [ -73.9644721, 40.8023795 ], [ -73.964856, 40.8018662 ], [ -73.9649387, 40.8017536 ], [ -73.9653097, 40.8012346 ], [ -73.9653931, 40.8011162 ], [ -73.9657733, 40.8005947 ], [ -73.9659141, 40.8003972 ], [ -73.966287, 40.7998789 ], [ -73.9663787, 40.7997672 ], [ -73.9667527, 40.799242 ], [ -73.9668359, 40.7991425 ], [ -73.9672117, 40.7986218 ], [ -73.96729, 40.7985042 ], [ -73.967679, 40.7979979 ], [ -73.9677629, 40.7978865 ], [ -73.9681163, 40.7973665 ], [ -73.9682069, 40.7972492 ], [ -73.9685867, 40.7967339 ], [ -73.9686622, 40.7966205 ], [ -73.969042, 40.7961008 ], [ -73.969125, 40.7959927 ], [ -73.9695048, 40.7954787 ], [ -73.969594, 40.7953611 ], [ -73.9699653, 40.7948519 ], [ -73.9700403, 40.7947386 ], [ -73.9704315, 40.7942037 ], [ -73.9705616, 40.794024 ], [ -73.9709494, 40.7934964 ], [ -73.9710286, 40.7933837 ], [ -73.9714131, 40.7928702 ], [ -73.9714944, 40.7927616 ], [ -73.9716199, 40.7925763 ], [ -73.9718626, 40.7922402 ], [ -73.9719473, 40.7921282 ], [ -73.9723204, 40.7916204 ], [ -73.9724103, 40.7915027 ], [ -73.9727842, 40.7909852 ], [ -73.9728677, 40.7908733 ], [ -73.9732394, 40.7903607 ], [ -73.973314, 40.7902478 ], [ -73.9736983, 40.7897344 ], [ -73.9737782, 40.7896226 ], [ -73.9741533, 40.7891095 ], [ -73.9742337, 40.7889951 ], [ -73.9746128, 40.7884786 ], [ -73.97469, 40.7883715 ], [ -73.9750816, 40.7878407 ], [ -73.9752205, 40.7876502 ], [ -73.975603, 40.7871218 ], [ -73.9756746, 40.787012 ], [ -73.9760631, 40.7864873 ], [ -73.9761458, 40.7863698 ], [ -73.9765267, 40.7858506 ], [ -73.9765681, 40.7857881 ], [ -73.9766029, 40.7857383 ], [ -73.9769877, 40.7852197 ], [ -73.9770304, 40.785161 ], [ -73.9770709, 40.785105 ], [ -73.977447, 40.7845831 ], [ -73.9775345, 40.7844686 ], [ -73.9779108, 40.7839488 ], [ -73.9779992, 40.7838365 ], [ -73.9783901, 40.7833036 ], [ -73.9785258, 40.7831124 ], [ -73.9789168, 40.7825832 ], [ -73.9790017, 40.7824699 ], [ -73.9793714, 40.7819463 ], [ -73.9794056, 40.781898 ], [ -73.9794532, 40.7818339 ], [ -73.9798407, 40.781306 ], [ -73.9799208, 40.7812009 ], [ -73.9802986, 40.7806762 ], [ -73.9803892, 40.780557 ], [ -73.9807618, 40.7800455 ], [ -73.9808456, 40.7799269 ], [ -73.9812175, 40.7794081 ], [ -73.9813069, 40.7792911 ], [ -73.9816881, 40.7787631 ], [ -73.9817596, 40.7786634 ], [ -73.981812, 40.7785902 ], [ -73.9817845, 40.7785505 ], [ -73.9815773, 40.7784584 ], [ -73.9818349, 40.7778802 ], [ -73.9818468, 40.777742 ], [ -73.9818826, 40.7770822 ], [ -73.9818841, 40.7769365 ], [ -73.9819165, 40.7762851 ], [ -73.9819176, 40.7762664 ], [ -73.9819173, 40.7761282 ], [ -73.9819468, 40.7754696 ], [ -73.9819608, 40.7753258 ], [ -73.9819794, 40.7746671 ], [ -73.9819823, 40.7745215 ], [ -73.9820065, 40.7738566 ], [ -73.9820135, 40.7737344 ], [ -73.981993, 40.7737163 ], [ -73.9819896, 40.7734575 ], [ -73.9819866, 40.7732494 ], [ -73.9820503, 40.7731655 ], [ -73.9820503, 40.7731292 ], [ -73.9818615, 40.7729873 ], [ -73.9819518, 40.7728715 ], [ -73.9819491, 40.7721874 ], [ -73.9819474, 40.7721183 ], [ -73.9819448, 40.7720397 ], [ -73.9819236, 40.7713846 ], [ -73.981929, 40.7712202 ], [ -73.9819171, 40.7708174 ], [ -73.9819139, 40.7705431 ], [ -73.9819123, 40.7704013 ], [ -73.9819057, 40.7697277 ], [ -73.9819079, 40.7695897 ], [ -73.9818838, 40.769571 ], [ -73.9818767, 40.76931 ], [ -73.9818749, 40.7692434 ], [ -73.9818663, 40.768937 ], [ -73.9818624, 40.7688235 ], [ -73.98186, 40.768741 ], [ -73.9818395, 40.7686818 ], [ -73.9816771, 40.7686147 ], [ -73.9814145, 40.7685126 ], [ -73.981396, 40.76846 ], [ -73.9812384, 40.7683147 ], [ -73.9811613, 40.7680944 ], [ -73.9811647, 40.7679835 ], [ -73.9811726, 40.7679061 ], [ -73.9812384, 40.767796 ], [ -73.9813151, 40.7677084 ], [ -73.9814454, 40.7676229 ], [ -73.9814851, 40.7676087 ], [ -73.9815737, 40.7671287 ], [ -73.9816028, 40.7669942 ], [ -73.9817068, 40.7663647 ], [ -73.981746, 40.7661339 ], [ -73.9818635, 40.7655066 ], [ -73.9818412, 40.7654811 ], [ -73.9818818, 40.7653543 ], [ -73.9820803, 40.7647814 ], [ -73.9821017, 40.7647682 ], [ -73.9821549, 40.7646463 ], [ -73.9823239, 40.7640558 ], [ -73.9823896, 40.7639353 ], [ -73.9826816, 40.7634018 ], [ -73.9827657, 40.7632677 ], [ -73.9830595, 40.7627197 ], [ -73.9831198, 40.7626084 ], [ -73.9834703, 40.7620876 ], [ -73.9835556, 40.7619504 ], [ -73.9838912, 40.7614413 ], [ -73.9839741, 40.7613198 ], [ -73.9843296, 40.7608042 ], [ -73.9843957, 40.7606875 ], [ -73.984659, 40.7601349 ], [ -73.9847213, 40.759996 ], [ -73.9849355, 40.7594259 ], [ -73.9850107, 40.7593107 ], [ -73.9852116, 40.7587369 ], [ -73.9851336, 40.7587105 ], [ -73.9852358, 40.75857 ], [ -73.98502, 40.7584759 ], [ -73.9853784, 40.7579892 ], [ -73.9853912, 40.7579709 ], [ -73.9854508, 40.7578467 ], [ -73.9856974, 40.7572859 ], [ -73.9857588, 40.7571582 ], [ -73.9860083, 40.7565982 ], [ -73.9860547, 40.7564733 ], [ -73.9862501, 40.7558631 ], [ -73.986319, 40.7556909 ], [ -73.9862828, 40.7556536 ], [ -73.986313, 40.7555562 ], [ -73.9865006, 40.7550523 ], [ -73.9865235, 40.7549131 ], [ -73.9867158, 40.7543332 ], [ -73.9867334, 40.754201 ], [ -73.9867385, 40.754186 ], [ -73.9869323, 40.7536257 ], [ -73.9869792, 40.7534735 ], [ -73.9871603, 40.7529129 ], [ -73.9871879, 40.7529104 ], [ -73.9871841, 40.7527615 ], [ -73.9873353, 40.7521736 ], [ -73.9873672, 40.7520319 ], [ -73.9865766, 40.7517057 ], [ -73.9863046, 40.7515928 ], [ -73.9833546, 40.7503237 ], [ -73.9831134, 40.7502229 ], [ -73.9817176, 40.7496508 ], [ -73.9815224, 40.7495747 ] ] } },
{ "type": "Feature", "properties": { "id": "mjh", "venue_name": "Museum of Jewish Heritage", "network_distance_m": 12711.0 }, "geometry": { "type": "LineString", "coordinates": [ [ -73.9624493, 40.8077563 ], [ -73.9622458, 40.8076717 ], [ -73.962308, 40.8075899 ], [ -73.9623663, 40.8075087 ], [ -73.9619458, 40.8073263 ], [ -73.9619089, 40.8073103 ], [ -73.9620382, 40.8071255 ], [ -73.9620099, 40.8071136 ], [ -73.9621545, 40.8069096 ], [ -73.9624385, 40.8065193 ], [ -73.9625207, 40.8064016 ], [ -73.9626418, 40.8062358 ], [ -73.9628471, 40.805953 ], [ -73.9620882, 40.8056299 ], [ -73.9621737, 40.8055126 ], [ -73.9625482, 40.8049983 ], [ -73.9626409, 40.8048795 ], [ -73.9630936, 40.8042656 ], [ -73.9634667, 40.80374 ], [ -73.9635537, 40.8036311 ], [ -73.9639255, 40.8031424 ], [ -73.9640625, 40.8029504 ], [ -73.9643926, 40.8024893 ], [ -73.9644721, 40.8023795 ], [ -73.964856, 40.8018662 ], [ -73.9649387, 40.8017536 ], [ -73.9653097, 40.8012346 ], [ -73.9653931, 40.8011162 ], [ -73.9657733, 40.8005947 ], [ -73.9659141, 40.8003972 ], [ -73.966287, 40.7998789 ], [ -73.9663787, 40.7997672 ], [ -73.9667527, 40.799242 ], [ -73.9668359, 40.7991425 ], [ -73.9672117, 40.7986218 ], [ -73.96729, 40.7985042 ], [ -73.967679, 40.7979979 ], [ -73.9677629, 40.7978865 ], [ -73.9681163, 40.7973665 ], [ -73.9682069, 40.7972492 ], [ -73.9685867, 40.7967339 ], [ -73.9686622, 40.7966205 ], [ -73.969042, 40.7961008 ], [ -73.969125, 40.7959927 ], [ -73.9695048, 40.7954787 ], [ -73.969594, 40.7953611 ], [ -73.9699653, 40.7948519 ], [ -73.9700403, 40.7947386 ], [ -73.9704315, 40.7942037 ], [ -73.9705616, 40.794024 ], [ -73.9709494, 40.7934964 ], [ -73.9710286, 40.7933837 ], [ -73.9714131, 40.7928702 ], [ -73.9714944, 40.7927616 ], [ -73.9716199, 40.7925763 ], [ -73.9718626, 40.7922402 ], [ -73.9719473, 40.7921282 ], [ -73.9723204, 40.7916204 ], [ -73.9724103, 40.7915027 ], [ -73.9727842, 40.7909852 ], [ -73.9728677, 40.7908733 ], [ -73.9732394, 40.7903607 ], [ -73.973314, 40.7902478 ], [ -73.9736983, 40.7897344 ], [ -73.9737782, 40.7896226 ], [ -73.9741533, 40.7891095 ], [ -73.9742337, 40.7889951 ], [ -73.9746128, 40.7884786 ], [ -73.97469, 40.7883715 ], [ -73.9750816, 40.7878407 ], [ -73.9752205, 40.7876502 ], [ -73.975603, 40.7871218 ], [ -73.9756746, 40.787012 ], [ -73.9760631, 40.7864873 ], [ -73.9761458, 40.7863698 ], [ -73.9765267, 40.7858506 ], [ -73.9765681, 40.7857881 ], [ -73.9766029, 40.7857383 ], [ -73.9769877, 40.7852197 ], [ -73.9770304, 40.785161 ], [ -73.9770709, 40.785105 ], [ -73.977447, 40.7845831 ], [ -73.9775345, 40.7844686 ], [ -73.9779108, 40.7839488 ], [ -73.9779992, 40.7838365 ], [ -73.9783901, 40.7833036 ], [ -73.9785258, 40.7831124 ], [ -73.9789168, 40.7825832 ], [ -73.9790017, 40.7824699 ], [ -73.9793714, 40.7819463 ], [ -73.9794056, 40.781898 ], [ -73.9794532, 40.7818339 ], [ -73.9798407, 40.781306 ], [ -73.9799208, 40.7812009 ], [ -73.9802986, 40.7806762 ], [ -73.9803892, 40.780557 ], [ -73.9807618, 40.7800455 ], [ -73.9808456, 40.7799269 ], [ -73.9812175, 40.7794081 ], [ -73.9813069, 40.7792911 ], [ -73.9816881, 40.7787631 ], [ -73.9817596, 40.7786634 ], [ -73.981812, 40.7785902 ], [ -73.9817845, 40.7785505 ], [ -73.9820921, 40.7780453 ], [ -73.9820717, 40.7779466 ], [ -73.982096, 40.7779122 ], [ -73.982146, 40.7778496 ], [ -73.9821916, 40.7776389 ], [ -73.9822385, 40.7776153 ], [ -73.9822573, 40.7776183 ], [ -73.9824464, 40.7773426 ], [ -73.9824179, 40.7773056 ], [ -73.9825026, 40.7771927 ], [ -73.9826252, 40.7770209 ], [ -73.9828698, 40.7766813 ], [ -73.9829557, 40.7765627 ], [ -73.9833353, 40.7760559 ], [ -73.983418, 40.7759408 ], [ -73.9837847, 40.77543 ], [ -73.9838699, 40.7753162 ], [ -73.9842425, 40.7748001 ], [ -73.9843269, 40.7746868 ], [ -73.9846995, 40.7741751 ], [ -73.9847931, 40.774037 ], [ -73.9851334, 40.7735786 ], [ -73.985181, 40.7735103 ], [ -73.9852371, 40.7734357 ], [ -73.9856448, 40.7728745 ], [ -73.9856885, 40.7728141 ], [ -73.9860446, 40.7723215 ], [ -73.9861658, 40.7721671 ], [ -73.9865221, 40.7716736 ], [ -73.9865657, 40.7716133 ], [ -73.9866033, 40.7715613 ], [ -73.9869409, 40.7710938 ], [ -73.9870094, 40.7710128 ], [ -73.9870708, 40.7709351 ], [ -73.9874402, 40.7704346 ], [ -73.9875353, 40.7703133 ], [ -73.9877214, 40.7700587 ], [ -73.9879049, 40.7698077 ], [ -73.9879906, 40.7696849 ], [ -73.9883627, 40.7691672 ], [ -73.988504, 40.7689703 ], [ -73.9888834, 40.7684471 ], [ -73.988965, 40.7683378 ], [ -73.9889682, 40.7683281 ], [ -73.989336, 40.7678256 ], [ -73.9894244, 40.7677106 ], [ -73.9898058, 40.7671982 ], [ -73.9898824, 40.7670854 ], [ -73.9902613, 40.7665744 ], [ -73.9903429, 40.7664617 ], [ -73.990717, 40.7659575 ], [ -73.9907984, 40.7658306 ], [ -73.9911605, 40.7653215 ], [ -73.9912103, 40.7652584 ], [ -73.9912447, 40.7652124 ], [ -73.9916248, 40.7647017 ], [ -73.9917137, 40.76458 ], [ -73.9920725, 40.7640681 ], [ -73.9921622, 40.7639458 ], [ -73.9925307, 40.7634435 ], [ -73.9926182, 40.7633203 ], [ -73.9930012, 40.7628224 ], [ -73.9930833, 40.7627073 ], [ -73.9934536, 40.7621928 ], [ -73.993536, 40.7620771 ], [ -73.9939092, 40.7615609 ], [ -73.9939931, 40.7614468 ], [ -73.9943543, 40.760946 ], [ -73.9944429, 40.7608203 ], [ -73.9948084, 40.7603162 ], [ -73.994849, 40.7602597 ], [ -73.9948953, 40.7601952 ], [ -73.9952623, 40.7596841 ], [ -73.9953417, 40.7595711 ], [ -73.9954103, 40.7594736 ], [ -73.995727, 40.7590359 ], [ -73.9957898, 40.7589407 ], [ -73.9958542, 40.7588468 ], [ -73.9962291, 40.7583498 ], [ -73.9962727, 40.7582889 ], [ -73.9963295, 40.7582116 ], [ -73.9966271, 40.757813 ], [ -73.9966818, 40.7577393 ], [ -73.9967181, 40.7576965 ], [ -73.9967811, 40.7576291 ], [ -73.9971244, 40.7571161 ], [ -73.9971792, 40.7570381 ], [ -73.9972112, 40.7569924 ], [ -73.997579, 40.7565078 ], [ -73.9976394, 40.7564267 ], [ -73.9976775, 40.7563755 ], [ -73.9978457, 40.7561321 ], [ -73.9978992, 40.7560582 ], [ -73.9979773, 40.7559505 ], [ -73.9980304, 40.7558772 ], [ -73.9980732, 40.7558172 ], [ -73.9981232, 40.7557471 ], [ -73.9983204, 40.7554794 ], [ -73.9984815, 40.7552603 ], [ -73.9985245, 40.7551998 ], [ -73.9985647, 40.7551431 ], [ -73.9989417, 40.754637 ], [ -73.9990744, 40.7544405 ], [ -73.9994477, 40.7539322 ], [ -73.9995308, 40.7538067 ], [ -74.0003536, 40.7526885 ], [ -74.0003766, 40.7526864 ], [ -74.0004396, 40.7525762 ], [ -74.0006898, 40.7522267 ], [ -74.0007814, 40.7521017 ], [ -74.00081, 40.7520625 ], [ -74.0008439, 40.7520169 ], [ -74.0008737, 40.7519764 ], [ -74.0012551, 40.7514566 ], [ -74.0012928, 40.7514027 ], [ -74.0013416, 40.7513328 ], [ -74.0016993, 40.7508318 ], [ -74.0017838, 40.7507115 ], [ -74.0021478, 40.7502142 ], [ -74.0021737, 40.7501795 ], [ -74.0022076, 40.7501341 ], [ -74.0022313, 40.7501024 ], [ -74.0026095, 40.7496001 ], [ -74.0027022, 40.7494765 ], [ -74.0030531, 40.748988 ], [ -74.0031426, 40.7488668 ], [ -74.0035051, 40.7483696 ], [ -74.0035141, 40.7483566 ], [ -74.0035971, 40.7482466 ], [ -74.003958, 40.7477273 ], [ -74.0040246, 40.7476444 ], [ -74.0040984, 40.7475543 ], [ -74.0044807, 40.7470349 ], [ -74.0045294, 40.7469713 ], [ -74.0045653, 40.7469246 ], [ -74.0049457, 40.7464161 ], [ -74.0049841, 40.7463654 ], [ -74.0050333, 40.7462994 ], [ -74.0053633, 40.7458244 ], [ -74.0054075, 40.7457638 ], [ -74.0054533, 40.7456996 ], [ -74.0057863, 40.7452438 ], [ -74.0058341, 40.7451783 ], [ -74.0058767, 40.7451202 ], [ -74.0062102, 40.7446726 ], [ -74.0062663, 40.7445965 ], [ -74.0063054, 40.7445406 ], [ -74.006646, 40.7440748 ], [ -74.0066921, 40.7440112 ], [ -74.006736, 40.7439506 ], [ -74.0070924, 40.7434979 ], [ -74.0071857, 40.7433794 ], [ -74.0075368, 40.7428476 ], [ -74.0076233, 40.7427299 ], [ -74.0079815, 40.7422349 ], [ -74.0080094, 40.742195 ], [ -74.0081404, 40.742027 ], [ -74.0085287, 40.7414672 ], [ -74.0085516, 40.7414773 ], [ -74.0086355, 40.7413627 ], [ -74.0086153, 40.7413559 ], [ -74.0088433, 40.7407589 ], [ -74.0088718, 40.7406162 ], [ -74.0095027, 40.7394312 ], [ -74.0095072, 40.739303 ], [ -74.0095164, 40.7392072 ], [ -74.0095934, 40.7388328 ], [ -74.0095623, 40.738755 ], [ -74.0095478, 40.7387187 ], [ -74.0095868, 40.7382042 ], [ -74.0096179, 40.7381571 ], [ -74.0096541, 40.7381023 ], [ -74.0096619, 40.7376377 ], [ -74.0096684, 40.7374881 ], [ -74.0096934, 40.7370237 ], [ -74.0097028, 40.7369125 ], [ -74.0097728, 40.7360722 ], [ -74.0097838, 40.7359305 ], [ -74.0098314, 40.7353895 ], [ -74.0098477, 40.7352295 ], [ -74.0098918, 40.7346459 ], [ -74.0099031, 40.7345179 ], [ -74.0099319, 40.7342408 ], [ -74.0099621, 40.7339538 ], [ -74.0099733, 40.7338013 ], [ -74.0100293, 40.7332334 ], [ -74.0100367, 40.7331171 ], [ -74.0100847, 40.7325687 ], [ -74.0101071, 40.7322992 ], [ -74.0101275, 40.7320749 ], [ -74.0101406, 40.7319407 ], [ -74.010202, 40.7313685 ], [ -74.0102167, 40.7311926 ], [ -74.0102713, 40.7306357 ], [ -74.010286, 40.7304793 ], [ -74.0103397, 40.7298921 ], [ -74.0103545, 40.7297548 ], [ -74.0103584, 40.7297183 ], [ -74.0104154, 40.7292063 ], [ -74.01042, 40.7291613 ], [ -74.0104357, 40.7290077 ], [ -74.0105338, 40.7279732 ], [ -74.0106982, 40.7262416 ], [ -74.0107271, 40.7260665 ], [ -74.0107621, 40.7258809 ], [ -74.010825, 40.7256988 ], [ -74.0108791, 40.7254972 ], [ -74.0109042, 40.7253739 ], [ -74.0108925, 40.7252251 ], [ -74.0109374, 40.7250605 ], [ -74.0110914, 40.7243573 ], [ -74.0111247, 40.724175 ], [ -74.0112181, 40.7236815 ], [ -74.0112468, 40.7235369 ], [ -74.0113503, 40.7230307 ], [ -74.0113876, 40.7228638 ], [ -74.0114877, 40.7223777 ], [ -74.0115166, 40.7222156 ], [ -74.011618, 40.7217051 ], [ -74.0116465, 40.7215251 ], [ -74.0117377, 40.7211607 ], [ -74.0117748, 40.720978 ], [ -74.0117888, 40.720909 ], [ -74.0118849, 40.7204168 ], [ -74.0119351, 40.7201889 ], [ -74.0121468, 40.7191417 ], [ -74.0122013, 40.718914 ], [ -74.0124729, 40.7177268 ], [ -74.0126164, 40.7171582 ], [ -74.0126573, 40.7169775 ], [ -74.0127784, 40.716449 ], [ -74.0128196, 40.7162765 ], [ -74.0130077, 40.7154582 ], [ -74.0130142, 40.71543 ], [ -74.0130453, 40.7152948 ], [ -74.0130956, 40.7150966 ], [ -74.0131257, 40.7149689 ], [ -74.0132579, 40.7144236 ], [ -74.0133005, 40.7142768 ], [ -74.0135334, 40.7137465 ], [ -74.0136116, 40.7135301 ], [ -74.0138249, 40.7129439 ], [ -74.0138226, 40.7129087 ], [ -74.0138455, 40.7127848 ], [ -74.0138604, 40.7127306 ], [ -74.0139143, 40.7125325 ], [ -74.0140178, 40.7121318 ], [ -74.0141172, 40.7116267 ], [ -74.014201, 40.7111436 ], [ -74.0142114, 40.7110839 ], [ -74.0142159, 40.7110296 ], [ -74.0142611, 40.7107984 ], [ -74.0142754, 40.7107566 ], [ -74.0143728, 40.7104706 ], [ -74.0143899, 40.7103061 ], [ -74.0145411, 40.7099094 ], [ -74.0152363, 40.7099556 ], [ -74.0153205, 40.7097663 ], [ -74.0154947, 40.709798 ], [ -74.0155694, 40.7096048 ], [ -74.0157515, 40.7091806 ], [ -74.0158435, 40.7089439 ], [ -74.0159456, 40.7086823 ], [ -74.0160309, 40.7084364 ], [ -74.0161375, 40.7084806 ], [ -74.0162473, 40.7083266 ], [ -74.016363, 40.7081678 ], [ -74.0164629, 40.7082098 ], [ -74.0166082, 40.7079962 ], [ -74.0169688, 40.7074889 ], [ -74.017062, 40.7073634 ], [ -74.0174189, 40.7068651 ], [ -74.0175178, 40.706732 ], [ -74.0177695, 40.7062605 ], [ -74.0177877, 40.7062052 ], [ -74.017842, 40.7060455 ], [ -74.0180762, 40.7060748 ], [ -74.01808, 40.7056048 ] ] } },
{ "type": "Feature", "properties": { "id": "moma", "venue_name": "The Museum of Modern Art", "network_distance_m": 6124.5 }, "geometry": { "type": "LineString", "coordinates": [ [ -73.9624493, 40.8077563 ], [ -73.9622458, 40.8076717 ], [ -73.962308, 40.8075899 ], [ -73.9623663, 40.8075087 ], [ -73.9619458, 40.8073263 ], [ -73.9619089, 40.8073103 ], [ -73.9620382, 40.8071255 ], [ -73.9620099, 40.8071136 ], [ -73.9621545, 40.8069096 ], [ -73.9624385, 40.8065193 ], [ -73.9625207, 40.8064016 ], [ -73.9626418, 40.8062358 ], [ -73.9628471, 40.805953 ], [ -73.9620882, 40.8056299 ], [ -73.9621737, 40.8055126 ], [ -73.9625482, 40.8049983 ], [ -73.9626409, 40.8048795 ], [ -73.9630936, 40.8042656 ], [ -73.9634667, 40.80374 ], [ -73.9635537, 40.8036311 ], [ -73.9639255, 40.8031424 ], [ -73.9640625, 40.8029504 ], [ -73.9643926, 40.8024893 ], [ -73.9644721, 40.8023795 ], [ -73.964856, 40.8018662 ], [ -73.9649387, 40.8017536 ], [ -73.9653097, 40.8012346 ], [ -73.9653931, 40.8011162 ], [ -73.9657733, 40.8005947 ], [ -73.9659141, 40.8003972 ], [ -73.966287, 40.7998789 ], [ -73.9663787, 40.7997672 ], [ -73.9667527, 40.799242 ], [ -73.9668359, 40.7991425 ], [ -73.9672117, 40.7986218 ], [ -73.96729, 40.7985042 ], [ -73.967679, 40.7979979 ], [ -73.9677629, 40.7978865 ], [ -73.9681163, 40.7973665 ], [ -73.9682069, 40.7972492 ], [ -73.9685867, 40.7967339 ], [ -73.9686622, 40.7966205 ], [ -73.969042, 40.7961008 ], [ -73.969125, 40.7959927 ], [ -73.9695048, 40.7954787 ], [ -73.969594, 40.7953611 ], [ -73.9699653, 40.7948519 ], [ -73.9700403, 40.7947386 ], [ -73.9704315, 40.7942037 ], [ -73.9705616, 40.794024 ], [ -73.9709494, 40.7934964 ], [ -73.9710286, 40.7933837 ], [ -73.9714131, 40.7928702 ], [ -73.9714944, 40.7927616 ], [ -73.9716199, 40.7925763 ], [ -73.9718626, 40.7922402 ], [ -73.9719473, 40.7921282 ], [ -73.9723204, 40.7916204 ], [ -73.9724103, 40.7915027 ], [ -73.9727842, 40.7909852 ], [ -73.9728677, 40.7908733 ], [ -73.9732394, 40.7903607 ], [ -73.973314, 40.7902478 ], [ -73.9736983, 40.7897344 ], [ -73.9737782, 40.7896226 ], [ -73.9741533, 40.7891095 ], [ -73.9742337, 40.7889951 ], [ -73.9746128, 40.7884786 ], [ -73.97469, 40.7883715 ], [ -73.9750816, 40.7878407 ], [ -73.9752205, 40.7876502 ], [ -73.975603, 40.7871218 ], [ -73.9756746, 40.787012 ], [ -73.9760631, 40.7864873 ], [ -73.9761458, 40.7863698 ], [ -73.9765267, 40.7858506 ], [ -73.9765681, 40.7857881 ], [ -73.9766029, 40.7857383 ], [ -73.9769877, 40.7852197 ], [ -73.9770304, 40.785161 ], [ -73.9770709, 40.785105 ], [ -73.977447, 40.7845831 ], [ -73.9775345, 40.7844686 ], [ -73.9779108, 40.7839488 ], [ -73.9779992, 40.7838365 ], [ -73.9783901, 40.7833036 ], [ -73.9785258, 40.7831124 ], [ -73.9789168, 40.7825832 ], [ -73.9790017, 40.7824699 ], [ -73.9793714, 40.7819463 ], [ -73.9794056, 40.781898 ], [ -73.9794532, 40.7818339 ], [ -73.9798407, 40.781306 ], [ -73.9799208, 40.7812009 ], [ -73.9802986, 40.7806762 ], [ -73.9803892, 40.780557 ], [ -73.9807618, 40.7800455 ], [ -73.9808456, 40.7799269 ], [ -73.9812175, 40.7794081 ], [ -73.9813069, 40.7792911 ], [ -73.9816881, 40.7787631 ], [ -73.9817596, 40.7786634 ], [ -73.981812, 40.7785902 ], [ -73.9817845, 40.7785505 ], [ -73.9815773, 40.7784584 ], [ -73.9818349, 40.7778802 ], [ -73.9818468, 40.777742 ], [ -73.9818826, 40.7770822 ], [ -73.9818841, 40.7769365 ], [ -73.9819165, 40.7762851 ], [ -73.9819176, 40.7762664 ], [ -73.9819173, 40.7761282 ], [ -73.9819468, 40.7754696 ], [ -73.9819608, 40.7753258 ], [ -73.9819794, 40.7746671 ], [ -73.9819823, 40.7745215 ], [ -73.9820065, 40.7738566 ], [ -73.9820135, 40.7737344 ], [ -73.981993, 40.7737163 ], [ -73.9819896, 40.7734575 ], [ -73.9819866, 40.7732494 ], [ -73.9820503, 40.7731655 ], [ -73.9820503, 40.7731292 ], [ -73.9818615, 40.7729873 ], [ -73.9819518, 40.7728715 ], [ -73.9819491, 40.7721874 ], [ -73.9819474, 40.7721183 ], [ -73.9819448, 40.7720397 ], [ -73.9819236, 40.7713846 ], [ -73.981929, 40.7712202 ], [ -73.9819171, 40.7708174 ], [ -73.9819139, 40.7705431 ], [ -73.9819123, 40.7704013 ], [ -73.9819057, 40.7697277 ], [ -73.9819079, 40.7695897 ], [ -73.9818838, 40.769571 ], [ -73.9818767, 40.76931 ], [ -73.9818749, 40.7692434 ], [ -73.9818663, 40.768937 ], [ -73.9818624, 40.7688235 ], [ -73.98186, 40.768741 ], [ -73.9818395, 40.7686818 ], [ -73.9816771, 40.7686147 ], [ -73.9814145, 40.7685126 ], [ -73.981396, 40.76846 ], [ -73.9812384, 40.7683147 ], [ -73.9811613, 40.7680944 ], [ -73.9811647, 40.7679835 ], [ -73.9811726, 40.7679061 ], [ -73.9812384, 40.767796 ], [ -73.9813151, 40.7677084 ], [ -73.9814454, 40.7676229 ], [ -73.9814851, 40.7676087 ], [ -73.9815737, 40.7671287 ], [ -73.9816028, 40.7669942 ], [ -73.9817068, 40.7663647 ], [ -73.981746, 40.7661339 ], [ -73.9818635, 40.7655066 ], [ -73.9818412, 40.7654811 ], [ -73.9818818, 40.7653543 ], [ -73.9820803, 40.7647814 ], [ -73.9821017, 40.7647682 ], [ -73.9821549, 40.7646463 ], [ -73.9823239, 40.7640558 ], [ -73.9823896, 40.7639353 ], [ -73.9826816, 40.7634018 ], [ -73.9827657, 40.7632677 ], [ -73.9820766, 40.7629611 ], [ -73.9818191, 40.7628564 ], [ -73.9810279, 40.7625264 ], [ -73.9808927, 40.76247 ], [ -73.9807845, 40.7624249 ], [ -73.9792385, 40.7617801 ], [ -73.9791007, 40.7617226 ], [ -73.9789642, 40.7616655 ], [ -73.9782633, 40.761374 ], [ -73.9777471, 40.7611592 ], [ -73.9768865, 40.7608013 ], [ -73.9768604, 40.760839 ] ] } },
{ "type": "Feature", "properties": { "id": "neue-galerie", "venue_name": "Neue Galerie New York", "network_distance_m": 3673.6 }, "geometry": { "type": "LineString", "coordinates": [ [ -73.9624493, 40.8077563 ], [ -73.9622458, 40.8076717 ], [ -73.962308, 40.8075899 ], [ -73.9623663, 40.8075087 ], [ -73.9619458, 40.8073263 ], [ -73.9619089, 40.8073103 ], [ -73.9611833, 40.8070001 ], [ -73.961105, 40.8069672 ], [ -73.9608576, 40.8068614 ], [ -73.9601562, 40.8065578 ], [ -73.9593977, 40.8062297 ], [ -73.9592012, 40.8061481 ], [ -73.9592594, 40.8060677 ], [ -73.9593132, 40.8059958 ], [ -73.9596957, 40.80544 ], [ -73.9599314, 40.8047473 ], [ -73.9599652, 40.8046485 ], [ -73.9599694, 40.8046373 ], [ -73.9601733, 40.8040429 ], [ -73.9602112, 40.8039324 ], [ -73.9602272, 40.8038858 ], [ -73.9603827, 40.8034337 ], [ -73.9604489, 40.8032367 ], [ -73.9606983, 40.8025198 ], [ -73.9609258, 40.8018493 ], [ -73.9609801, 40.8015988 ], [ -73.9610031, 40.8015644 ], [ -73.9598267, 40.8010925 ], [ -73.9596342, 40.8010061 ], [ -73.958682, 40.8006049 ], [ -73.9585248, 40.8003577 ], [ -73.9587155, 40.8000936 ], [ -73.9587957, 40.7999895 ], [ -73.9591714, 40.7994618 ], [ -73.9592486, 40.7993541 ], [ -73.9589813, 40.7992425 ], [ -73.9588131, 40.7991083 ], [ -73.9586636, 40.7987276 ], [ -73.9585288, 40.7987644 ], [ -73.9574403, 40.7981301 ], [ -73.9570392, 40.7972469 ], [ -73.9567982, 40.7965162 ], [ -73.9566562, 40.7965211 ], [ -73.9567177, 40.7960916 ], [ -73.9568913, 40.7956486 ], [ -73.9570595, 40.7952709 ], [ -73.9582615, 40.7945869 ], [ -73.9582608, 40.7945815 ], [ -73.9582437, 40.7945714 ], [ -73.958206, 40.7945134 ], [ -73.95819, 40.7944092 ], [ -73.9580788, 40.7943981 ], [ -73.9579753, 40.7943104 ], [ -73.9581394, 40.7939768 ], [ -73.9583485, 40.7933134 ], [ -73.958298, 40.7914359 ], [ -73.9584282, 40.7904399 ], [ -73.9576829, 40.7901197 ], [ -73.9575151, 40.7897571 ], [ -73.9574709, 40.7897499 ], [ -73.9573402, 40.789722 ], [ -73.95702, 40.7876095 ], [ -73.9587975, 40.7843176 ], [ -73.9587244, 40.7842788 ], [ -73.9587957, 40.7841793 ], [ -73.958678, 40.7841303 ], [ -73.9587288, 40.7840585 ], [ -73.9590869, 40.7835524 ], [ -73.9591498, 40.7834654 ], [ -73.9595205, 40.782937 ], [ -73.9595912, 40.7828372 ], [ -73.9594188, 40.7827449 ], [ -73.9597903, 40.7822326 ], [ -73.959875, 40.7821148 ], [ -73.960249, 40.78159 ], [ -73.9603798, 40.7814009 ] ] } },
{ "type": "Feature", "properties": { "id": "nyhistory", "venue_name": "The New York Historical", "network_distance_m": 3789.4 }, "geometry": { "type": "LineString", "coordinates": [ [ -73.9624493, 40.8077563 ], [ -73.9622458, 40.8076717 ], [ -73.962308, 40.8075899 ], [ -73.9623663, 40.8075087 ], [ -73.9619458, 40.8073263 ], [ -73.9619089, 40.8073103 ], [ -73.9611833, 40.8070001 ], [ -73.961105, 40.8069672 ], [ -73.9608576, 40.8068614 ], [ -73.9601562, 40.8065578 ], [ -73.9593977, 40.8062297 ], [ -73.9592012, 40.8061481 ], [ -73.9592594, 40.8060677 ], [ -73.9593132, 40.8059958 ], [ -73.9596957, 40.80544 ], [ -73.9599314, 40.8047473 ], [ -73.9599652, 40.8046485 ], [ -73.9599694, 40.8046373 ], [ -73.9601733, 40.8040429 ], [ -73.9602112, 40.8039324 ], [ -73.9602272, 40.8038858 ], [ -73.9603827, 40.8034337 ], [ -73.9604489, 40.8032367 ], [ -73.9606983, 40.8025198 ], [ -73.9609258, 40.8018493 ], [ -73.9609801, 40.8015988 ], [ -73.9610031, 40.8015644 ], [ -73.9612874, 40.8011774 ], [ -73.9613599, 40.8010672 ], [ -73.9617374, 40.8005551 ], [ -73.9618228, 40.8004364 ], [ -73.9622009, 40.7999292 ], [ -73.9622883, 40.7998106 ], [ -73.9626715, 40.7992903 ], [ -73.9628123, 40.7990978 ], [ -73.9631856, 40.7985726 ], [ -73.9632683, 40.7984565 ], [ -73.9636427, 40.7979394 ], [ -73.9637593, 40.7977774 ], [ -73.9641536, 40.7972447 ], [ -73.9642123, 40.7971703 ], [ -73.9645277, 40.7967339 ], [ -73.9646489, 40.7965663 ], [ -73.964681, 40.7965299 ], [ -73.9650165, 40.7960635 ], [ -73.9650544, 40.796012 ], [ -73.9653519, 40.7956155 ], [ -73.965418, 40.7955224 ], [ -73.9654482, 40.795481 ], [ -73.9655441, 40.7953517 ], [ -73.9655657, 40.7953227 ], [ -73.9652147, 40.7951289 ], [ -73.9654931, 40.7946332 ], [ -73.96465, 40.7942331 ], [ -73.9644701, 40.7941566 ], [ -73.9642934, 40.7940815 ], [ -73.9642595, 40.7940671 ], [ -73.9643371, 40.7939575 ], [ -73.9644502, 40.7937978 ], [ -73.9645687, 40.7936306 ], [ -73.9646892, 40.7934605 ], [ -73.9639152, 40.7931355 ], [ -73.9638289, 40.7930835 ], [ -73.9638952, 40.7929932 ], [ -73.9640253, 40.7928158 ], [ -73.9642076, 40.7925518 ], [ -73.9643644, 40.7923401 ], [ -73.9647399, 40.7918224 ], [ -73.9648904, 40.7916169 ], [ -73.9652659, 40.7911036 ], [ -73.9653449, 40.7909955 ], [ -73.9657245, 40.790475 ], [ -73.965766, 40.79042 ], [ -73.9658004, 40.7903744 ], [ -73.966181, 40.789847 ], [ -73.9662688, 40.7897382 ], [ -73.9666409, 40.7892227 ], [ -73.9667193, 40.7891177 ], [ -73.9671041, 40.7885968 ], [ -73.9671805, 40.788486 ], [ -73.9675583, 40.7879694 ], [ -73.96764, 40.7878552 ], [ -73.9680146, 40.7873408 ], [ -73.9680931, 40.787229 ], [ -73.9684821, 40.7867089 ], [ -73.9685626, 40.7866027 ], [ -73.9689398, 40.7860864 ], [ -73.9690209, 40.7859856 ], [ -73.9690209, 40.7859724 ], [ -73.9693875, 40.785451 ], [ -73.9695333, 40.7852526 ], [ -73.9699247, 40.7847264 ], [ -73.9699986, 40.7846154 ], [ -73.9703866, 40.7840956 ], [ -73.9704703, 40.7839766 ], [ -73.97085, 40.7834616 ], [ -73.9708909, 40.7834005 ], [ -73.9709293, 40.7833432 ], [ -73.9713103, 40.7828222 ], [ -73.9713527, 40.7827644 ], [ -73.9713877, 40.7827128 ], [ -73.9717092, 40.7822578 ], [ -73.9717714, 40.78218 ], [ -73.9719382, 40.7819714 ], [ -73.972054, 40.7818163 ], [ -73.9724881, 40.781212 ], [ -73.9725507, 40.7811249 ], [ -73.9726349, 40.7810078 ], [ -73.9727064, 40.7809082 ], [ -73.9728115, 40.780762 ], [ -73.9728364, 40.7807279 ], [ -73.9729098, 40.7806276 ], [ -73.9729929, 40.780514 ], [ -73.9730574, 40.7804258 ], [ -73.9731352, 40.7803195 ], [ -73.9734811, 40.7798466 ], [ -73.9736383, 40.779632 ], [ -73.9737332, 40.7794585 ], [ -73.9737737, 40.7794514 ] ] } },
{ "type": "Feature", "properties": { "id": "poster-house", "venue_name": "Poster House", "network_distance_m": 8029.3 }, "geometry": { "type": "LineString", "coordinates": [ [ -73.9624493, 40.8077563 ], [ -73.9622458, 40.8076717 ], [ -73.962308, 40.8075899 ], [ -73.9623663, 40.8075087 ], [ -73.9619458, 40.8073263 ], [ -73.9619089, 40.8073103 ], [ -73.9620382, 40.8071255 ], [ -73.9620099, 40.8071136 ], [ -73.9621545, 40.8069096 ], [ -73.9624385, 40.8065193 ], [ -73.9625207, 40.8064016 ], [ -73.9626418, 40.8062358 ], [ -73.9628471, 40.805953 ], [ -73.9620882, 40.8056299 ], [ -73.9621737, 40.8055126 ], [ -73.9625482, 40.8049983 ], [ -73.9626409, 40.8048795 ], [ -73.9630936, 40.8042656 ], [ -73.9634667, 40.80374 ], [ -73.9635537, 40.8036311 ], [ -73.9639255, 40.8031424 ], [ -73.9640625, 40.8029504 ], [ -73.9643926, 40.8024893 ], [ -73.9644721, 40.8023795 ], [ -73.964856, 40.8018662 ], [ -73.9649387, 40.8017536 ], [ -73.9653097, 40.8012346 ], [ -73.9653931, 40.8011162 ], [ -73.9657733, 40.8005947 ], [ -73.9659141, 40.8003972 ], [ -73.966287, 40.7998789 ], [ -73.9663787, 40.7997672 ], [ -73.9667527, 40.799242 ], [ -73.9668359, 40.7991425 ], [ -73.9672117, 40.7986218 ], [ -73.96729, 40.7985042 ], [ -73.967679, 40.7979979 ], [ -73.9677629, 40.7978865 ], [ -73.9681163, 40.7973665 ], [ -73.9682069, 40.7972492 ], [ -73.9685867, 40.7967339 ], [ -73.9686622, 40.7966205 ], [ -73.969042, 40.7961008 ], [ -73.969125, 40.7959927 ], [ -73.9695048, 40.7954787 ], [ -73.969594, 40.7953611 ], [ -73.9699653, 40.7948519 ], [ -73.9700403, 40.7947386 ], [ -73.9704315, 40.7942037 ], [ -73.9705616, 40.794024 ], [ -73.9709494, 40.7934964 ], [ -73.9710286, 40.7933837 ], [ -73.9714131, 40.7928702 ], [ -73.9714944, 40.7927616 ], [ -73.9716199, 40.7925763 ], [ -73.9718626, 40.7922402 ], [ -73.9719473, 40.7921282 ], [ -73.9723204, 40.7916204 ], [ -73.9724103, 40.7915027 ], [ -73.9727842, 40.7909852 ], [ -73.9728677, 40.7908733 ], [ -73.9732394, 40.7903607 ], [ -73.973314, 40.7902478 ], [ -73.9736983, 40.7897344 ], [ -73.9737782, 40.7896226 ], [ -73.9741533, 40.7891095 ], [ -73.9742337, 40.7889951 ], [ -73.9746128, 40.7884786 ], [ -73.97469, 40.7883715 ], [ -73.9750816, 40.7878407 ], [ -73.9752205, 40.7876502 ], [ -73.975603, 40.7871218 ], [ -73.9756746, 40.787012 ], [ -73.9760631, 40.7864873 ], [ -73.9761458, 40.7863698 ], [ -73.9765267, 40.7858506 ], [ -73.9765681, 40.7857881 ], [ -73.9766029, 40.7857383 ], [ -73.9769877, 40.7852197 ], [ -73.9770304, 40.785161 ], [ -73.9770709, 40.785105 ], [ -73.977447, 40.7845831 ], [ -73.9775345, 40.7844686 ], [ -73.9779108, 40.7839488 ], [ -73.9779992, 40.7838365 ], [ -73.9783901, 40.7833036 ], [ -73.9785258, 40.7831124 ], [ -73.9789168, 40.7825832 ], [ -73.9790017, 40.7824699 ], [ -73.9793714, 40.7819463 ], [ -73.9794056, 40.781898 ], [ -73.9794532, 40.7818339 ], [ -73.9798407, 40.781306 ], [ -73.9799208, 40.7812009 ], [ -73.9802986, 40.7806762 ], [ -73.9803892, 40.780557 ], [ -73.9807618, 40.7800455 ], [ -73.9808456, 40.7799269 ], [ -73.9812175, 40.7794081 ], [ -73.9813069, 40.7792911 ], [ -73.9816881, 40.7787631 ], [ -73.9817596, 40.7786634 ], [ -73.981812, 40.7785902 ], [ -73.9817845, 40.7785505 ], [ -73.9815773, 40.7784584 ], [ -73.9818349, 40.7778802 ], [ -73.9818468, 40.777742 ], [ -73.9818826, 40.7770822 ], [ -73.9818841, 40.7769365 ], [ -73.9819165, 40.7762851 ], [ -73.9819176, 40.7762664 ], [ -73.9819173, 40.7761282 ], [ -73.9819468, 40.7754696 ], [ -73.9819608, 40.7753258 ], [ -73.9819794, 40.7746671 ], [ -73.9819823, 40.7745215 ], [ -73.9820065, 40.7738566 ], [ -73.9820135, 40.7737344 ], [ -73.981993, 40.7737163 ], [ -73.9819896, 40.7734575 ], [ -73.9819866, 40.7732494 ], [ -73.9820503, 40.7731655 ], [ -73.9820503, 40.7731292 ], [ -73.9818615, 40.7729873 ], [ -73.9819518, 40.7728715 ], [ -73.9819491, 40.7721874 ], [ -73.9819474, 40.7721183 ], [ -73.9819448, 40.7720397 ], [ -73.9819236, 40.7713846 ], [ -73.981929, 40.7712202 ], [ -73.9819171, 40.7708174 ], [ -73.9819139, 40.7705431 ], [ -73.9819123, 40.7704013 ], [ -73.9819057, 40.7697277 ], [ -73.9819079, 40.7695897 ], [ -73.9818838, 40.769571 ], [ -73.9818767, 40.76931 ], [ -73.9818749, 40.7692434 ], [ -73.9818663, 40.768937 ], [ -73.9818624, 40.7688235 ], [ -73.98186, 40.768741 ], [ -73.9818395, 40.7686818 ], [ -73.9816771, 40.7686147 ], [ -73.9814145, 40.7685126 ], [ -73.981396, 40.76846 ], [ -73.9812384, 40.7683147 ], [ -73.9811613, 40.7680944 ], [ -73.9811647, 40.7679835 ], [ -73.9811726, 40.7679061 ], [ -73.9812384, 40.767796 ], [ -73.9813151, 40.7677084 ], [ -73.9814454, 40.7676229 ], [ -73.9814851, 40.7676087 ], [ -73.9815737, 40.7671287 ], [ -73.9816028, 40.7669942 ], [ -73.9817068, 40.7663647 ], [ -73.981746, 40.7661339 ], [ -73.9818635, 40.7655066 ], [ -73.9818412, 40.7654811 ], [ -73.9818818, 40.7653543 ], [ -73.9820803, 40.7647814 ], [ -73.9821017, 40.7647682 ], [ -73.9821549, 40.7646463 ], [ -73.9823239, 40.7640558 ], [ -73.9823896, 40.7639353 ], [ -73.9826816, 40.7634018 ], [ -73.9827657, 40.7632677 ], [ -73.9830595, 40.7627197 ], [ -73.9831198, 40.7626084 ], [ -73.9834703, 40.7620876 ], [ -73.9835556, 40.7619504 ], [ -73.9838912, 40.7614413 ], [ -73.9839741, 40.7613198 ], [ -73.9843296, 40.7608042 ], [ -73.9843957, 40.7606875 ], [ -73.984659, 40.7601349 ], [ -73.9847213, 40.759996 ], [ -73.9849355, 40.7594259 ], [ -73.9850107, 40.7593107 ], [ -73.9852116, 40.7587369 ], [ -73.9851336, 40.7587105 ], [ -73.9852358, 40.75857 ], [ -73.98502, 40.7584759 ], [ -73.9853784, 40.7579892 ], [ -73.9853912, 40.7579709 ], [ -73.9854508, 40.7578467 ], [ -73.9857916, 40.7573266 ], [ -73.9858687, 40.7572013 ], [ -73.9861358, 40.7566665 ], [ -73.9861761, 40.7565238 ], [ -73.9863795, 40.7559184 ], [ -73.9864425, 40.7559448 ], [ -73.9865669, 40.7557589 ], [ -73.9867635, 40.7551632 ], [ -73.9867942, 40.7550356 ], [ -73.9869828, 40.7544488 ], [ -73.9870218, 40.7543266 ], [ -73.9870261, 40.7543134 ], [ -73.9871202, 40.7540267 ], [ -73.9871713, 40.753871 ], [ -73.987212, 40.7537471 ], [ -73.9872607, 40.7536082 ], [ -73.9874347, 40.7530297 ], [ -73.9874576, 40.7529342 ], [ -73.987469, 40.7528878 ], [ -73.987612, 40.7522935 ], [ -73.9876413, 40.7521573 ], [ -73.987778, 40.7515553 ], [ -73.9877595, 40.7514074 ], [ -73.9877909, 40.7514041 ], [ -73.9879111, 40.7508075 ], [ -73.9879182, 40.7506611 ], [ -73.9879798, 40.7503799 ], [ -73.9880555, 40.7500369 ], [ -73.9880602, 40.7499341 ], [ -73.9880568, 40.7498254 ], [ -73.9880816, 40.7498161 ], [ -73.988354, 40.7492406 ], [ -73.9884423, 40.7491325 ], [ -73.9888091, 40.7486301 ], [ -73.9887968, 40.7486171 ], [ -73.9888704, 40.748514 ], [ -73.9889024, 40.7485148 ], [ -73.989277, 40.7480197 ], [ -73.9893646, 40.7479018 ], [ -73.9897015, 40.7473924 ], [ -73.9897898, 40.7472718 ], [ -73.9901537, 40.7467744 ], [ -73.990194, 40.7467193 ], [ -73.9902366, 40.7466611 ], [ -73.9906058, 40.7461565 ], [ -73.9906514, 40.7460941 ], [ -73.9906932, 40.746037 ], [ -73.9910576, 40.7455416 ], [ -73.9911053, 40.7454788 ], [ -73.9911478, 40.7454228 ], [ -73.9915019, 40.744927 ], [ -73.9915414, 40.7448756 ], [ -73.9915916, 40.7448104 ], [ -73.99196, 40.7443114 ], [ -73.9919695, 40.7442984 ], [ -73.992009, 40.7442442 ], [ -73.9920427, 40.7441931 ], [ -73.9924072, 40.7437014 ], [ -73.9924176, 40.7436872 ], [ -73.992502, 40.7435728 ], [ -73.9928632, 40.7430565 ], [ -73.9929262, 40.74297 ] ] } },
{ "type": "Feature", "properties": { "id": "studio-museum", "venue_name": "Studio Museum in Harlem", "network_distance_m": 1818.9 }, "geometry": { "type": "LineString", "coordinates": [ [ -73.9624493, 40.8077563 ], [ -73.9622458, 40.8076717 ], [ -73.962308, 40.8075899 ], [ -73.9623663, 40.8075087 ], [ -73.9619458, 40.8073263 ], [ -73.9619089, 40.8073103 ], [ -73.9611833, 40.8070001 ], [ -73.961105, 40.8069672 ], [ -73.9606104, 40.8076505 ], [ -73.9603682, 40.807546 ], [ -73.9600208, 40.8080174 ], [ -73.9585545, 40.8073975 ], [ -73.9583495, 40.8073074 ], [ -73.9582966, 40.8073731 ], [ -73.9578897, 40.8075628 ], [ -73.9572908, 40.808352 ], [ -73.9567341, 40.8083431 ], [ -73.9565453, 40.8086676 ], [ -73.9563395, 40.8088449 ], [ -73.9560314, 40.8091091 ], [ -73.9554076, 40.8100139 ], [ -73.9551543, 40.8100554 ], [ -73.9548811, 40.8099618 ], [ -73.9537098, 40.8094696 ], [ -73.9536194, 40.8095778 ], [ -73.9534369, 40.8095071 ], [ -73.9531913, 40.8098482 ], [ -73.953157, 40.8099478 ], [ -73.9529021, 40.8099137 ], [ -73.9529021, 40.8099493 ], [ -73.9520766, 40.8096049 ], [ -73.9518347, 40.8095028 ], [ -73.9517972, 40.8095516 ], [ -73.9517566, 40.8096079 ], [ -73.9515036, 40.8095034 ], [ -73.9511178, 40.8100278 ], [ -73.9498613, 40.8094986 ], [ -73.949788, 40.8095919 ], [ -73.9485267, 40.8090573 ], [ -73.9484034, 40.8090058 ], [ -73.9482476, 40.8089395 ], [ -73.9481311, 40.8088914 ], [ -73.9469126, 40.8083765 ] ] } },
{ "type": "Feature", "properties": { "id": "whitney", "venue_name": "Whitney Museum of American Art", "network_distance_m": 8733.8 }, "geometry": { "type": "LineString", "coordinates": [ [ -73.9624493, 40.8077563 ], [ -73.9622458, 40.8076717 ], [ -73.962308, 40.8075899 ], [ -73.9623663, 40.8075087 ], [ -73.9619458, 40.8073263 ], [ -73.9619089, 40.8073103 ], [ -73.9620382, 40.8071255 ], [ -73.9620099, 40.8071136 ], [ -73.9621545, 40.8069096 ], [ -73.9624385, 40.8065193 ], [ -73.9625207, 40.8064016 ], [ -73.9626418, 40.8062358 ], [ -73.9628471, 40.805953 ], [ -73.9620882, 40.8056299 ], [ -73.9621737, 40.8055126 ], [ -73.9625482, 40.8049983 ], [ -73.9626409, 40.8048795 ], [ -73.9630936, 40.8042656 ], [ -73.9634667, 40.80374 ], [ -73.9635537, 40.8036311 ], [ -73.9639255, 40.8031424 ], [ -73.9640625, 40.8029504 ], [ -73.9643926, 40.8024893 ], [ -73.9644721, 40.8023795 ], [ -73.964856, 40.8018662 ], [ -73.9649387, 40.8017536 ], [ -73.9653097, 40.8012346 ], [ -73.9653931, 40.8011162 ], [ -73.9657733, 40.8005947 ], [ -73.9659141, 40.8003972 ], [ -73.966287, 40.7998789 ], [ -73.9663787, 40.7997672 ], [ -73.9667527, 40.799242 ], [ -73.9668359, 40.7991425 ], [ -73.9672117, 40.7986218 ], [ -73.96729, 40.7985042 ], [ -73.967679, 40.7979979 ], [ -73.9677629, 40.7978865 ], [ -73.9681163, 40.7973665 ], [ -73.9682069, 40.7972492 ], [ -73.9685867, 40.7967339 ], [ -73.9686622, 40.7966205 ], [ -73.969042, 40.7961008 ], [ -73.969125, 40.7959927 ], [ -73.9695048, 40.7954787 ], [ -73.969594, 40.7953611 ], [ -73.9699653, 40.7948519 ], [ -73.9700403, 40.7947386 ], [ -73.9704315, 40.7942037 ], [ -73.9705616, 40.794024 ], [ -73.9709494, 40.7934964 ], [ -73.9710286, 40.7933837 ], [ -73.9714131, 40.7928702 ], [ -73.9714944, 40.7927616 ], [ -73.9716199, 40.7925763 ], [ -73.9718626, 40.7922402 ], [ -73.9719473, 40.7921282 ], [ -73.9723204, 40.7916204 ], [ -73.9724103, 40.7915027 ], [ -73.9727842, 40.7909852 ], [ -73.9728677, 40.7908733 ], [ -73.9732394, 40.7903607 ], [ -73.973314, 40.7902478 ], [ -73.9736983, 40.7897344 ], [ -73.9737782, 40.7896226 ], [ -73.9741533, 40.7891095 ], [ -73.9742337, 40.7889951 ], [ -73.9746128, 40.7884786 ], [ -73.97469, 40.7883715 ], [ -73.9750816, 40.7878407 ], [ -73.9752205, 40.7876502 ], [ -73.975603, 40.7871218 ], [ -73.9756746, 40.787012 ], [ -73.9760631, 40.7864873 ], [ -73.9761458, 40.7863698 ], [ -73.9765267, 40.7858506 ], [ -73.9765681, 40.7857881 ], [ -73.9766029, 40.7857383 ], [ -73.9769877, 40.7852197 ], [ -73.9770304, 40.785161 ], [ -73.9770709, 40.785105 ], [ -73.977447, 40.7845831 ], [ -73.9775345, 40.7844686 ], [ -73.9779108, 40.7839488 ], [ -73.9779992, 40.7838365 ], [ -73.9783901, 40.7833036 ], [ -73.9785258, 40.7831124 ], [ -73.9789168, 40.7825832 ], [ -73.9790017, 40.7824699 ], [ -73.9793714, 40.7819463 ], [ -73.9794056, 40.781898 ], [ -73.9794532, 40.7818339 ], [ -73.9798407, 40.781306 ], [ -73.9799208, 40.7812009 ], [ -73.9802986, 40.7806762 ], [ -73.9803892, 40.780557 ], [ -73.9807618, 40.7800455 ], [ -73.9808456, 40.7799269 ], [ -73.9812175, 40.7794081 ], [ -73.9813069, 40.7792911 ], [ -73.9816881, 40.7787631 ], [ -73.9817596, 40.7786634 ], [ -73.981812, 40.7785902 ], [ -73.9817845, 40.7785505 ], [ -73.9820921, 40.7780453 ], [ -73.9820717, 40.7779466 ], [ -73.982096, 40.7779122 ], [ -73.982146, 40.7778496 ], [ -73.9821916, 40.7776389 ], [ -73.9822385, 40.7776153 ], [ -73.9822573, 40.7776183 ], [ -73.9824464, 40.7773426 ], [ -73.9824179, 40.7773056 ], [ -73.9825026, 40.7771927 ], [ -73.9826252, 40.7770209 ], [ -73.9828698, 40.7766813 ], [ -73.9829557, 40.7765627 ], [ -73.9833353, 40.7760559 ], [ -73.983418, 40.7759408 ], [ -73.9837847, 40.77543 ], [ -73.9838699, 40.7753162 ], [ -73.9842425, 40.7748001 ], [ -73.9843269, 40.7746868 ], [ -73.9846995, 40.7741751 ], [ -73.9847931, 40.774037 ], [ -73.9851334, 40.7735786 ], [ -73.985181, 40.7735103 ], [ -73.9852371, 40.7734357 ], [ -73.9856448, 40.7728745 ], [ -73.9856885, 40.7728141 ], [ -73.9860446, 40.7723215 ], [ -73.9861658, 40.7721671 ], [ -73.9865221, 40.7716736 ], [ -73.9865657, 40.7716133 ], [ -73.9866033, 40.7715613 ], [ -73.9869409, 40.7710938 ], [ -73.9870094, 40.7710128 ], [ -73.9870708, 40.7709351 ], [ -73.9874402, 40.7704346 ], [ -73.9875353, 40.7703133 ], [ -73.9877214, 40.7700587 ], [ -73.9879049, 40.7698077 ], [ -73.9879906, 40.7696849 ], [ -73.9883627, 40.7691672 ], [ -73.988504, 40.7689703 ], [ -73.9888834, 40.7684471 ], [ -73.988965, 40.7683378 ], [ -73.9889682, 40.7683281 ], [ -73.989336, 40.7678256 ], [ -73.9894244, 40.7677106 ], [ -73.9898058, 40.7671982 ], [ -73.9898824, 40.7670854 ], [ -73.9902613, 40.7665744 ], [ -73.9903429, 40.7664617 ], [ -73.990717, 40.7659575 ], [ -73.9907984, 40.7658306 ], [ -73.9911605, 40.7653215 ], [ -73.9912103, 40.7652584 ], [ -73.9912447, 40.7652124 ], [ -73.9916248, 40.7647017 ], [ -73.9917137, 40.76458 ], [ -73.9920725, 40.7640681 ], [ -73.9921622, 40.7639458 ], [ -73.9925307, 40.7634435 ], [ -73.9926182, 40.7633203 ], [ -73.9930012, 40.7628224 ], [ -73.9930833, 40.7627073 ], [ -73.9934536, 40.7621928 ], [ -73.993536, 40.7620771 ], [ -73.9939092, 40.7615609 ], [ -73.9939931, 40.7614468 ], [ -73.9943543, 40.760946 ], [ -73.9944429, 40.7608203 ], [ -73.9948084, 40.7603162 ], [ -73.994849, 40.7602597 ], [ -73.9948953, 40.7601952 ], [ -73.9952623, 40.7596841 ], [ -73.9953417, 40.7595711 ], [ -73.9954103, 40.7594736 ], [ -73.995727, 40.7590359 ], [ -73.9957898, 40.7589407 ], [ -73.9958542, 40.7588468 ], [ -73.9962291, 40.7583498 ], [ -73.9962727, 40.7582889 ], [ -73.9963295, 40.7582116 ], [ -73.9966271, 40.757813 ], [ -73.9966818, 40.7577393 ], [ -73.9967181, 40.7576965 ], [ -73.9967811, 40.7576291 ], [ -73.9971244, 40.7571161 ], [ -73.9971792, 40.7570381 ], [ -73.9972112, 40.7569924 ], [ -73.997579, 40.7565078 ], [ -73.9976394, 40.7564267 ], [ -73.9976775, 40.7563755 ], [ -73.9978457, 40.7561321 ], [ -73.9978992, 40.7560582 ], [ -73.9979773, 40.7559505 ], [ -73.9980304, 40.7558772 ], [ -73.9980732, 40.7558172 ], [ -73.9981232, 40.7557471 ], [ -73.9983204, 40.7554794 ], [ -73.9984815, 40.7552603 ], [ -73.9985245, 40.7551998 ], [ -73.9985647, 40.7551431 ], [ -73.9989417, 40.754637 ], [ -73.9990744, 40.7544405 ], [ -73.9994477, 40.7539322 ], [ -73.9995308, 40.7538067 ], [ -74.0003536, 40.7526885 ], [ -74.0003766, 40.7526864 ], [ -74.0004396, 40.7525762 ], [ -74.0006898, 40.7522267 ], [ -74.0007814, 40.7521017 ], [ -74.00081, 40.7520625 ], [ -74.0008439, 40.7520169 ], [ -74.0008737, 40.7519764 ], [ -74.0012551, 40.7514566 ], [ -74.0012928, 40.7514027 ], [ -74.0013416, 40.7513328 ], [ -74.0016993, 40.7508318 ], [ -74.0017838, 40.7507115 ], [ -74.0021478, 40.7502142 ], [ -74.0021737, 40.7501795 ], [ -74.0022076, 40.7501341 ], [ -74.0022313, 40.7501024 ], [ -74.0026095, 40.7496001 ], [ -74.0027022, 40.7494765 ], [ -74.0030531, 40.748988 ], [ -74.0031426, 40.7488668 ], [ -74.0035051, 40.7483696 ], [ -74.0035141, 40.7483566 ], [ -74.0035971, 40.7482466 ], [ -74.003958, 40.7477273 ], [ -74.0040246, 40.7476444 ], [ -74.0040984, 40.7475543 ], [ -74.0044807, 40.7470349 ], [ -74.0045294, 40.7469713 ], [ -74.0045653, 40.7469246 ], [ -74.0049457, 40.7464161 ], [ -74.0049841, 40.7463654 ], [ -74.0050333, 40.7462994 ], [ -74.0053633, 40.7458244 ], [ -74.0054075, 40.7457638 ], [ -74.0054533, 40.7456996 ], [ -74.0057863, 40.7452438 ], [ -74.0058341, 40.7451783 ], [ -74.0058767, 40.7451202 ], [ -74.0062102, 40.7446726 ], [ -74.0062663, 40.7445965 ], [ -74.0063054, 40.7445406 ], [ -74.006646, 40.7440748 ], [ -74.0066921, 40.7440112 ], [ -74.006736, 40.7439506 ], [ -74.0070924, 40.7434979 ], [ -74.0071857, 40.7433794 ], [ -74.0075368, 40.7428476 ], [ -74.0076233, 40.7427299 ], [ -74.0079815, 40.7422349 ], [ -74.0080094, 40.742195 ], [ -74.0081404, 40.742027 ], [ -74.0085287, 40.7414672 ], [ -74.0085516, 40.7414773 ], [ -74.0086355, 40.7413627 ], [ -74.0086153, 40.7413559 ], [ -74.0088433, 40.7407589 ], [ -74.0088718, 40.7406162 ], [ -74.0095027, 40.7394312 ] ] } },
{ "type": "Feature", "properties": { "id": "met", "venue_name": "The Metropolitan Museum of Art", "network_distance_m": 4062.4 }, "geometry": { "type": "LineString", "coordinates": [ [ -73.9624493, 40.8077563 ], [ -73.9622458, 40.8076717 ], [ -73.962308, 40.8075899 ], [ -73.9623663, 40.8075087 ], [ -73.9619458, 40.8073263 ], [ -73.9619089, 40.8073103 ], [ -73.9611833, 40.8070001 ], [ -73.961105, 40.8069672 ], [ -73.9608576, 40.8068614 ], [ -73.9601562, 40.8065578 ], [ -73.9593977, 40.8062297 ], [ -73.9592012, 40.8061481 ], [ -73.9592594, 40.8060677 ], [ -73.9593132, 40.8059958 ], [ -73.9596957, 40.80544 ], [ -73.9599314, 40.8047473 ], [ -73.9599652, 40.8046485 ], [ -73.9599694, 40.8046373 ], [ -73.9601733, 40.8040429 ], [ -73.9602112, 40.8039324 ], [ -73.9602272, 40.8038858 ], [ -73.9603827, 40.8034337 ], [ -73.9604489, 40.8032367 ], [ -73.9606983, 40.8025198 ], [ -73.9609258, 40.8018493 ], [ -73.9609801, 40.8015988 ], [ -73.9610031, 40.8015644 ], [ -73.9598267, 40.8010925 ], [ -73.9596342, 40.8010061 ], [ -73.958682, 40.8006049 ], [ -73.9585248, 40.8003577 ], [ -73.9587155, 40.8000936 ], [ -73.9587957, 40.7999895 ], [ -73.9591714, 40.7994618 ], [ -73.9592486, 40.7993541 ], [ -73.9589813, 40.7992425 ], [ -73.9588131, 40.7991083 ], [ -73.9586636, 40.7987276 ], [ -73.9585288, 40.7987644 ], [ -73.9574403, 40.7981301 ], [ -73.9570392, 40.7972469 ], [ -73.9567982, 40.7965162 ], [ -73.9566562, 40.7965211 ], [ -73.9567177, 40.7960916 ], [ -73.9568913, 40.7956486 ], [ -73.9570595, 40.7952709 ], [ -73.9582615, 40.7945869 ], [ -73.9582608, 40.7945815 ], [ -73.9582437, 40.7945714 ], [ -73.958206, 40.7945134 ], [ -73.95819, 40.7944092 ], [ -73.9580788, 40.7943981 ], [ -73.9579753, 40.7943104 ], [ -73.9581394, 40.7939768 ], [ -73.9583485, 40.7933134 ], [ -73.958298, 40.7914359 ], [ -73.9584282, 40.7904399 ], [ -73.9576829, 40.7901197 ], [ -73.9575151, 40.7897571 ], [ -73.9574709, 40.7897499 ], [ -73.9573402, 40.789722 ], [ -73.95702, 40.7876095 ], [ -73.9587975, 40.7843176 ], [ -73.9587244, 40.7842788 ], [ -73.9587957, 40.7841793 ], [ -73.958678, 40.7841303 ], [ -73.9587288, 40.7840585 ], [ -73.9590869, 40.7835524 ], [ -73.9591498, 40.7834654 ], [ -73.9595205, 40.782937 ], [ -73.9595912, 40.7828372 ], [ -73.9599818, 40.7823143 ], [ -73.9600654, 40.7822024 ], [ -73.9604544, 40.7816816 ], [ -73.9605969, 40.7814952 ], [ -73.9608636, 40.7811339 ], [ -73.9609825, 40.7809711 ], [ -73.9610334, 40.7809036 ], [ -73.961072, 40.7808502 ], [ -73.9614094, 40.7803777 ], [ -73.9612359, 40.7802437 ], [ -73.9613268, 40.7801203 ], [ -73.9617053, 40.7796082 ], [ -73.9617904, 40.7794952 ], [ -73.9621785, 40.7789729 ], [ -73.9622571, 40.7788643 ], [ -73.9626263, 40.7783368 ] ] } },
{ "type": "Feature", "properties": { "id": "afam", "venue_name": "American Folk Art Museum", "network_distance_m": 4558.2 }, "geometry": { "type": "LineString", "coordinates": [ [ -73.9624493, 40.8077563 ], [ -73.9622458, 40.8076717 ], [ -73.962308, 40.8075899 ], [ -73.9623663, 40.8075087 ], [ -73.9619458, 40.8073263 ], [ -73.9619089, 40.8073103 ], [ -73.9620382, 40.8071255 ], [ -73.9620099, 40.8071136 ], [ -73.9621545, 40.8069096 ], [ -73.9624385, 40.8065193 ], [ -73.9625207, 40.8064016 ], [ -73.9626418, 40.8062358 ], [ -73.9628471, 40.805953 ], [ -73.9620882, 40.8056299 ], [ -73.9621737, 40.8055126 ], [ -73.9625482, 40.8049983 ], [ -73.9626409, 40.8048795 ], [ -73.9630936, 40.8042656 ], [ -73.9634667, 40.80374 ], [ -73.9635537, 40.8036311 ], [ -73.9639255, 40.8031424 ], [ -73.9640625, 40.8029504 ], [ -73.9643926, 40.8024893 ], [ -73.9644721, 40.8023795 ], [ -73.964856, 40.8018662 ], [ -73.9649387, 40.8017536 ], [ -73.9653097, 40.8012346 ], [ -73.9653931, 40.8011162 ], [ -73.9657733, 40.8005947 ], [ -73.9659141, 40.8003972 ], [ -73.966287, 40.7998789 ], [ -73.9663787, 40.7997672 ], [ -73.9667527, 40.799242 ], [ -73.9668359, 40.7991425 ], [ -73.9672117, 40.7986218 ], [ -73.96729, 40.7985042 ], [ -73.967679, 40.7979979 ], [ -73.9677629, 40.7978865 ], [ -73.9681163, 40.7973665 ], [ -73.9682069, 40.7972492 ], [ -73.9685867, 40.7967339 ], [ -73.9686622, 40.7966205 ], [ -73.969042, 40.7961008 ], [ -73.969125, 40.7959927 ], [ -73.9695048, 40.7954787 ], [ -73.969594, 40.7953611 ], [ -73.9699653, 40.7948519 ], [ -73.9700403, 40.7947386 ], [ -73.9704315, 40.7942037 ], [ -73.9705616, 40.794024 ], [ -73.9709494, 40.7934964 ], [ -73.9710286, 40.7933837 ], [ -73.9714131, 40.7928702 ], [ -73.9714944, 40.7927616 ], [ -73.9716199, 40.7925763 ], [ -73.9718626, 40.7922402 ], [ -73.9719473, 40.7921282 ], [ -73.9723204, 40.7916204 ], [ -73.9724103, 40.7915027 ], [ -73.9727842, 40.7909852 ], [ -73.9728677, 40.7908733 ], [ -73.9732394, 40.7903607 ], [ -73.973314, 40.7902478 ], [ -73.9736983, 40.7897344 ], [ -73.9737782, 40.7896226 ], [ -73.9741533, 40.7891095 ], [ -73.9742337, 40.7889951 ], [ -73.9746128, 40.7884786 ], [ -73.97469, 40.7883715 ], [ -73.9750816, 40.7878407 ], [ -73.9752205, 40.7876502 ], [ -73.975603, 40.7871218 ], [ -73.9756746, 40.787012 ], [ -73.9760631, 40.7864873 ], [ -73.9761458, 40.7863698 ], [ -73.9765267, 40.7858506 ], [ -73.9765681, 40.7857881 ], [ -73.9766029, 40.7857383 ], [ -73.9769877, 40.7852197 ], [ -73.9770304, 40.785161 ], [ -73.9770709, 40.785105 ], [ -73.977447, 40.7845831 ], [ -73.9775345, 40.7844686 ], [ -73.9779108, 40.7839488 ], [ -73.9779992, 40.7838365 ], [ -73.9783901, 40.7833036 ], [ -73.9785258, 40.7831124 ], [ -73.9789168, 40.7825832 ], [ -73.9790017, 40.7824699 ], [ -73.9793714, 40.7819463 ], [ -73.9794056, 40.781898 ], [ -73.9794532, 40.7818339 ], [ -73.9798407, 40.781306 ], [ -73.9799208, 40.7812009 ], [ -73.9802986, 40.7806762 ], [ -73.9803892, 40.780557 ], [ -73.9807618, 40.7800455 ], [ -73.9808456, 40.7799269 ], [ -73.9812175, 40.7794081 ], [ -73.9813069, 40.7792911 ], [ -73.9816881, 40.7787631 ], [ -73.9817596, 40.7786634 ], [ -73.981812, 40.7785902 ], [ -73.9817845, 40.7785505 ], [ -73.9815773, 40.7784584 ], [ -73.9818349, 40.7778802 ], [ -73.9818468, 40.777742 ], [ -73.9818826, 40.7770822 ], [ -73.9818841, 40.7769365 ], [ -73.9819165, 40.7762851 ], [ -73.9819176, 40.7762664 ], [ -73.9819173, 40.7761282 ], [ -73.9819468, 40.7754696 ], [ -73.9819608, 40.7753258 ], [ -73.9819794, 40.7746671 ], [ -73.9819823, 40.7745215 ], [ -73.9820065, 40.7738566 ], [ -73.9820135, 40.7737344 ], [ -73.981993, 40.7737163 ], [ -73.9817424, 40.7736017 ], [ -73.9814855, 40.7734863 ], [ -73.9810337, 40.7732996 ], [ -73.9795782, 40.7726895 ] ] } },
{ "type": "Feature", "properties": { "id": "museum-fit", "venue_name": "The Museum at FIT", "network_distance_m": 7805.9 }, "geometry": { "type": "LineString", "coordinates": [ [ -73.9624493, 40.8077563 ], [ -73.9622458, 40.8076717 ], [ -73.962308, 40.8075899 ], [ -73.9623663, 40.8075087 ], [ -73.9619458, 40.8073263 ], [ -73.9619089, 40.8073103 ], [ -73.9620382, 40.8071255 ], [ -73.9620099, 40.8071136 ], [ -73.9621545, 40.8069096 ], [ -73.9624385, 40.8065193 ], [ -73.9625207, 40.8064016 ], [ -73.9626418, 40.8062358 ], [ -73.9628471, 40.805953 ], [ -73.9620882, 40.8056299 ], [ -73.9621737, 40.8055126 ], [ -73.9625482, 40.8049983 ], [ -73.9626409, 40.8048795 ], [ -73.9630936, 40.8042656 ], [ -73.9634667, 40.80374 ], [ -73.9635537, 40.8036311 ], [ -73.9639255, 40.8031424 ], [ -73.9640625, 40.8029504 ], [ -73.9643926, 40.8024893 ], [ -73.9644721, 40.8023795 ], [ -73.964856, 40.8018662 ], [ -73.9649387, 40.8017536 ], [ -73.9653097, 40.8012346 ], [ -73.9653931, 40.8011162 ], [ -73.9657733, 40.8005947 ], [ -73.9659141, 40.8003972 ], [ -73.966287, 40.7998789 ], [ -73.9663787, 40.7997672 ], [ -73.9667527, 40.799242 ], [ -73.9668359, 40.7991425 ], [ -73.9672117, 40.7986218 ], [ -73.96729, 40.7985042 ], [ -73.967679, 40.7979979 ], [ -73.9677629, 40.7978865 ], [ -73.9681163, 40.7973665 ], [ -73.9682069, 40.7972492 ], [ -73.9685867, 40.7967339 ], [ -73.9686622, 40.7966205 ], [ -73.969042, 40.7961008 ], [ -73.969125, 40.7959927 ], [ -73.9695048, 40.7954787 ], [ -73.969594, 40.7953611 ], [ -73.9699653, 40.7948519 ], [ -73.9700403, 40.7947386 ], [ -73.9704315, 40.7942037 ], [ -73.9705616, 40.794024 ], [ -73.9709494, 40.7934964 ], [ -73.9710286, 40.7933837 ], [ -73.9714131, 40.7928702 ], [ -73.9714944, 40.7927616 ], [ -73.9716199, 40.7925763 ], [ -73.9718626, 40.7922402 ], [ -73.9719473, 40.7921282 ], [ -73.9723204, 40.7916204 ], [ -73.9724103, 40.7915027 ], [ -73.9727842, 40.7909852 ], [ -73.9728677, 40.7908733 ], [ -73.9732394, 40.7903607 ], [ -73.973314, 40.7902478 ], [ -73.9736983, 40.7897344 ], [ -73.9737782, 40.7896226 ], [ -73.9741533, 40.7891095 ], [ -73.9742337, 40.7889951 ], [ -73.9746128, 40.7884786 ], [ -73.97469, 40.7883715 ], [ -73.9750816, 40.7878407 ], [ -73.9752205, 40.7876502 ], [ -73.975603, 40.7871218 ], [ -73.9756746, 40.787012 ], [ -73.9760631, 40.7864873 ], [ -73.9761458, 40.7863698 ], [ -73.9765267, 40.7858506 ], [ -73.9765681, 40.7857881 ], [ -73.9766029, 40.7857383 ], [ -73.9769877, 40.7852197 ], [ -73.9770304, 40.785161 ], [ -73.9770709, 40.785105 ], [ -73.977447, 40.7845831 ], [ -73.9775345, 40.7844686 ], [ -73.9779108, 40.7839488 ], [ -73.9779992, 40.7838365 ], [ -73.9783901, 40.7833036 ], [ -73.9785258, 40.7831124 ], [ -73.9789168, 40.7825832 ], [ -73.9790017, 40.7824699 ], [ -73.9793714, 40.7819463 ], [ -73.9794056, 40.781898 ], [ -73.9794532, 40.7818339 ], [ -73.9798407, 40.781306 ], [ -73.9799208, 40.7812009 ], [ -73.9802986, 40.7806762 ], [ -73.9803892, 40.780557 ], [ -73.9807618, 40.7800455 ], [ -73.9808456, 40.7799269 ], [ -73.9812175, 40.7794081 ], [ -73.9813069, 40.7792911 ], [ -73.9816881, 40.7787631 ], [ -73.9817596, 40.7786634 ], [ -73.981812, 40.7785902 ], [ -73.9817845, 40.7785505 ], [ -73.9815773, 40.7784584 ], [ -73.9818349, 40.7778802 ], [ -73.9818468, 40.777742 ], [ -73.9818826, 40.7770822 ], [ -73.9818841, 40.7769365 ], [ -73.9819165, 40.7762851 ], [ -73.9819176, 40.7762664 ], [ -73.9819173, 40.7761282 ], [ -73.9819468, 40.7754696 ], [ -73.9819608, 40.7753258 ], [ -73.9819794, 40.7746671 ], [ -73.9819823, 40.7745215 ], [ -73.9820065, 40.7738566 ], [ -73.9820135, 40.7737344 ], [ -73.981993, 40.7737163 ], [ -73.9819896, 40.7734575 ], [ -73.9819866, 40.7732494 ], [ -73.9820503, 40.7731655 ], [ -73.9820503, 40.7731292 ], [ -73.9818615, 40.7729873 ], [ -73.9819518, 40.7728715 ], [ -73.9824016, 40.7722647 ], [ -73.9823934, 40.7719847 ], [ -73.9823772, 40.7715739 ], [ -73.982377, 40.7714886 ], [ -73.9823785, 40.7714139 ], [ -73.982382, 40.7707515 ], [ -73.9823742, 40.7705907 ], [ -73.9823549, 40.7699347 ], [ -73.9823489, 40.7697563 ], [ -73.9823382, 40.7691033 ], [ -73.9823277, 40.7688913 ], [ -73.9823148, 40.7685759 ], [ -73.9825309, 40.7683491 ], [ -73.9825368, 40.7677802 ], [ -73.9824008, 40.7676397 ], [ -73.9824459, 40.7675681 ], [ -73.9822072, 40.767406 ], [ -73.9822923, 40.7672798 ], [ -73.9826646, 40.7667649 ], [ -73.9828048, 40.7665735 ], [ -73.9831906, 40.76605 ], [ -73.983268, 40.7659396 ], [ -73.9836501, 40.7654268 ], [ -73.9837307, 40.7653119 ], [ -73.9840969, 40.7648017 ], [ -73.9841915, 40.7646893 ], [ -73.9845488, 40.7641758 ], [ -73.9846497, 40.7640627 ], [ -73.9850188, 40.7635525 ], [ -73.9851008, 40.7634317 ], [ -73.9854779, 40.7629203 ], [ -73.9854889, 40.7629022 ], [ -73.9855497, 40.7628121 ], [ -73.9859125, 40.7623 ], [ -73.9860033, 40.7621729 ], [ -73.9863867, 40.7616638 ], [ -73.9864689, 40.7615541 ], [ -73.9868336, 40.7610514 ], [ -73.9869334, 40.7609228 ], [ -73.9872947, 40.7604187 ], [ -73.9873872, 40.7603064 ], [ -73.987762, 40.759797 ], [ -73.9878432, 40.7596824 ], [ -73.9882204, 40.7591753 ], [ -73.988217, 40.7591644 ], [ -73.9882998, 40.7590503 ], [ -73.988678, 40.7585419 ], [ -73.9887591, 40.7584302 ], [ -73.9891208, 40.7579245 ], [ -73.9891266, 40.7579164 ], [ -73.9892145, 40.7577968 ], [ -73.9896034, 40.7572787 ], [ -73.9896014, 40.7572645 ], [ -73.9897193, 40.757083 ], [ -73.9900926, 40.7565677 ], [ -73.9901369, 40.7565083 ], [ -73.9901796, 40.756451 ], [ -73.9905401, 40.7559575 ], [ -73.9905861, 40.7558891 ], [ -73.9906215, 40.7558365 ], [ -73.9910094, 40.7553461 ], [ -73.9910589, 40.7552801 ], [ -73.9911057, 40.7552179 ], [ -73.9914443, 40.754716 ], [ -73.9915268, 40.754589 ], [ -73.9919005, 40.7541018 ], [ -73.9919881, 40.7539803 ], [ -73.992348, 40.7534812 ], [ -73.9924354, 40.75336 ], [ -73.9927908, 40.752867 ], [ -73.9928793, 40.752747 ], [ -73.9932639, 40.752229 ], [ -73.9932918, 40.7522219 ], [ -73.99333, 40.7521481 ], [ -73.9933836, 40.752056 ], [ -73.993759, 40.7515379 ], [ -73.9937983, 40.7515261 ], [ -73.9938178, 40.7514782 ], [ -73.993856, 40.751405 ], [ -73.993868, 40.7513788 ], [ -73.9939516, 40.7512665 ], [ -73.9939627, 40.7512517 ], [ -73.9942772, 40.7508233 ], [ -73.994541, 40.7504654 ], [ -73.9946449, 40.7503207 ], [ -73.994762, 40.7501955 ], [ -73.9947543, 40.7501783 ], [ -73.9951255, 40.7496764 ], [ -73.9952086, 40.7495636 ], [ -73.9955765, 40.7490532 ], [ -73.9956673, 40.7489354 ], [ -73.9959968, 40.7484394 ], [ -73.9960999, 40.7483058 ], [ -73.9964704, 40.7478241 ], [ -73.9965053, 40.7477712 ], [ -73.9965455, 40.7477103 ], [ -73.9969132, 40.7472062 ], [ -73.9969516, 40.7471538 ], [ -73.9953152, 40.7464657 ] ] } },
{ "type": "Feature", "properties": { "id": "leslie-lohman", "venue_name": "Leslie-Lohman Museum of Art", "network_distance_m": 10683.1 }, "geometry": { "type": "LineString", "coordinates": [ [ -73.9624493, 40.8077563 ], [ -73.9622458, 40.8076717 ], [ -73.962308, 40.8075899 ], [ -73.9623663, 40.8075087 ], [ -73.9619458, 40.8073263 ], [ -73.9619089, 40.8073103 ], [ -73.9620382, 40.8071255 ], [ -73.9620099, 40.8071136 ], [ -73.9621545, 40.8069096 ], [ -73.9624385, 40.8065193 ], [ -73.9625207, 40.8064016 ], [ -73.9626418, 40.8062358 ], [ -73.9628471, 40.805953 ], [ -73.9620882, 40.8056299 ], [ -73.9621737, 40.8055126 ], [ -73.9625482, 40.8049983 ], [ -73.9626409, 40.8048795 ], [ -73.9630936, 40.8042656 ], [ -73.9634667, 40.80374 ], [ -73.9635537, 40.8036311 ], [ -73.9639255, 40.8031424 ], [ -73.9640625, 40.8029504 ], [ -73.9643926, 40.8024893 ], [ -73.9644721, 40.8023795 ], [ -73.964856, 40.8018662 ], [ -73.9649387, 40.8017536 ], [ -73.9653097, 40.8012346 ], [ -73.9653931, 40.8011162 ], [ -73.9657733, 40.8005947 ], [ -73.9659141, 40.8003972 ], [ -73.966287, 40.7998789 ], [ -73.9663787, 40.7997672 ], [ -73.9667527, 40.799242 ], [ -73.9668359, 40.7991425 ], [ -73.9672117, 40.7986218 ], [ -73.96729, 40.7985042 ], [ -73.967679, 40.7979979 ], [ -73.9677629, 40.7978865 ], [ -73.9681163, 40.7973665 ], [ -73.9682069, 40.7972492 ], [ -73.9685867, 40.7967339 ], [ -73.9686622, 40.7966205 ], [ -73.969042, 40.7961008 ], [ -73.969125, 40.7959927 ], [ -73.9695048, 40.7954787 ], [ -73.969594, 40.7953611 ], [ -73.9699653, 40.7948519 ], [ -73.9700403, 40.7947386 ], [ -73.9704315, 40.7942037 ], [ -73.9705616, 40.794024 ], [ -73.9709494, 40.7934964 ], [ -73.9710286, 40.7933837 ], [ -73.9714131, 40.7928702 ], [ -73.9714944, 40.7927616 ], [ -73.9716199, 40.7925763 ], [ -73.9718626, 40.7922402 ], [ -73.9719473, 40.7921282 ], [ -73.9723204, 40.7916204 ], [ -73.9724103, 40.7915027 ], [ -73.9727842, 40.7909852 ], [ -73.9728677, 40.7908733 ], [ -73.9732394, 40.7903607 ], [ -73.973314, 40.7902478 ], [ -73.9736983, 40.7897344 ], [ -73.9737782, 40.7896226 ], [ -73.9741533, 40.7891095 ], [ -73.9742337, 40.7889951 ], [ -73.9746128, 40.7884786 ], [ -73.97469, 40.7883715 ], [ -73.9750816, 40.7878407 ], [ -73.9752205, 40.7876502 ], [ -73.975603, 40.7871218 ], [ -73.9756746, 40.787012 ], [ -73.9760631, 40.7864873 ], [ -73.9761458, 40.7863698 ], [ -73.9765267, 40.7858506 ], [ -73.9765681, 40.7857881 ], [ -73.9766029, 40.7857383 ], [ -73.9769877, 40.7852197 ], [ -73.9770304, 40.785161 ], [ -73.9770709, 40.785105 ], [ -73.977447, 40.7845831 ], [ -73.9775345, 40.7844686 ], [ -73.9779108, 40.7839488 ], [ -73.9779992, 40.7838365 ], [ -73.9783901, 40.7833036 ], [ -73.9785258, 40.7831124 ], [ -73.9789168, 40.7825832 ], [ -73.9790017, 40.7824699 ], [ -73.9793714, 40.7819463 ], [ -73.9794056, 40.781898 ], [ -73.9794532, 40.7818339 ], [ -73.9798407, 40.781306 ], [ -73.9799208, 40.7812009 ], [ -73.9802986, 40.7806762 ], [ -73.9803892, 40.780557 ], [ -73.9807618, 40.7800455 ], [ -73.9808456, 40.7799269 ], [ -73.9812175, 40.7794081 ], [ -73.9813069, 40.7792911 ], [ -73.9816881, 40.7787631 ], [ -73.9817596, 40.7786634 ], [ -73.981812, 40.7785902 ], [ -73.9817845, 40.7785505 ], [ -73.9815773, 40.7784584 ], [ -73.9818349, 40.7778802 ], [ -73.9818468, 40.777742 ], [ -73.9818826, 40.7770822 ], [ -73.9818841, 40.7769365 ], [ -73.9819165, 40.7762851 ], [ -73.9819176, 40.7762664 ], [ -73.9819173, 40.7761282 ], [ -73.9819468, 40.7754696 ], [ -73.9819608, 40.7753258 ], [ -73.9819794, 40.7746671 ], [ -73.9819823, 40.7745215 ], [ -73.9820065, 40.7738566 ], [ -73.9820135, 40.7737344 ], [ -73.981993, 40.7737163 ], [ -73.9819896, 40.7734575 ], [ -73.9819866, 40.7732494 ], [ -73.9820503, 40.7731655 ], [ -73.9820503, 40.7731292 ], [ -73.9818615, 40.7729873 ], [ -73.9819518, 40.7728715 ], [ -73.9819491, 40.7721874 ], [ -73.9819474, 40.7721183 ], [ -73.9819448, 40.7720397 ], [ -73.9819236, 40.7713846 ], [ -73.981929, 40.7712202 ], [ -73.9819171, 40.7708174 ], [ -73.9819139, 40.7705431 ], [ -73.9819123, 40.7704013 ], [ -73.9819057, 40.7697277 ], [ -73.9819079, 40.7695897 ], [ -73.9818838, 40.769571 ], [ -73.9818767, 40.76931 ], [ -73.9818749, 40.7692434 ], [ -73.9818663, 40.768937 ], [ -73.9818624, 40.7688235 ], [ -73.98186, 40.768741 ], [ -73.9818395, 40.7686818 ], [ -73.9816771, 40.7686147 ], [ -73.9814145, 40.7685126 ], [ -73.981396, 40.76846 ], [ -73.9812384, 40.7683147 ], [ -73.9811613, 40.7680944 ], [ -73.9811647, 40.7679835 ], [ -73.9811726, 40.7679061 ], [ -73.9812384, 40.767796 ], [ -73.9813151, 40.7677084 ], [ -73.9814454, 40.7676229 ], [ -73.9814851, 40.7676087 ], [ -73.9815737, 40.7671287 ], [ -73.9816028, 40.7669942 ], [ -73.9817068, 40.7663647 ], [ -73.981746, 40.7661339 ], [ -73.9818635, 40.7655066 ], [ -73.9818412, 40.7654811 ], [ -73.9818818, 40.7653543 ], [ -73.9820803, 40.7647814 ], [ -73.9821017, 40.7647682 ], [ -73.9821549, 40.7646463 ], [ -73.9823239, 40.7640558 ], [ -73.9823896, 40.7639353 ], [ -73.9826816, 40.7634018 ], [ -73.9827657, 40.7632677 ], [ -73.9830595, 40.7627197 ], [ -73.9831198, 40.7626084 ], [ -73.9834703, 40.7620876 ], [ -73.9835556, 40.7619504 ], [ -73.9838912, 40.7614413 ], [ -73.9839741, 40.7613198 ], [ -73.9843296, 40.7608042 ], [ -73.9843957, 40.7606875 ], [ -73.984659, 40.7601349 ], [ -73.9847213, 40.759996 ], [ -73.9849355, 40.7594259 ], [ -73.9850107, 40.7593107 ], [ -73.9852116, 40.7587369 ], [ -73.9851336, 40.7587105 ], [ -73.9852358, 40.75857 ], [ -73.98502, 40.7584759 ], [ -73.9853784, 40.7579892 ], [ -73.9853912, 40.7579709 ], [ -73.9854508, 40.7578467 ], [ -73.9856974, 40.7572859 ], [ -73.9857588, 40.7571582 ], [ -73.9860083, 40.7565982 ], [ -73.9860547, 40.7564733 ], [ -73.9862501, 40.7558631 ], [ -73.986319, 40.7556909 ], [ -73.9862828, 40.7556536 ], [ -73.986313, 40.7555562 ], [ -73.9865006, 40.7550523 ], [ -73.9865235, 40.7549131 ], [ -73.9867158, 40.7543332 ], [ -73.9867334, 40.754201 ], [ -73.9867385, 40.754186 ], [ -73.9869323, 40.7536257 ], [ -73.9869792, 40.7534735 ], [ -73.9871603, 40.7529129 ], [ -73.9871879, 40.7529104 ], [ -73.9871841, 40.7527615 ], [ -73.9873353, 40.7521736 ], [ -73.9873672, 40.7520319 ], [ -73.9874944, 40.7514391 ], [ -73.9875185, 40.7512848 ], [ -73.9876484, 40.7506866 ], [ -73.9876766, 40.7505574 ], [ -73.9876633, 40.7504894 ], [ -73.9877344, 40.7501089 ], [ -73.987759, 40.7500563 ], [ -73.987799, 40.7499249 ], [ -73.9878518, 40.7498458 ], [ -73.9879084, 40.7497612 ], [ -73.9877082, 40.7496755 ], [ -73.9879301, 40.7490652 ], [ -73.9879439, 40.7489203 ], [ -73.9880645, 40.7483164 ], [ -73.9880974, 40.7481921 ], [ -73.9881887, 40.7475752 ], [ -73.9882192, 40.7474358 ], [ -73.9883384, 40.746814 ], [ -73.9883656, 40.7466722 ], [ -73.9884809, 40.7460609 ], [ -73.9885068, 40.7459236 ], [ -73.9886208, 40.745319 ], [ -73.9886357, 40.7452414 ], [ -73.9886468, 40.7451833 ], [ -73.9887652, 40.7445665 ], [ -73.9887777, 40.7444898 ], [ -73.9887918, 40.7444277 ], [ -73.9889006, 40.7438224 ], [ -73.9889108, 40.743766 ], [ -73.9889251, 40.7436864 ], [ -73.9890368, 40.743065 ], [ -73.9890868, 40.7429306 ], [ -73.9892457, 40.7430004 ], [ -73.9893435, 40.7424026 ], [ -73.9893583, 40.7422525 ], [ -73.9894474, 40.7419662 ], [ -73.9896374, 40.7417009 ], [ -73.9897817, 40.7415057 ], [ -73.9901541, 40.7409939 ], [ -73.9902382, 40.7408763 ], [ -73.9906106, 40.7403831 ], [ -73.9906975, 40.7402642 ], [ -73.9910289, 40.7397949 ], [ -73.9911126, 40.739672 ], [ -73.9914591, 40.7391975 ], [ -73.9915358, 40.7390945 ], [ -73.991895, 40.7386073 ], [ -73.9919659, 40.7385033 ], [ -73.9923062, 40.7380339 ], [ -73.9923926, 40.7379161 ], [ -73.9927311, 40.7374444 ], [ -73.9928109, 40.737334 ], [ -73.9932067, 40.7368002 ], [ -73.993286, 40.7366968 ], [ -73.9936754, 40.7361527 ], [ -73.9938063, 40.7359691 ], [ -73.9942032, 40.7354185 ], [ -73.9942769, 40.7353119 ], [ -73.9946719, 40.7347765 ], [ -73.9947308, 40.7346662 ], [ -73.9949217, 40.7343927 ], [ -73.9951146, 40.7341384 ], [ -73.9952035, 40.7340306 ], [ -73.99556, 40.7335397 ], [ -73.9956475, 40.7334325 ], [ -73.9959879, 40.7329506 ], [ -73.9960646, 40.7328451 ], [ -73.9964088, 40.7323527 ], [ -73.9965024, 40.7322403 ], [ -73.9966428, 40.7320486 ], [ -73.9967404, 40.7319152 ], [ -73.997029, 40.731521 ], [ -73.9971162, 40.7314034 ], [ -73.997194, 40.7313126 ], [ -73.9972489, 40.7310632 ], [ -73.9971092, 40.7307033 ], [ -73.9971371, 40.730665 ], [ -73.9971678, 40.7306332 ], [ -73.9972344, 40.730589 ], [ -73.9972753, 40.7300743 ], [ -73.9973285, 40.730015 ], [ -73.997205, 40.7299541 ], [ -73.9973014, 40.7298422 ], [ -73.9977518, 40.7293231 ], [ -73.997882, 40.7292042 ], [ -73.9988246, 40.7280947 ], [ -73.9989258, 40.7279771 ], [ -73.9989703, 40.727924 ], [ -73.9993055, 40.7275232 ], [ -73.9997182, 40.7270298 ], [ -73.9999466, 40.7267633 ], [ -74.0007745, 40.7257836 ], [ -74.0001275, 40.7254573 ], [ -74.0001976, 40.7253706 ], [ -74.0011536, 40.7242481 ], [ -74.001044, 40.7241938 ], [ -74.0011101, 40.7240952 ], [ -74.0020619, 40.722969 ], [ -74.0021669, 40.7228383 ], [ -74.0028674, 40.7220172 ], [ -74.0029506, 40.7219247 ] ] } },
{ "type": "Feature", "properties": { "id": "drawing-center", "venue_name": "The Drawing Center", "network_distance_m": 10659.4 }, "geometry": { "type": "LineString", "coordinates": [ [ -73.9624493, 40.8077563 ], [ -73.9622458, 40.8076717 ], [ -73.962308, 40.8075899 ], [ -73.9623663, 40.8075087 ], [ -73.9619458, 40.8073263 ], [ -73.9619089, 40.8073103 ], [ -73.9620382, 40.8071255 ], [ -73.9620099, 40.8071136 ], [ -73.9621545, 40.8069096 ], [ -73.9624385, 40.8065193 ], [ -73.9625207, 40.8064016 ], [ -73.9626418, 40.8062358 ], [ -73.9628471, 40.805953 ], [ -73.9620882, 40.8056299 ], [ -73.9621737, 40.8055126 ], [ -73.9625482, 40.8049983 ], [ -73.9626409, 40.8048795 ], [ -73.9630936, 40.8042656 ], [ -73.9634667, 40.80374 ], [ -73.9635537, 40.8036311 ], [ -73.9639255, 40.8031424 ], [ -73.9640625, 40.8029504 ], [ -73.9643926, 40.8024893 ], [ -73.9644721, 40.8023795 ], [ -73.964856, 40.8018662 ], [ -73.9649387, 40.8017536 ], [ -73.9653097, 40.8012346 ], [ -73.9653931, 40.8011162 ], [ -73.9657733, 40.8005947 ], [ -73.9659141, 40.8003972 ], [ -73.966287, 40.7998789 ], [ -73.9663787, 40.7997672 ], [ -73.9667527, 40.799242 ], [ -73.9668359, 40.7991425 ], [ -73.9672117, 40.7986218 ], [ -73.96729, 40.7985042 ], [ -73.967679, 40.7979979 ], [ -73.9677629, 40.7978865 ], [ -73.9681163, 40.7973665 ], [ -73.9682069, 40.7972492 ], [ -73.9685867, 40.7967339 ], [ -73.9686622, 40.7966205 ], [ -73.969042, 40.7961008 ], [ -73.969125, 40.7959927 ], [ -73.9695048, 40.7954787 ], [ -73.969594, 40.7953611 ], [ -73.9699653, 40.7948519 ], [ -73.9700403, 40.7947386 ], [ -73.9704315, 40.7942037 ], [ -73.9705616, 40.794024 ], [ -73.9709494, 40.7934964 ], [ -73.9710286, 40.7933837 ], [ -73.9714131, 40.7928702 ], [ -73.9714944, 40.7927616 ], [ -73.9716199, 40.7925763 ], [ -73.9718626, 40.7922402 ], [ -73.9719473, 40.7921282 ], [ -73.9723204, 40.7916204 ], [ -73.9724103, 40.7915027 ], [ -73.9727842, 40.7909852 ], [ -73.9728677, 40.7908733 ], [ -73.9732394, 40.7903607 ], [ -73.973314, 40.7902478 ], [ -73.9736983, 40.7897344 ], [ -73.9737782, 40.7896226 ], [ -73.9741533, 40.7891095 ], [ -73.9742337, 40.7889951 ], [ -73.9746128, 40.7884786 ], [ -73.97469, 40.7883715 ], [ -73.9750816, 40.7878407 ], [ -73.9752205, 40.7876502 ], [ -73.975603, 40.7871218 ], [ -73.9756746, 40.787012 ], [ -73.9760631, 40.7864873 ], [ -73.9761458, 40.7863698 ], [ -73.9765267, 40.7858506 ], [ -73.9765681, 40.7857881 ], [ -73.9766029, 40.7857383 ], [ -73.9769877, 40.7852197 ], [ -73.9770304, 40.785161 ], [ -73.9770709, 40.785105 ], [ -73.977447, 40.7845831 ], [ -73.9775345, 40.7844686 ], [ -73.9779108, 40.7839488 ], [ -73.9779992, 40.7838365 ], [ -73.9783901, 40.7833036 ], [ -73.9785258, 40.7831124 ], [ -73.9789168, 40.7825832 ], [ -73.9790017, 40.7824699 ], [ -73.9793714, 40.7819463 ], [ -73.9794056, 40.781898 ], [ -73.9794532, 40.7818339 ], [ -73.9798407, 40.781306 ], [ -73.9799208, 40.7812009 ], [ -73.9802986, 40.7806762 ], [ -73.9803892, 40.780557 ], [ -73.9807618, 40.7800455 ], [ -73.9808456, 40.7799269 ], [ -73.9812175, 40.7794081 ], [ -73.9813069, 40.7792911 ], [ -73.9816881, 40.7787631 ], [ -73.9817596, 40.7786634 ], [ -73.981812, 40.7785902 ], [ -73.9817845, 40.7785505 ], [ -73.9815773, 40.7784584 ], [ -73.9818349, 40.7778802 ], [ -73.9818468, 40.777742 ], [ -73.9818826, 40.7770822 ], [ -73.9818841, 40.7769365 ], [ -73.9819165, 40.7762851 ], [ -73.9819176, 40.7762664 ], [ -73.9819173, 40.7761282 ], [ -73.9819468, 40.7754696 ], [ -73.9819608, 40.7753258 ], [ -73.9819794, 40.7746671 ], [ -73.9819823, 40.7745215 ], [ -73.9820065, 40.7738566 ], [ -73.9820135, 40.7737344 ], [ -73.981993, 40.7737163 ], [ -73.9819896, 40.7734575 ], [ -73.9819866, 40.7732494 ], [ -73.9820503, 40.7731655 ], [ -73.9820503, 40.7731292 ], [ -73.9818615, 40.7729873 ], [ -73.9819518, 40.7728715 ], [ -73.9819491, 40.7721874 ], [ -73.9819474, 40.7721183 ], [ -73.9819448, 40.7720397 ], [ -73.9819236, 40.7713846 ], [ -73.981929, 40.7712202 ], [ -73.9819171, 40.7708174 ], [ -73.9819139, 40.7705431 ], [ -73.9819123, 40.7704013 ], [ -73.9819057, 40.7697277 ], [ -73.9819079, 40.7695897 ], [ -73.9818838, 40.769571 ], [ -73.9818767, 40.76931 ], [ -73.9818749, 40.7692434 ], [ -73.9818663, 40.768937 ], [ -73.9818624, 40.7688235 ], [ -73.98186, 40.768741 ], [ -73.9818395, 40.7686818 ], [ -73.9816771, 40.7686147 ], [ -73.9814145, 40.7685126 ], [ -73.981396, 40.76846 ], [ -73.9812384, 40.7683147 ], [ -73.9811613, 40.7680944 ], [ -73.9811647, 40.7679835 ], [ -73.9811726, 40.7679061 ], [ -73.9812384, 40.767796 ], [ -73.9813151, 40.7677084 ], [ -73.9814454, 40.7676229 ], [ -73.9814851, 40.7676087 ], [ -73.9815737, 40.7671287 ], [ -73.9816028, 40.7669942 ], [ -73.9817068, 40.7663647 ], [ -73.981746, 40.7661339 ], [ -73.9818635, 40.7655066 ], [ -73.9818412, 40.7654811 ], [ -73.9818818, 40.7653543 ], [ -73.9820803, 40.7647814 ], [ -73.9821017, 40.7647682 ], [ -73.9821549, 40.7646463 ], [ -73.9823239, 40.7640558 ], [ -73.9823896, 40.7639353 ], [ -73.9826816, 40.7634018 ], [ -73.9827657, 40.7632677 ], [ -73.9830595, 40.7627197 ], [ -73.9831198, 40.7626084 ], [ -73.9834703, 40.7620876 ], [ -73.9835556, 40.7619504 ], [ -73.9838912, 40.7614413 ], [ -73.9839741, 40.7613198 ], [ -73.9843296, 40.7608042 ], [ -73.9843957, 40.7606875 ], [ -73.984659, 40.7601349 ], [ -73.9847213, 40.759996 ], [ -73.9849355, 40.7594259 ], [ -73.9850107, 40.7593107 ], [ -73.9852116, 40.7587369 ], [ -73.9851336, 40.7587105 ], [ -73.9852358, 40.75857 ], [ -73.98502, 40.7584759 ], [ -73.9853784, 40.7579892 ], [ -73.9853912, 40.7579709 ], [ -73.9854508, 40.7578467 ], [ -73.9856974, 40.7572859 ], [ -73.9857588, 40.7571582 ], [ -73.9860083, 40.7565982 ], [ -73.9860547, 40.7564733 ], [ -73.9862501, 40.7558631 ], [ -73.986319, 40.7556909 ], [ -73.9862828, 40.7556536 ], [ -73.986313, 40.7555562 ], [ -73.9865006, 40.7550523 ], [ -73.9865235, 40.7549131 ], [ -73.9867158, 40.7543332 ], [ -73.9867334, 40.754201 ], [ -73.9867385, 40.754186 ], [ -73.9869323, 40.7536257 ], [ -73.9869792, 40.7534735 ], [ -73.9871603, 40.7529129 ], [ -73.9871879, 40.7529104 ], [ -73.9871841, 40.7527615 ], [ -73.9873353, 40.7521736 ], [ -73.9873672, 40.7520319 ], [ -73.9874944, 40.7514391 ], [ -73.9875185, 40.7512848 ], [ -73.9876484, 40.7506866 ], [ -73.9876766, 40.7505574 ], [ -73.9876633, 40.7504894 ], [ -73.9877344, 40.7501089 ], [ -73.987759, 40.7500563 ], [ -73.987799, 40.7499249 ], [ -73.9878518, 40.7498458 ], [ -73.9879084, 40.7497612 ], [ -73.9877082, 40.7496755 ], [ -73.9879301, 40.7490652 ], [ -73.9879439, 40.7489203 ], [ -73.9880645, 40.7483164 ], [ -73.9880974, 40.7481921 ], [ -73.9881887, 40.7475752 ], [ -73.9882192, 40.7474358 ], [ -73.9883384, 40.746814 ], [ -73.9883656, 40.7466722 ], [ -73.9884809, 40.7460609 ], [ -73.9885068, 40.7459236 ], [ -73.9886208, 40.745319 ], [ -73.9886357, 40.7452414 ], [ -73.9886468, 40.7451833 ], [ -73.9887652, 40.7445665 ], [ -73.9887777, 40.7444898 ], [ -73.9887918, 40.7444277 ], [ -73.9889006, 40.7438224 ], [ -73.9889108, 40.743766 ], [ -73.9889251, 40.7436864 ], [ -73.9890368, 40.743065 ], [ -73.9890868, 40.7429306 ], [ -73.9892457, 40.7430004 ], [ -73.9893435, 40.7424026 ], [ -73.9893583, 40.7422525 ], [ -73.9894474, 40.7419662 ], [ -73.9896374, 40.7417009 ], [ -73.9897817, 40.7415057 ], [ -73.9901541, 40.7409939 ], [ -73.9902382, 40.7408763 ], [ -73.9906106, 40.7403831 ], [ -73.9906975, 40.7402642 ], [ -73.9910289, 40.7397949 ], [ -73.9911126, 40.739672 ], [ -73.9914591, 40.7391975 ], [ -73.9915358, 40.7390945 ], [ -73.991895, 40.7386073 ], [ -73.9919659, 40.7385033 ], [ -73.9923062, 40.7380339 ], [ -73.9923926, 40.7379161 ], [ -73.9927311, 40.7374444 ], [ -73.9928109, 40.737334 ], [ -73.9932067, 40.7368002 ], [ -73.993286, 40.7366968 ], [ -73.9936754, 40.7361527 ], [ -73.9938063, 40.7359691 ], [ -73.9942032, 40.7354185 ], [ -73.9942769, 40.7353119 ], [ -73.9946719, 40.7347765 ], [ -73.9947308, 40.7346662 ], [ -73.9949217, 40.7343927 ], [ -73.9951146, 40.7341384 ], [ -73.9952035, 40.7340306 ], [ -73.99556, 40.7335397 ], [ -73.9956475, 40.7334325 ], [ -73.9959879, 40.7329506 ], [ -73.9960646, 40.7328451 ], [ -73.9964088, 40.7323527 ], [ -73.9965024, 40.7322403 ], [ -73.9966428, 40.7320486 ], [ -73.9967404, 40.7319152 ], [ -73.997029, 40.731521 ], [ -73.9971162, 40.7314034 ], [ -73.997194, 40.7313126 ], [ -73.9972489, 40.7310632 ], [ -73.9971092, 40.7307033 ], [ -73.9971371, 40.730665 ], [ -73.9971678, 40.7306332 ], [ -73.9972344, 40.730589 ], [ -73.9972753, 40.7300743 ], [ -73.9973285, 40.730015 ], [ -73.997205, 40.7299541 ], [ -73.9973014, 40.7298422 ], [ -73.9977518, 40.7293231 ], [ -73.997882, 40.7292042 ], [ -73.9988246, 40.7280947 ], [ -73.9989258, 40.7279771 ], [ -73.9989703, 40.727924 ], [ -73.9993055, 40.7275232 ], [ -73.9997182, 40.7270298 ], [ -73.9999466, 40.7267633 ], [ -74.0007745, 40.7257836 ], [ -74.0008482, 40.7256902 ], [ -74.0018005, 40.72457 ], [ -74.0018915, 40.7244619 ], [ -74.0028231, 40.7233495 ], [ -74.0029499, 40.7232043 ], [ -74.0036386, 40.7224044 ], [ -74.0029954, 40.7220786 ] ] } },
{ "type": "Feature", "properties": { "id": "el-museo", "venue_name": "El Museo del Barrio", "network_distance_m": 2337.3 }, "geometry": { "type": "LineString", "coordinates": [ [ -73.9624493, 40.8077563 ], [ -73.9622458, 40.8076717 ], [ -73.962308, 40.8075899 ], [ -73.9623663, 40.8075087 ], [ -73.9619458, 40.8073263 ], [ -73.9619089, 40.8073103 ], [ -73.9611833, 40.8070001 ], [ -73.961105, 40.8069672 ], [ -73.9608576, 40.8068614 ], [ -73.9601562, 40.8065578 ], [ -73.9593977, 40.8062297 ], [ -73.9592012, 40.8061481 ], [ -73.9592594, 40.8060677 ], [ -73.9593088, 40.8056565 ], [ -73.9593879, 40.8055439 ], [ -73.9594302, 40.8051215 ], [ -73.9593468, 40.8048086 ], [ -73.9586524, 40.8042802 ], [ -73.9585818, 40.8041174 ], [ -73.958768, 40.803626 ], [ -73.9586897, 40.8032926 ], [ -73.95904, 40.802601 ], [ -73.9588224, 40.8024896 ], [ -73.9588363, 40.8024709 ], [ -73.9586408, 40.8023854 ], [ -73.9574101, 40.8018631 ], [ -73.9577646, 40.8013424 ], [ -73.9575427, 40.801252 ], [ -73.9576216, 40.8011408 ], [ -73.9577869, 40.8009215 ], [ -73.9576063, 40.8005222 ], [ -73.9558486, 40.7997818 ], [ -73.9554211, 40.7996013 ], [ -73.9555392, 40.7994245 ], [ -73.9554381, 40.7993825 ], [ -73.9552983, 40.7993266 ], [ -73.955275, 40.7990112 ], [ -73.9551023, 40.7989169 ], [ -73.9546892, 40.7986297 ], [ -73.9543551, 40.7976942 ], [ -73.9541837, 40.7976144 ], [ -73.9541629, 40.7967429 ], [ -73.9540485, 40.7966684 ], [ -73.9540412, 40.7965519 ], [ -73.9536026, 40.7963568 ], [ -73.9531803, 40.7964487 ], [ -73.9531322, 40.7964155 ], [ -73.9531062, 40.7963618 ], [ -73.9531006, 40.7955006 ], [ -73.9530113, 40.7954929 ], [ -73.9528853, 40.7953 ], [ -73.9522793, 40.7946861 ], [ -73.9522649, 40.7946646 ], [ -73.9519574, 40.79458 ], [ -73.9517545, 40.7945356 ], [ -73.9516944, 40.7945225 ], [ -73.9516635, 40.7945145 ], [ -73.9515476, 40.7942294 ], [ -73.9516167, 40.794128 ], [ -73.9518702, 40.7938096 ], [ -73.9519212, 40.7937369 ], [ -73.9520062, 40.7936239 ], [ -73.9517994, 40.7935345 ], [ -73.9521235, 40.7930886 ], [ -73.9519143, 40.7929998 ] ] } },
{ "type": "Feature", "properties": { "id": "mcny", "venue_name": "Museum of the City of New York", "network_distance_m": 2417.3 }, "geometry": { "type": "LineString", "coordinates": [ [ -73.9624493, 40.8077563 ], [ -73.9622458, 40.8076717 ], [ -73.962308, 40.8075899 ], [ -73.9623663, 40.8075087 ], [ -73.9619458, 40.8073263 ], [ -73.9619089, 40.8073103 ], [ -73.9611833, 40.8070001 ], [ -73.961105, 40.8069672 ], [ -73.9608576, 40.8068614 ], [ -73.9601562, 40.8065578 ], [ -73.9593977, 40.8062297 ], [ -73.9592012, 40.8061481 ], [ -73.9592594, 40.8060677 ], [ -73.9593088, 40.8056565 ], [ -73.9593879, 40.8055439 ], [ -73.9594302, 40.8051215 ], [ -73.9593468, 40.8048086 ], [ -73.9586524, 40.8042802 ], [ -73.9585818, 40.8041174 ], [ -73.958768, 40.803626 ], [ -73.9586897, 40.8032926 ], [ -73.95904, 40.802601 ], [ -73.9588224, 40.8024896 ], [ -73.9588363, 40.8024709 ], [ -73.9586408, 40.8023854 ], [ -73.9574101, 40.8018631 ], [ -73.9577646, 40.8013424 ], [ -73.9575427, 40.801252 ], [ -73.9576216, 40.8011408 ], [ -73.9577869, 40.8009215 ], [ -73.9576063, 40.8005222 ], [ -73.9558486, 40.7997818 ], [ -73.9554211, 40.7996013 ], [ -73.9555392, 40.7994245 ], [ -73.9554381, 40.7993825 ], [ -73.9552983, 40.7993266 ], [ -73.955275, 40.7990112 ], [ -73.9551023, 40.7989169 ], [ -73.9546892, 40.7986297 ], [ -73.9543551, 40.7976942 ], [ -73.9541837, 40.7976144 ], [ -73.9541629, 40.7967429 ], [ -73.9540485, 40.7966684 ], [ -73.9540412, 40.7965519 ], [ -73.9536026, 40.7963568 ], [ -73.9531803, 40.7964487 ], [ -73.9531322, 40.7964155 ], [ -73.9531062, 40.7963618 ], [ -73.9531006, 40.7955006 ], [ -73.9530113, 40.7954929 ], [ -73.9528853, 40.7953 ], [ -73.9522793, 40.7946861 ], [ -73.9522649, 40.7946646 ], [ -73.9519574, 40.79458 ], [ -73.9517545, 40.7945356 ], [ -73.9516944, 40.7945225 ], [ -73.9516635, 40.7945145 ], [ -73.9515476, 40.7942294 ], [ -73.9516167, 40.794128 ], [ -73.9518702, 40.7938096 ], [ -73.9519212, 40.7937369 ], [ -73.9520062, 40.7936239 ], [ -73.9517994, 40.7935345 ], [ -73.9521235, 40.7930886 ], [ -73.9522052, 40.7929762 ], [ -73.9519968, 40.7928874 ], [ -73.9521892, 40.7926265 ], [ -73.9523778, 40.7923708 ] ] } },
{ "type": "Feature", "properties": { "id": "nmai", "venue_name": "National Museum of the American Indian", "network_distance_m": 12810.4 }, "geometry": { "type": "LineString", "coordinates": [ [ -73.9624493, 40.8077563 ], [ -73.9622458, 40.8076717 ], [ -73.962308, 40.8075899 ], [ -73.9623663, 40.8075087 ], [ -73.9619458, 40.8073263 ], [ -73.9619089, 40.8073103 ], [ -73.9620382, 40.8071255 ], [ -73.9620099, 40.8071136 ], [ -73.9621545, 40.8069096 ], [ -73.9624385, 40.8065193 ], [ -73.9625207, 40.8064016 ], [ -73.9626418, 40.8062358 ], [ -73.9628471, 40.805953 ], [ -73.9620882, 40.8056299 ], [ -73.9621737, 40.8055126 ], [ -73.9625482, 40.8049983 ], [ -73.9626409, 40.8048795 ], [ -73.9630936, 40.8042656 ], [ -73.9634667, 40.80374 ], [ -73.9635537, 40.8036311 ], [ -73.9639255, 40.8031424 ], [ -73.9640625, 40.8029504 ], [ -73.9643926, 40.8024893 ], [ -73.9644721, 40.8023795 ], [ -73.964856, 40.8018662 ], [ -73.9649387, 40.8017536 ], [ -73.9653097, 40.8012346 ], [ -73.9653931, 40.8011162 ], [ -73.9657733, 40.8005947 ], [ -73.9659141, 40.8003972 ], [ -73.966287, 40.7998789 ], [ -73.9663787, 40.7997672 ], [ -73.9667527, 40.799242 ], [ -73.9668359, 40.7991425 ], [ -73.9672117, 40.7986218 ], [ -73.96729, 40.7985042 ], [ -73.967679, 40.7979979 ], [ -73.9677629, 40.7978865 ], [ -73.9681163, 40.7973665 ], [ -73.9682069, 40.7972492 ], [ -73.9685867, 40.7967339 ], [ -73.9686622, 40.7966205 ], [ -73.969042, 40.7961008 ], [ -73.969125, 40.7959927 ], [ -73.9695048, 40.7954787 ], [ -73.969594, 40.7953611 ], [ -73.9699653, 40.7948519 ], [ -73.9700403, 40.7947386 ], [ -73.9704315, 40.7942037 ], [ -73.9705616, 40.794024 ], [ -73.9709494, 40.7934964 ], [ -73.9710286, 40.7933837 ], [ -73.9714131, 40.7928702 ], [ -73.9714944, 40.7927616 ], [ -73.9716199, 40.7925763 ], [ -73.9718626, 40.7922402 ], [ -73.9719473, 40.7921282 ], [ -73.9723204, 40.7916204 ], [ -73.9724103, 40.7915027 ], [ -73.9727842, 40.7909852 ], [ -73.9728677, 40.7908733 ], [ -73.9732394, 40.7903607 ], [ -73.973314, 40.7902478 ], [ -73.9736983, 40.7897344 ], [ -73.9737782, 40.7896226 ], [ -73.9741533, 40.7891095 ], [ -73.9742337, 40.7889951 ], [ -73.9746128, 40.7884786 ], [ -73.97469, 40.7883715 ], [ -73.9750816, 40.7878407 ], [ -73.9752205, 40.7876502 ], [ -73.975603, 40.7871218 ], [ -73.9756746, 40.787012 ], [ -73.9760631, 40.7864873 ], [ -73.9761458, 40.7863698 ], [ -73.9765267, 40.7858506 ], [ -73.9765681, 40.7857881 ], [ -73.9766029, 40.7857383 ], [ -73.9769877, 40.7852197 ], [ -73.9770304, 40.785161 ], [ -73.9770709, 40.785105 ], [ -73.977447, 40.7845831 ], [ -73.9775345, 40.7844686 ], [ -73.9779108, 40.7839488 ], [ -73.9779992, 40.7838365 ], [ -73.9783901, 40.7833036 ], [ -73.9785258, 40.7831124 ], [ -73.9789168, 40.7825832 ], [ -73.9790017, 40.7824699 ], [ -73.9793714, 40.7819463 ], [ -73.9794056, 40.781898 ], [ -73.9794532, 40.7818339 ], [ -73.9798407, 40.781306 ], [ -73.9799208, 40.7812009 ], [ -73.9802986, 40.7806762 ], [ -73.9803892, 40.780557 ], [ -73.9807618, 40.7800455 ], [ -73.9808456, 40.7799269 ], [ -73.9812175, 40.7794081 ], [ -73.9813069, 40.7792911 ], [ -73.9816881, 40.7787631 ], [ -73.9817596, 40.7786634 ], [ -73.981812, 40.7785902 ], [ -73.9817845, 40.7785505 ], [ -73.9820921, 40.7780453 ], [ -73.9820717, 40.7779466 ], [ -73.982096, 40.7779122 ], [ -73.982146, 40.7778496 ], [ -73.9821916, 40.7776389 ], [ -73.9822385, 40.7776153 ], [ -73.9822811, 40.7772733 ], [ -73.982314, 40.7772635 ], [ -73.9823256, 40.7771221 ], [ -73.9823407, 40.776966 ], [ -73.9823652, 40.7764819 ], [ -73.9823578, 40.7763158 ], [ -73.9823929, 40.7756638 ], [ -73.9823944, 40.7755074 ], [ -73.9824181, 40.7748565 ], [ -73.982425, 40.7747082 ], [ -73.982447, 40.7740502 ], [ -73.9824532, 40.7739 ], [ -73.9824453, 40.7736277 ], [ -73.9824469, 40.7732316 ], [ -73.9824501, 40.7730476 ], [ -73.9824387, 40.7727815 ], [ -73.9824299, 40.7727099 ], [ -73.9826954, 40.7723077 ], [ -73.9828601, 40.7720827 ], [ -73.9830255, 40.7718594 ], [ -73.9833725, 40.7713743 ], [ -73.9834781, 40.771237 ], [ -73.9835993, 40.7710823 ], [ -73.9839498, 40.7706072 ], [ -73.9839891, 40.7705536 ], [ -73.984043, 40.7704802 ], [ -73.9842999, 40.7701299 ], [ -73.9843808, 40.7700178 ], [ -73.9844839, 40.7698469 ], [ -73.9844983, 40.7698266 ], [ -73.9848472, 40.7693358 ], [ -73.9849464, 40.7692125 ], [ -73.9853147, 40.7687111 ], [ -73.9854043, 40.7685916 ], [ -73.9857875, 40.7680767 ], [ -73.98592, 40.7678782 ], [ -73.9863056, 40.7673645 ], [ -73.9863931, 40.7672473 ], [ -73.9867583, 40.7667376 ], [ -73.986848, 40.7666188 ], [ -73.9872167, 40.7661086 ], [ -73.9873018, 40.7659992 ], [ -73.9876804, 40.7654857 ], [ -73.9877561, 40.7653821 ], [ -73.9881358, 40.7648587 ], [ -73.9882135, 40.764744 ], [ -73.9885893, 40.7642367 ], [ -73.9886322, 40.7641734 ], [ -73.9886669, 40.7641218 ], [ -73.9890397, 40.7636041 ], [ -73.9891236, 40.7634892 ], [ -73.9894996, 40.7629808 ], [ -73.989583, 40.7628681 ], [ -73.9899433, 40.7623488 ], [ -73.9900257, 40.7622394 ], [ -73.990412, 40.7617305 ], [ -73.9904951, 40.7616162 ], [ -73.9908763, 40.7610948 ], [ -73.9909455, 40.7609947 ], [ -73.9913129, 40.7604702 ], [ -73.9913966, 40.7603587 ], [ -73.991782, 40.7598455 ], [ -73.9918648, 40.7597312 ], [ -73.9922423, 40.759225 ], [ -73.9922848, 40.7591642 ], [ -73.9923302, 40.7590994 ], [ -73.9927059, 40.7585944 ], [ -73.9927823, 40.7584903 ], [ -73.9928454, 40.7584043 ], [ -73.9931357, 40.7579924 ], [ -73.9931927, 40.7579174 ], [ -73.9932869, 40.7577875 ], [ -73.9936565, 40.7572682 ], [ -73.9937024, 40.7572079 ], [ -73.9937473, 40.7571488 ], [ -73.994114, 40.7566458 ], [ -73.9941539, 40.7565892 ], [ -73.9941968, 40.7565281 ], [ -73.9945644, 40.7560306 ], [ -73.9946203, 40.7559556 ], [ -73.9946513, 40.7559148 ], [ -73.9950208, 40.7554198 ], [ -73.9950999, 40.7553017 ], [ -73.9954445, 40.7547972 ], [ -73.9955328, 40.7546753 ], [ -73.9955509, 40.7546705 ], [ -73.9957798, 40.754357 ], [ -73.9958038, 40.7543244 ], [ -73.9959089, 40.7541816 ], [ -73.9959984, 40.7540579 ], [ -73.9963752, 40.753548 ], [ -73.9965183, 40.7533543 ], [ -73.9968891, 40.7528452 ], [ -73.99693, 40.7527878 ], [ -73.9969785, 40.7527204 ], [ -73.9970605, 40.7526437 ], [ -73.9971145, 40.7525679 ], [ -73.9971571, 40.7525083 ], [ -73.9972018, 40.7524457 ], [ -73.9972548, 40.7523715 ], [ -73.9972974, 40.7523117 ], [ -73.9973358, 40.7522578 ], [ -73.9973943, 40.7521766 ], [ -73.997447, 40.7521034 ], [ -73.9975586, 40.7519487 ], [ -73.9976333, 40.7518449 ], [ -73.997777, 40.7516085 ], [ -73.9978754, 40.7514906 ], [ -73.9980845, 40.7512052 ], [ -73.9981314, 40.7511447 ], [ -73.9982102, 40.7510316 ], [ -73.998263, 40.7509535 ], [ -73.998319, 40.7508711 ], [ -73.9982123, 40.7508269 ], [ -73.998574, 40.7503296 ], [ -73.9986119, 40.7502754 ], [ -73.998663, 40.7502063 ], [ -73.9987745, 40.7502475 ], [ -73.9991395, 40.7497476 ], [ -73.9992165, 40.7496443 ], [ -73.9992551, 40.7495914 ], [ -73.9994071, 40.7493831 ], [ -73.9995476, 40.7491904 ], [ -73.9995914, 40.7491304 ], [ -73.999688, 40.748998 ], [ -73.9997294, 40.7489412 ], [ -74.0000375, 40.7485189 ], [ -74.0001232, 40.7484014 ], [ -74.000486, 40.7479041 ], [ -74.0005708, 40.7477762 ], [ -74.0009416, 40.7472813 ], [ -74.0010235, 40.7471678 ], [ -74.0014032, 40.7466466 ], [ -74.0014088, 40.7466386 ], [ -74.0014588, 40.746567 ], [ -74.0015273, 40.7464694 ], [ -74.0019067, 40.7459499 ], [ -74.00195, 40.7458934 ], [ -74.0019957, 40.7458337 ], [ -74.0023585, 40.7453279 ], [ -74.0023935, 40.7452769 ], [ -74.0024431, 40.7452068 ], [ -74.0027897, 40.7447469 ], [ -74.0028332, 40.7446805 ], [ -74.0028705, 40.7446235 ], [ -74.0031995, 40.7441498 ], [ -74.003243, 40.7440929 ], [ -74.0032918, 40.744029 ], [ -74.0036386, 40.7435709 ], [ -74.0036781, 40.7435168 ], [ -74.0037244, 40.7434535 ], [ -74.0040679, 40.7429871 ], [ -74.0041101, 40.7429294 ], [ -74.0041559, 40.7428667 ], [ -74.0042652, 40.742716 ], [ -74.0043858, 40.7425498 ], [ -74.0044948, 40.7423917 ], [ -74.0045681, 40.7422831 ], [ -74.0049564, 40.741761 ], [ -74.0050382, 40.7416468 ], [ -74.0054377, 40.7411072 ], [ -74.005566, 40.7409187 ], [ -74.0054251, 40.7408566 ], [ -74.0057765, 40.7403034 ], [ -74.0058573, 40.7401894 ], [ -74.0062915, 40.7396176 ], [ -74.0063643, 40.7394837 ], [ -74.0063771, 40.7393482 ], [ -74.0063835, 40.7388243 ], [ -74.0063775, 40.7388185 ], [ -74.0063842, 40.7387163 ], [ -74.0063928, 40.738203 ], [ -74.006396, 40.7380983 ], [ -74.0064109, 40.7376216 ], [ -74.0063991, 40.7376174 ], [ -74.0063986, 40.7374962 ], [ -74.0064111, 40.7374963 ], [ -74.006421, 40.737025 ], [ -74.0064101, 40.7370187 ], [ -74.0064204, 40.7369659 ], [ -74.0064301, 40.7369159 ], [ -74.0065157, 40.7365153 ], [ -74.0065342, 40.7364021 ], [ -74.006539, 40.7363988 ], [ -74.0066882, 40.7358253 ], [ -74.0066797, 40.7358161 ], [ -74.0066934, 40.7356854 ], [ -74.0067276, 40.7356802 ], [ -74.0068694, 40.7350949 ], [ -74.0068619, 40.7350875 ], [ -74.0068879, 40.7349792 ], [ -74.0069048, 40.7349662 ], [ -74.0070406, 40.7343744 ], [ -74.007064, 40.7342667 ], [ -74.0070767, 40.7342649 ], [ -74.0072179, 40.7336764 ], [ -74.0072046, 40.7336711 ], [ -74.007244, 40.7335547 ], [ -74.0073777, 40.732975 ], [ -74.0074172, 40.7328524 ], [ -74.0076803, 40.73185 ], [ -74.0077135, 40.7317141 ], [ -74.0078819, 40.7311351 ], [ -74.0079198, 40.7310018 ], [ -74.008081, 40.7304198 ], [ -74.0081216, 40.7302843 ], [ -74.0082753, 40.7296908 ], [ -74.0083127, 40.7295566 ], [ -74.0084783, 40.728988 ], [ -74.0085083, 40.7288363 ], [ -74.0086034, 40.7282628 ], [ -74.0086305, 40.7281253 ], [ -74.0087226, 40.7275305 ], [ -74.0087479, 40.7274048 ], [ -74.0088598, 40.7268067 ], [ -74.0088804, 40.7266848 ], [ -74.0089885, 40.7260463 ], [ -74.0090086, 40.7259139 ], [ -74.009201, 40.7247825 ], [ -74.0092664, 40.7245262 ], [ -74.0092598, 40.724509 ], [ -74.0093192, 40.7241665 ], [ -74.0093521, 40.7240124 ], [ -74.0094452, 40.7235025 ], [ -74.009465, 40.7233714 ], [ -74.0095541, 40.7228434 ], [ -74.0095745, 40.7227102 ], [ -74.0096676, 40.7221953 ], [ -74.0096966, 40.7220658 ], [ -74.0097896, 40.7215256 ], [ -74.0097982, 40.7215218 ], [ -74.0098201, 40.7214187 ], [ -74.0098047, 40.7214012 ], [ -74.0099052, 40.7208234 ], [ -74.0099255, 40.7208114 ], [ -74.0099459, 40.7206917 ], [ -74.0099332, 40.7206799 ], [ -74.0100195, 40.7201702 ], [ -74.0100477, 40.7200237 ], [ -74.0101348, 40.7195121 ], [ -74.0101563, 40.7193766 ], [ -74.0102423, 40.718855 ], [ -74.0102823, 40.7187332 ], [ -74.0102622, 40.7187172 ], [ -74.0103597, 40.7181759 ], [ -74.0103938, 40.7180314 ], [ -74.0105287, 40.7175251 ], [ -74.0105605, 40.7173916 ], [ -74.0106722, 40.7169325 ], [ -74.010706, 40.7167991 ], [ -74.0108328, 40.7163276 ], [ -74.0108704, 40.7161867 ], [ -74.0110137, 40.7156447 ], [ -74.0110517, 40.715491 ], [ -74.0111937, 40.7149561 ], [ -74.0112325, 40.7147908 ], [ -74.0113711, 40.7143092 ], [ -74.0114085, 40.7141666 ], [ -74.011545, 40.7136638 ], [ -74.0115341, 40.7134952 ], [ -74.011517, 40.7134874 ], [ -74.0115584, 40.7133251 ], [ -74.0115981, 40.713178 ], [ -74.0116686, 40.7129124 ], [ -74.0116963, 40.7128889 ], [ -74.011478, 40.7127684 ], [ -74.011483, 40.7126342 ], [ -74.0115437, 40.7125292 ], [ -74.0118288, 40.7120747 ], [ -74.0119119, 40.7119476 ], [ -74.0119426, 40.7118585 ], [ -74.012057, 40.7115288 ], [ -74.0120786, 40.7114665 ], [ -74.0121789, 40.7111776 ], [ -74.0122817, 40.7108816 ], [ -74.012294, 40.7108473 ], [ -74.012311, 40.7108059 ], [ -74.0123445, 40.7107261 ], [ -74.0124518, 40.7104705 ], [ -74.0125649, 40.7102006 ], [ -74.0126141, 40.7100515 ], [ -74.0126041, 40.7100326 ], [ -74.0127441, 40.7097118 ], [ -74.012776, 40.7096363 ], [ -74.0128988, 40.7093493 ], [ -74.0129216, 40.7092963 ], [ -74.0129708, 40.7091818 ], [ -74.0130221, 40.7090624 ], [ -74.0134787, 40.708 ], [ -74.013485, 40.7079859 ], [ -74.0135181, 40.7079058 ], [ -74.0138628, 40.7071658 ], [ -74.01391, 40.7069917 ], [ -74.0136731, 40.7069028 ], [ -74.0135287, 40.7067644 ], [ -74.0139846, 40.7061596 ], [ -74.0133354, 40.7059342 ], [ -74.0133632, 40.7058758 ], [ -74.0132686, 40.7058176 ], [ -74.0133, 40.7057794 ], [ -74.0135342, 40.7053422 ], [ -74.0133925, 40.7050028 ], [ -74.0134209, 40.7048693 ], [ -74.013395, 40.7046334 ], [ -74.013373, 40.7045734 ], [ -74.0133243, 40.7042973 ], [ -74.0133019, 40.7041622 ], [ -74.0132914, 40.7040986 ], [ -74.0132724, 40.7039836 ], [ -74.013307, 40.7040035 ] ] } }
]
}
