{
  "type": "FeatureCollection",
  "name": "Culture After Six curated public cultural places",
  "metadata": {
    "checked": "2026-08-01",
    "selection": "Fixed public cultural venues with an official website, an official current-program page, a visitor address, and a plain-language description.",
    "count": 161
  },
  "features": [
    {
      "type": "Feature",
      "properties": {
        "id": "culture-911-museum",
        "planner_id": "911-museum",
        "name": "9/11 Memorial & Museum",
        "category": "Museums & Heritage",
        "venue_type": "History museum",
        "borough": "Manhattan",
        "neighborhood": "Financial District",
        "description": "A museum and memorial examining the September 11 attacks through artifacts, testimony, architecture, and the history of the World Trade Center site.",
        "events_url": "https://www.911memorial.org/visit/museum-exhibitions",
        "program_label": "Current exhibitions",
        "schedule_type": "regular",
        "hours": {
          "mon": [
            9,
            19
          ],
          "tue": null,
          "wed": [
            9,
            19
          ],
          "thu": [
            9,
            19
          ],
          "fri": [
            9,
            19
          ],
          "sat": [
            9,
            19
          ],
          "sun": [
            9,
            19
          ]
        },
        "hours_label": "Weekly museum hours",
        "adult_price": 36,
        "student_price": 24,
        "ny_resident_price": null,
        "under_25_price": null,
        "admission_label": "$24-$36",
        "visit_source": "https://www.nyc.gov/site/dcla/resources/free-and-suggested-admission.page",
        "visit_checked": "2026-08-01",
        "address": "180 Greenwich Street, New York, NY 10007",
        "website": "https://www.911memorial.org/visit/visit-museum-1",
        "public_visit_verified": true,
        "data_checked": "2026-08-01",
        "source_note": "Public venue profile checked against the venue's official website and NYC DCLA's public admission guide where listed.",
        "nearest_station": "WTC Cortlandt",
        "nearest_station_routes": "1",
        "nearest_station_ada": 1,
        "nearest_station_gtfs_id": "138",
        "station_walk_estimate_m": 328.1
      },
      "geometry": {
        "type": "Point",
        "coordinates": [
          -74.015442,
          40.711425
        ]
      }
    },
    {
      "type": "Feature",
      "properties": {
        "id": "culture-asia-society",
        "planner_id": "asia-society",
        "name": "Asia Society Museum",
        "category": "Cultural Centers",
        "venue_type": "Museum and cultural center",
        "borough": "Manhattan",
        "neighborhood": "Upper East Side",
        "description": "A cultural center presenting Asian and Asian diasporic art alongside talks, performances, film, and public programs.",
        "events_url": "https://asiasociety.org/new-york/events",
        "program_label": "Current events",
        "schedule_type": "regular",
        "hours": {
          "mon": null,
          "tue": [
            11,
            18
          ],
          "wed": [
            11,
            18
          ],
          "thu": [
            11,
            18
          ],
          "fri": [
            11,
            18
          ],
          "sat": [
            11,
            18
          ],
          "sun": [
            11,
            18
          ]
        },
        "hours_label": "Weekly museum hours",
        "adult_price": 15,
        "student_price": 10,
        "ny_resident_price": null,
        "under_25_price": null,
        "admission_label": "$15 adult / $10 student",
        "visit_source": "https://www.nyc.gov/site/dcla/resources/free-and-suggested-admission.page",
        "visit_checked": "2026-08-01",
        "address": "725 Park Avenue, New York, NY 10021",
        "website": "https://asiasociety.org/new-york/plan-your-visit",
        "public_visit_verified": true,
        "data_checked": "2026-08-01",
        "source_note": "Public venue profile checked against the venue's official website and NYC DCLA's public admission guide where listed.",
        "nearest_station": "68 St-Hunter College",
        "nearest_station_routes": "6",
        "nearest_station_ada": 1,
        "nearest_station_gtfs_id": "628",
        "station_walk_estimate_m": 258.3
      },
      "geometry": {
        "type": "Point",
        "coordinates": [
          -73.964594,
          40.770032
        ]
      }
    },
    {
      "type": "Feature",
      "properties": {
        "id": "culture-china-institute",
        "planner_id": "china-institute",
        "name": "China Institute Gallery",
        "category": "Cultural Centers",
        "venue_type": "Gallery and cultural center",
        "borough": "Manhattan",
        "neighborhood": "Financial District",
        "description": "A nonprofit gallery and cultural center focused on Chinese art, history, language, food, and contemporary exchange.",
        "events_url": "https://chinainstitute.org/gallery-exhibitions/",
        "program_label": "Current exhibitions",
        "schedule_type": "regular",
        "hours": {
          "mon": [
            10,
            17
          ],
          "tue": [
            10,
            17
          ],
          "wed": [
            10,
            17
          ],
          "thu": [
            10,
            20
          ],
          "fri": [
            10,
            20
          ],
          "sat": [
            10,
            17
          ],
          "sun": [
            10,
            17
          ]
        },
        "hours_label": "Weekly museum hours",
        "adult_price": 15,
        "student_price": 10,
        "ny_resident_price": null,
        "under_25_price": null,
        "admission_label": "$15 adult / $10 student",
        "visit_source": "https://www.nyc.gov/site/dcla/resources/free-and-suggested-admission.page",
        "visit_checked": "2026-08-01",
        "address": "100 Washington Street, New York, NY 10006",
        "website": "https://chinainstitute.org/gallery-exhibitions/",
        "public_visit_verified": true,
        "data_checked": "2026-08-01",
        "source_note": "Public venue profile checked against the venue's official website and NYC DCLA's public admission guide where listed.",
        "nearest_station": "Rector St",
        "nearest_station_routes": "1",
        "nearest_station_ada": 0,
        "nearest_station_gtfs_id": "139",
        "station_walk_estimate_m": 138.3
      },
      "geometry": {
        "type": "Point",
        "coordinates": [
          -74.014291,
          40.708494
        ]
      }
    },
    {
      "type": "Feature",
      "properties": {
        "id": "culture-cooper-hewitt",
        "planner_id": "cooper-hewitt",
        "name": "Cooper Hewitt, Smithsonian Design Museum",
        "category": "Design, Books & Architecture",
        "venue_type": "Design museum",
        "borough": "Manhattan",
        "neighborhood": "Carnegie Hill",
        "description": "The Smithsonian's museum of historical and contemporary design, housed in the former Andrew Carnegie mansion.",
        "events_url": "https://www.cooperhewitt.org/exhibitions/",
        "program_label": "Current exhibitions",
        "schedule_type": "regular",
        "hours": {
          "mon": [
            10,
            18
          ],
          "tue": [
            10,
            18
          ],
          "wed": [
            10,
            18
          ],
          "thu": [
            10,
            18
          ],
          "fri": [
            10,
            18
          ],
          "sat": [
            10,
            18
          ],
          "sun": [
            10,
            18
          ]
        },
        "hours_label": "Weekly museum hours",
        "adult_price": 22,
        "student_price": 10,
        "ny_resident_price": null,
        "under_25_price": null,
        "admission_label": "$22 adult / $10 student",
        "visit_source": "https://www.nyc.gov/site/dcla/resources/free-and-suggested-admission.page",
        "visit_checked": "2026-08-01",
        "address": "2 East 91st Street, New York, NY 10128",
        "website": "https://www.cooperhewitt.org/visit/plan-your-visit/",
        "public_visit_verified": true,
        "data_checked": "2026-08-01",
        "source_note": "Public venue profile checked against the venue's official website and NYC DCLA's public admission guide where listed.",
        "nearest_station": "96 St",
        "nearest_station_routes": "6",
        "nearest_station_ada": 0,
        "nearest_station_gtfs_id": "625",
        "station_walk_estimate_m": 689.5
      },
      "geometry": {
        "type": "Point",
        "coordinates": [
          -73.957866,
          40.784607
        ]
      }
    },
    {
      "type": "Feature",
      "properties": {
        "id": "culture-frick",
        "planner_id": "frick",
        "name": "The Frick Collection",
        "category": "Museums & Heritage",
        "venue_type": "Art museum",
        "borough": "Manhattan",
        "neighborhood": "Upper East Side",
        "description": "An intimate museum of European paintings, sculpture, furniture, and decorative arts in Henry Clay Frick's historic residence.",
        "events_url": "https://www.frick.org/exhibitions",
        "program_label": "Current exhibitions",
        "schedule_type": "regular",
        "hours": {
          "mon": [
            10.5,
            17.5
          ],
          "tue": null,
          "wed": [
            10.5,
            17.5
          ],
          "thu": [
            10.5,
            17.5
          ],
          "fri": [
            10.5,
            17.5
          ],
          "sat": [
            10.5,
            17.5
          ],
          "sun": [
            10.5,
            17.5
          ]
        },
        "hours_label": "Weekly museum hours",
        "adult_price": 30,
        "student_price": 17,
        "ny_resident_price": null,
        "under_25_price": null,
        "admission_label": "$30 adult / $17 student",
        "visit_source": "https://www.nyc.gov/site/dcla/resources/free-and-suggested-admission.page",
        "visit_checked": "2026-08-01",
        "address": "1 East 70th Street, New York, NY 10021",
        "website": "https://www.frick.org/visit",
        "public_visit_verified": true,
        "data_checked": "2026-08-01",
        "source_note": "Public venue profile checked against the venue's official website and NYC DCLA's public admission guide where listed.",
        "nearest_station": "68 St-Hunter College",
        "nearest_station_routes": "6",
        "nearest_station_ada": 1,
        "nearest_station_gtfs_id": "628",
        "station_walk_estimate_m": 542.8
      },
      "geometry": {
        "type": "Point",
        "coordinates": [
          -73.967749,
          40.771054
        ]
      }
    },
    {
      "type": "Feature",
      "properties": {
        "id": "culture-guggenheim",
        "planner_id": "guggenheim",
        "name": "Solomon R. Guggenheim Museum",
        "category": "Art & Exhibitions",
        "venue_type": "Modern art museum",
        "borough": "Manhattan",
        "neighborhood": "Upper East Side",
        "description": "A modern and contemporary art museum known for its Frank Lloyd Wright building and rotating international exhibitions.",
        "events_url": "https://www.guggenheim.org/exhibitions",
        "program_label": "Current exhibitions",
        "schedule_type": "regular",
        "hours": {
          "mon": [
            10.5,
            17.5
          ],
          "tue": [
            10.5,
            17.5
          ],
          "wed": [
            10.5,
            17.5
          ],
          "thu": [
            10.5,
            17.5
          ],
          "fri": [
            10.5,
            17.5
          ],
          "sat": [
            10.5,
            17.5
          ],
          "sun": [
            10.5,
            17.5
          ]
        },
        "hours_label": "Weekly museum hours",
        "adult_price": 30,
        "student_price": 19,
        "ny_resident_price": null,
        "under_25_price": null,
        "admission_label": "$30 adult / $19 student",
        "visit_source": "https://www.nyc.gov/site/dcla/resources/free-and-suggested-admission.page",
        "visit_checked": "2026-08-01",
        "address": "1071 Fifth Avenue, New York, NY 10128",
        "website": "https://www.guggenheim.org/plan-your-visit",
        "public_visit_verified": true,
        "data_checked": "2026-08-01",
        "source_note": "Public venue profile checked against the venue's official website and NYC DCLA's public admission guide where listed.",
        "nearest_station": "86 St",
        "nearest_station_routes": "4 5 6",
        "nearest_station_ada": 2,
        "nearest_station_gtfs_id": "626",
        "station_walk_estimate_m": 567.7
      },
      "geometry": {
        "type": "Point",
        "coordinates": [
          -73.95897,
          40.78298
        ]
      }
    },
    {
      "type": "Feature",
      "properties": {
        "id": "culture-icp",
        "planner_id": "icp",
        "name": "International Center of Photography",
        "category": "Art & Exhibitions",
        "venue_type": "Photography museum",
        "borough": "Manhattan",
        "neighborhood": "Lower East Side",
        "description": "A museum and school devoted to photography and visual culture, with exhibitions ranging from documentary work to experimental media.",
        "events_url": "https://www.icp.org/exhibitions",
        "program_label": "Current exhibitions",
        "schedule_type": "regular",
        "hours": {
          "mon": [
            10.5,
            18.5
          ],
          "tue": [
            10.5,
            18.5
          ],
          "wed": [
            10.5,
            18.5
          ],
          "thu": [
            10.5,
            20
          ],
          "fri": [
            10.5,
            18.5
          ],
          "sat": [
            10.5,
            18.5
          ],
          "sun": [
            10.5,
            18.5
          ]
        },
        "hours_label": "Weekly museum hours",
        "adult_price": 18,
        "student_price": 12,
        "ny_resident_price": null,
        "under_25_price": null,
        "admission_label": "$18 adult / $12 student",
        "visit_source": "https://www.nyc.gov/site/dcla/resources/free-and-suggested-admission.page",
        "visit_checked": "2026-08-01",
        "address": "84 Ludlow Street, New York, NY 10002",
        "website": "https://www.icp.org/visit",
        "public_visit_verified": true,
        "data_checked": "2026-08-01",
        "source_note": "Public venue profile checked against the venue's official website and NYC DCLA's public admission guide where listed.",
        "nearest_station": "Delancey St-Essex St",
        "nearest_station_routes": "F",
        "nearest_station_ada": 0,
        "nearest_station_gtfs_id": "F15",
        "station_walk_estimate_m": 136.2
      },
      "geometry": {
        "type": "Point",
        "coordinates": [
          -73.989336,
          40.718142
        ]
      }
    },
    {
      "type": "Feature",
      "properties": {
        "id": "culture-japan-society",
        "planner_id": "japan-society",
        "name": "Japan Society Gallery",
        "category": "Cultural Centers",
        "venue_type": "Gallery and cultural center",
        "borough": "Manhattan",
        "neighborhood": "Midtown East",
        "description": "A cultural center presenting Japanese art, film, performance, talks, and education in a landmark modernist building.",
        "events_url": "https://japansociety.org/events/",
        "program_label": "Current events",
        "schedule_type": "regular",
        "hours": {
          "mon": null,
          "tue": [
            11,
            17
          ],
          "wed": [
            11,
            17
          ],
          "thu": [
            11,
            17
          ],
          "fri": [
            11,
            17
          ],
          "sat": [
            12,
            18
          ],
          "sun": [
            12,
            18
          ]
        },
        "hours_label": "Weekly museum hours",
        "adult_price": 12,
        "student_price": 8,
        "ny_resident_price": null,
        "under_25_price": null,
        "admission_label": "$12 adult / $8 student",
        "visit_source": "https://www.nyc.gov/site/dcla/resources/free-and-suggested-admission.page",
        "visit_checked": "2026-08-01",
        "address": "333 East 47th Street, New York, NY 10017",
        "website": "https://japansociety.org/about/visit-us/",
        "public_visit_verified": true,
        "data_checked": "2026-08-01",
        "source_note": "Public venue profile checked against the venue's official website and NYC DCLA's public admission guide where listed.",
        "nearest_station": "Lexington Av/53 St",
        "nearest_station_routes": "E F",
        "nearest_station_ada": 1,
        "nearest_station_gtfs_id": "F11",
        "station_walk_estimate_m": 684.3
      },
      "geometry": {
        "type": "Point",
        "coordinates": [
          -73.968404,
          40.75236
        ]
      }
    },
    {
      "type": "Feature",
      "properties": {
        "id": "culture-jewish-museum",
        "planner_id": "jewish-museum",
        "name": "The Jewish Museum",
        "category": "Museums & Heritage",
        "venue_type": "Art and culture museum",
        "borough": "Manhattan",
        "neighborhood": "Carnegie Hill",
        "description": "A museum exploring Jewish art and culture across thousands of years through historical objects and contemporary exhibitions.",
        "events_url": "https://thejewishmuseum.org/exhibitions",
        "program_label": "Current exhibitions",
        "schedule_type": "regular",
        "hours": {
          "mon": [
            11,
            18
          ],
          "tue": null,
          "wed": null,
          "thu": [
            11,
            20
          ],
          "fri": [
            11,
            18
          ],
          "sat": [
            11,
            18
          ],
          "sun": [
            11,
            18
          ]
        },
        "hours_label": "Weekly museum hours",
        "adult_price": 24,
        "student_price": 10,
        "ny_resident_price": null,
        "under_25_price": null,
        "admission_label": "$24 adult / $10 student",
        "visit_source": "https://www.nyc.gov/site/dcla/resources/free-and-suggested-admission.page",
        "visit_checked": "2026-08-01",
        "address": "1109 Fifth Avenue, New York, NY 10128",
        "website": "https://thejewishmuseum.org/visit/",
        "public_visit_verified": true,
        "data_checked": "2026-08-01",
        "source_note": "Public venue profile checked against the venue's official website and NYC DCLA's public admission guide where listed.",
        "nearest_station": "96 St",
        "nearest_station_routes": "6",
        "nearest_station_ada": 0,
        "nearest_station_gtfs_id": "625",
        "station_walk_estimate_m": 617.2
      },
      "geometry": {
        "type": "Point",
        "coordinates": [
          -73.957263,
          40.785298
        ]
      }
    },
    {
      "type": "Feature",
      "properties": {
        "id": "culture-morgan",
        "planner_id": "morgan",
        "name": "The Morgan Library & Museum",
        "category": "Design, Books & Architecture",
        "venue_type": "Library and museum",
        "borough": "Manhattan",
        "neighborhood": "Murray Hill",
        "description": "A research library and museum of rare books, manuscripts, drawings, music, and decorative arts centered on J. P. Morgan's library.",
        "events_url": "https://www.themorgan.org/exhibitions",
        "program_label": "Current exhibitions",
        "schedule_type": "regular",
        "hours": {
          "mon": null,
          "tue": [
            10.5,
            17
          ],
          "wed": [
            10.5,
            17
          ],
          "thu": [
            10.5,
            17
          ],
          "fri": [
            10.5,
            20
          ],
          "sat": [
            10.5,
            17
          ],
          "sun": [
            10.5,
            17
          ]
        },
        "hours_label": "Weekly museum hours",
        "adult_price": 25,
        "student_price": 13,
        "ny_resident_price": null,
        "under_25_price": null,
        "admission_label": "$25 adult / $13 student",
        "visit_source": "https://www.nyc.gov/site/dcla/resources/free-and-suggested-admission.page",
        "visit_checked": "2026-08-01",
        "address": "225 Madison Avenue, New York, NY 10016",
        "website": "https://www.themorgan.org/visit",
        "public_visit_verified": true,
        "data_checked": "2026-08-01",
        "source_note": "Public venue profile checked against the venue's official website and NYC DCLA's public admission guide where listed.",
        "nearest_station": "33 St",
        "nearest_station_routes": "6",
        "nearest_station_ada": 0,
        "nearest_station_gtfs_id": "632",
        "station_walk_estimate_m": 434.9
      },
      "geometry": {
        "type": "Point",
        "coordinates": [
          -73.981763,
          40.749387
        ]
      }
    },
    {
      "type": "Feature",
      "properties": {
        "id": "culture-museum-jewish-heritage",
        "planner_id": "mjh",
        "name": "Museum of Jewish Heritage",
        "category": "Museums & Heritage",
        "venue_type": "History museum",
        "borough": "Manhattan",
        "neighborhood": "Battery Park City",
        "description": "A museum preserving Jewish history before, during, and after the Holocaust through testimony, artifacts, exhibitions, and public programs.",
        "events_url": "https://mjhnyc.org/exhibitions/",
        "program_label": "Current exhibitions",
        "schedule_type": "regular",
        "hours": {
          "mon": null,
          "tue": null,
          "wed": [
            10,
            17
          ],
          "thu": [
            10,
            20
          ],
          "fri": [
            10,
            17
          ],
          "sat": null,
          "sun": [
            10,
            17
          ]
        },
        "hours_label": "Weekly museum hours",
        "adult_price": 18,
        "student_price": 12,
        "ny_resident_price": null,
        "under_25_price": null,
        "admission_label": "$18 adult / $12 student",
        "visit_source": "https://www.nyc.gov/site/dcla/resources/free-and-suggested-admission.page",
        "visit_checked": "2026-08-01",
        "address": "36 Battery Place, New York, NY 10280",
        "website": "https://mjhnyc.org/visitor-information/",
        "public_visit_verified": true,
        "data_checked": "2026-08-01",
        "source_note": "Public venue profile checked against the venue's official website and NYC DCLA's public admission guide where listed.",
        "nearest_station": "Bowling Green",
        "nearest_station_routes": "4 5",
        "nearest_station_ada": 1,
        "nearest_station_gtfs_id": "420",
        "station_walk_estimate_m": 412.4
      },
      "geometry": {
        "type": "Point",
        "coordinates": [
          -74.018001,
          40.705806
        ]
      }
    },
    {
      "type": "Feature",
      "properties": {
        "id": "culture-moma",
        "planner_id": "moma",
        "name": "The Museum of Modern Art",
        "category": "Art & Exhibitions",
        "venue_type": "Modern art museum",
        "borough": "Manhattan",
        "neighborhood": "Midtown",
        "description": "A major museum of modern and contemporary art spanning painting, sculpture, photography, film, architecture, design, and media.",
        "events_url": "https://www.moma.org/calendar/",
        "program_label": "Today's exhibitions and events",
        "schedule_type": "regular",
        "hours": {
          "mon": [
            10.5,
            17.5
          ],
          "tue": [
            10.5,
            17.5
          ],
          "wed": [
            10.5,
            17.5
          ],
          "thu": [
            10.5,
            17.5
          ],
          "fri": [
            10.5,
            20.5
          ],
          "sat": [
            10.5,
            17.5
          ],
          "sun": [
            10.5,
            17.5
          ]
        },
        "hours_label": "Weekly museum hours",
        "adult_price": 30,
        "student_price": 17,
        "ny_resident_price": null,
        "under_25_price": null,
        "admission_label": "$30 adult / $17 student",
        "visit_source": "https://www.nyc.gov/site/dcla/resources/free-and-suggested-admission.page",
        "visit_checked": "2026-08-01",
        "address": "11 West 53rd Street, New York, NY 10019",
        "website": "https://www.moma.org/visit/",
        "public_visit_verified": true,
        "data_checked": "2026-08-01",
        "source_note": "Public venue profile checked against the venue's official website and NYC DCLA's public admission guide where listed.",
        "nearest_station": "5 Av/53 St",
        "nearest_station_routes": "E F",
        "nearest_station_ada": 0,
        "nearest_station_gtfs_id": "F12",
        "station_walk_estimate_m": 225.0
      },
      "geometry": {
        "type": "Point",
        "coordinates": [
          -73.977201,
          40.761002
        ]
      }
    },
    {
      "type": "Feature",
      "properties": {
        "id": "culture-neue-galerie",
        "planner_id": "neue-galerie",
        "name": "Neue Galerie New York",
        "category": "Art & Exhibitions",
        "venue_type": "Art and design museum",
        "borough": "Manhattan",
        "neighborhood": "Upper East Side",
        "description": "A museum dedicated to early twentieth-century German and Austrian art and design in a restored Fifth Avenue mansion.",
        "events_url": "https://www.neuegalerie.org/exhibitions",
        "program_label": "Current exhibitions",
        "schedule_type": "regular",
        "hours": {
          "mon": null,
          "tue": null,
          "wed": null,
          "thu": null,
          "fri": null,
          "sat": null,
          "sun": null
        },
        "hours_label": "Weekly museum hours",
        "adult_price": 28,
        "student_price": 15,
        "ny_resident_price": null,
        "under_25_price": null,
        "admission_label": "$28 adult / $15 student",
        "visit_source": "https://www.nyc.gov/site/dcla/resources/free-and-suggested-admission.page",
        "visit_checked": "2026-08-01",
        "address": "1048 Fifth Avenue, New York, NY 10028",
        "website": "https://www.neuegalerie.org/visit",
        "public_visit_verified": true,
        "data_checked": "2026-08-01",
        "source_note": "Public venue profile checked against the venue's official website and NYC DCLA's public admission guide where listed.",
        "nearest_station": "86 St",
        "nearest_station_routes": "4 5 6",
        "nearest_station_ada": 2,
        "nearest_station_gtfs_id": "626",
        "station_walk_estimate_m": 527.2
      },
      "geometry": {
        "type": "Point",
        "coordinates": [
          -73.960324,
          40.781306
        ]
      }
    },
    {
      "type": "Feature",
      "properties": {
        "id": "culture-ny-history",
        "planner_id": "nyhistory",
        "name": "The New York Historical",
        "category": "Museums & Heritage",
        "venue_type": "History museum",
        "borough": "Manhattan",
        "neighborhood": "Upper West Side",
        "description": "New York's oldest museum, presenting the city's and nation's history through art, objects, archives, and topical exhibitions.",
        "events_url": "https://www.nyhistory.org/exhibitions",
        "program_label": "Current exhibitions",
        "schedule_type": "regular",
        "hours": {
          "mon": null,
          "tue": [
            11,
            17
          ],
          "wed": [
            11,
            17
          ],
          "thu": [
            11,
            17
          ],
          "fri": [
            11,
            20
          ],
          "sat": [
            11,
            17
          ],
          "sun": [
            11,
            17
          ]
        },
        "hours_label": "Weekly museum hours",
        "adult_price": 24,
        "student_price": 13,
        "ny_resident_price": null,
        "under_25_price": null,
        "admission_label": "$24 adult / $13 student",
        "visit_source": "https://www.nyc.gov/site/dcla/resources/free-and-suggested-admission.page",
        "visit_checked": "2026-08-01",
        "address": "170 Central Park West, New York, NY 10024",
        "website": "https://www.nyhistory.org/visit",
        "public_visit_verified": true,
        "data_checked": "2026-08-01",
        "source_note": "Public venue profile checked against the venue's official website and NYC DCLA's public admission guide where listed.",
        "nearest_station": "81 St-Museum of Natural History",
        "nearest_station_routes": "C B",
        "nearest_station_ada": 0,
        "nearest_station_gtfs_id": "A21",
        "station_walk_estimate_m": 325.9
      },
      "geometry": {
        "type": "Point",
        "coordinates": [
          -73.973743,
          40.779265
        ]
      }
    },
    {
      "type": "Feature",
      "properties": {
        "id": "culture-poster-house",
        "planner_id": "poster-house",
        "name": "Poster House",
        "category": "Design, Books & Architecture",
        "venue_type": "Graphic design museum",
        "borough": "Manhattan",
        "neighborhood": "Chelsea",
        "description": "A museum devoted to the global history, design, and social impact of posters, from commercial graphics to political communication.",
        "events_url": "https://posterhouse.org/exhibitions/",
        "program_label": "Current exhibitions",
        "schedule_type": "regular",
        "hours": {
          "mon": null,
          "tue": null,
          "wed": null,
          "thu": [
            10,
            18
          ],
          "fri": [
            10,
            20
          ],
          "sat": [
            10,
            18
          ],
          "sun": [
            10,
            18
          ]
        },
        "hours_label": "Weekly museum hours",
        "adult_price": 15,
        "student_price": 10,
        "ny_resident_price": null,
        "under_25_price": null,
        "admission_label": "$15 adult / $10 student",
        "visit_source": "https://www.nyc.gov/site/dcla/resources/free-and-suggested-admission.page",
        "visit_checked": "2026-08-01",
        "address": "119 West 23rd Street, New York, NY 10011",
        "website": "https://www.posterhouse.org/hours-admission-location/",
        "public_visit_verified": true,
        "data_checked": "2026-08-01",
        "source_note": "Public venue profile checked against the venue's official website and NYC DCLA's public admission guide where listed.",
        "nearest_station": "23 St",
        "nearest_station_routes": "F M",
        "nearest_station_ada": 0,
        "nearest_station_gtfs_id": "D18",
        "station_walk_estimate_m": 90.6
      },
      "geometry": {
        "type": "Point",
        "coordinates": [
          -73.993591,
          40.743248
        ]
      }
    },
    {
      "type": "Feature",
      "properties": {
        "id": "culture-studio-museum",
        "planner_id": "studio-museum",
        "name": "Studio Museum in Harlem",
        "category": "Art & Exhibitions",
        "venue_type": "Contemporary art museum",
        "borough": "Manhattan",
        "neighborhood": "Harlem",
        "description": "A museum devoted to artists of African descent and work shaped by Black culture, with exhibitions, residencies, and neighborhood programs.",
        "events_url": "https://www.studiomuseum.org/exhibitions",
        "program_label": "Current exhibitions",
        "schedule_type": "regular",
        "hours": {
          "mon": null,
          "tue": null,
          "wed": [
            11,
            18
          ],
          "thu": [
            11,
            18
          ],
          "fri": [
            11,
            21
          ],
          "sat": [
            11,
            18
          ],
          "sun": [
            11,
            18
          ]
        },
        "hours_label": "Weekly museum hours",
        "adult_price": 16,
        "student_price": 9,
        "ny_resident_price": null,
        "under_25_price": null,
        "admission_label": "Pay what you can; $16 adult / $9 student suggested",
        "visit_source": "https://www.nyc.gov/site/dcla/resources/free-and-suggested-admission.page",
        "visit_checked": "2026-08-01",
        "address": "144 West 125th Street, New York, NY 10027",
        "website": "https://www.studiomuseum.org/visit",
        "public_visit_verified": true,
        "data_checked": "2026-08-01",
        "source_note": "Public venue profile checked against the venue's official website and NYC DCLA's public admission guide where listed.",
        "nearest_station": "125 St",
        "nearest_station_routes": "2 3",
        "nearest_station_ada": 0,
        "nearest_station_gtfs_id": "225",
        "station_walk_estimate_m": 203.8
      },
      "geometry": {
        "type": "Point",
        "coordinates": [
          -73.947278,
          40.808523
        ]
      }
    },
    {
      "type": "Feature",
      "properties": {
        "id": "culture-whitney",
        "planner_id": "whitney",
        "name": "Whitney Museum of American Art",
        "category": "Art & Exhibitions",
        "venue_type": "American art museum",
        "borough": "Manhattan",
        "neighborhood": "Meatpacking District",
        "description": "A museum of twentieth- and twenty-first-century American art with a strong focus on living artists and the Whitney Biennial.",
        "events_url": "https://whitney.org/exhibitions",
        "program_label": "Current exhibitions",
        "schedule_type": "regular",
        "hours": {
          "mon": [
            10.5,
            18
          ],
          "tue": [
            10.5,
            18
          ],
          "wed": [
            10.5,
            18
          ],
          "thu": [
            10.5,
            18
          ],
          "fri": [
            10.5,
            22
          ],
          "sat": [
            10.5,
            18
          ],
          "sun": [
            10.5,
            18
          ]
        },
        "hours_label": "Weekly museum hours",
        "adult_price": 30,
        "student_price": 25,
        "ny_resident_price": null,
        "under_25_price": 0.0,
        "admission_label": "$30 adult; free for visitors 25 and under",
        "visit_source": "https://www.nyc.gov/site/dcla/resources/free-and-suggested-admission.page",
        "visit_checked": "2026-08-01",
        "address": "99 Gansevoort Street, New York, NY 10014",
        "website": "https://whitney.org/visit/free-admission",
        "public_visit_verified": true,
        "data_checked": "2026-08-01",
        "source_note": "Public venue profile checked against the venue's official website and NYC DCLA's public admission guide where listed.",
        "nearest_station": "8 Av",
        "nearest_station_routes": "L",
        "nearest_station_ada": 1,
        "nearest_station_gtfs_id": "L01",
        "station_walk_estimate_m": 637.2
      },
      "geometry": {
        "type": "Point",
        "coordinates": [
          -74.008967,
          40.739386
        ]
      }
    },
    {
      "type": "Feature",
      "properties": {
        "id": "culture-met",
        "planner_id": "met",
        "name": "The Metropolitan Museum of Art",
        "category": "Art & Exhibitions",
        "venue_type": "Encyclopedic art museum",
        "borough": "Manhattan",
        "neighborhood": "Upper East Side",
        "description": "An encyclopedic museum connecting five thousand years of art across cultures, media, and historical periods.",
        "events_url": "https://www.metmuseum.org/exhibitions",
        "program_label": "Current exhibitions",
        "schedule_type": "regular",
        "hours": {
          "mon": [
            10,
            17
          ],
          "tue": [
            10,
            17
          ],
          "wed": null,
          "thu": [
            10,
            17
          ],
          "fri": [
            10,
            21
          ],
          "sat": [
            10,
            21
          ],
          "sun": [
            10,
            17
          ]
        },
        "hours_label": "Weekly museum hours",
        "adult_price": 30,
        "student_price": 17,
        "ny_resident_price": 1.0,
        "under_25_price": null,
        "admission_label": "$30 adult / $17 student; pay what you wish for NY residents and tri-state students",
        "visit_source": "https://www.nyc.gov/site/dcla/resources/free-and-suggested-admission.page",
        "visit_checked": "2026-08-01",
        "address": "1000 Fifth Avenue, New York, NY 10028",
        "website": "https://www.metmuseum.org/plan-your-visit",
        "public_visit_verified": true,
        "data_checked": "2026-08-01",
        "source_note": "Public venue profile checked against the venue's official website and NYC DCLA's public admission guide where listed.",
        "nearest_station": "86 St",
        "nearest_station_routes": "4 5 6",
        "nearest_station_ada": 2,
        "nearest_station_gtfs_id": "626",
        "station_walk_estimate_m": 700.4
      },
      "geometry": {
        "type": "Point",
        "coordinates": [
          -73.962546,
          40.778633
        ]
      }
    },
    {
      "type": "Feature",
      "properties": {
        "id": "culture-folk-art",
        "planner_id": "afam",
        "name": "American Folk Art Museum",
        "category": "Art & Exhibitions",
        "venue_type": "Folk art museum",
        "borough": "Manhattan",
        "neighborhood": "Lincoln Square",
        "description": "A free museum presenting self-taught art, craft traditions, and works made outside conventional academic art systems.",
        "events_url": "https://folkartmuseum.org/exhibitions/",
        "program_label": "Current exhibitions",
        "schedule_type": "regular",
        "hours": {
          "mon": null,
          "tue": null,
          "wed": [
            11.5,
            18
          ],
          "thu": [
            11.5,
            18
          ],
          "fri": [
            11.5,
            18
          ],
          "sat": [
            11.5,
            18
          ],
          "sun": [
            11.5,
            18
          ]
        },
        "hours_label": "Weekly museum hours",
        "adult_price": 0,
        "student_price": 0,
        "ny_resident_price": 0.0,
        "under_25_price": 0.0,
        "admission_label": "Always free",
        "visit_source": "https://www.nyc.gov/site/dcla/resources/free-and-suggested-admission.page",
        "visit_checked": "2026-08-01",
        "address": "2 Lincoln Square, New York, NY 10023",
        "website": "https://folkartmuseum.org/news/visitor-guidelines/",
        "public_visit_verified": true,
        "data_checked": "2026-08-01",
        "source_note": "Public venue profile checked against the venue's official website and NYC DCLA's public admission guide where listed.",
        "nearest_station": "66 St-Lincoln Center",
        "nearest_station_routes": "1",
        "nearest_station_ada": 1,
        "nearest_station_gtfs_id": "124",
        "station_walk_estimate_m": 212.1
      },
      "geometry": {
        "type": "Point",
        "coordinates": [
          -73.980154,
          40.773003
        ]
      }
    },
    {
      "type": "Feature",
      "properties": {
        "id": "culture-fit",
        "planner_id": "museum-fit",
        "name": "The Museum at FIT",
        "category": "Design, Books & Architecture",
        "venue_type": "Fashion museum",
        "borough": "Manhattan",
        "neighborhood": "Chelsea",
        "description": "A free museum at the Fashion Institute of Technology exploring fashion history, textile design, and contemporary dress.",
        "events_url": "https://www.fitnyc.edu/museum/exhibitions/",
        "program_label": "Current exhibitions",
        "schedule_type": "regular",
        "hours": {
          "mon": null,
          "tue": null,
          "wed": [
            12,
            20
          ],
          "thu": [
            12,
            20
          ],
          "fri": [
            12,
            20
          ],
          "sat": [
            10,
            17
          ],
          "sun": [
            10,
            17
          ]
        },
        "hours_label": "Weekly museum hours",
        "adult_price": 0,
        "student_price": 0,
        "ny_resident_price": 0.0,
        "under_25_price": 0.0,
        "admission_label": "Always free",
        "visit_source": "https://www.nyc.gov/site/dcla/resources/free-and-suggested-admission.page",
        "visit_checked": "2026-08-01",
        "address": "227 West 27th Street, New York, NY 10001",
        "website": "https://www.fitnyc.edu/museum/",
        "public_visit_verified": true,
        "data_checked": "2026-08-01",
        "source_note": "Public venue profile checked against the venue's official website and NYC DCLA's public admission guide where listed.",
        "nearest_station": "28 St",
        "nearest_station_routes": "1",
        "nearest_station_ada": 0,
        "nearest_station_gtfs_id": "129",
        "station_walk_estimate_m": 165.8
      },
      "geometry": {
        "type": "Point",
        "coordinates": [
          -73.9949,
          40.74672
        ]
      }
    },
    {
      "type": "Feature",
      "properties": {
        "id": "culture-leslie-lohman",
        "planner_id": "leslie-lohman",
        "name": "Leslie-Lohman Museum of Art",
        "category": "Art & Exhibitions",
        "venue_type": "LGBTQ+ art museum",
        "borough": "Manhattan",
        "neighborhood": "SoHo",
        "description": "A museum preserving and presenting art by LGBTQ+ artists while supporting queer cultural histories and contemporary practice.",
        "events_url": "https://leslielohman.org/exhibitions",
        "program_label": "Current exhibitions",
        "schedule_type": "regular",
        "hours": {
          "mon": null,
          "tue": null,
          "wed": [
            12,
            17
          ],
          "thu": [
            12,
            18
          ],
          "fri": [
            12,
            18
          ],
          "sat": [
            12,
            18
          ],
          "sun": [
            12,
            18
          ]
        },
        "hours_label": "Weekly museum hours",
        "adult_price": 10,
        "student_price": 10,
        "ny_resident_price": null,
        "under_25_price": null,
        "admission_label": "$10 suggested donation",
        "visit_source": "https://www.nyc.gov/site/dcla/resources/free-and-suggested-admission.page",
        "visit_checked": "2026-08-01",
        "address": "26 Wooster Street, New York, NY 10013",
        "website": "https://www.leslielohman.org/visit/",
        "public_visit_verified": true,
        "data_checked": "2026-08-01",
        "source_note": "Public venue profile checked against the venue's official website and NYC DCLA's public admission guide where listed.",
        "nearest_station": "Canal St",
        "nearest_station_routes": "A C E",
        "nearest_station_ada": 0,
        "nearest_station_gtfs_id": "A34",
        "station_walk_estimate_m": 232.2
      },
      "geometry": {
        "type": "Point",
        "coordinates": [
          -74.003204,
          40.721705
        ]
      }
    },
    {
      "type": "Feature",
      "properties": {
        "id": "culture-drawing-center",
        "planner_id": "drawing-center",
        "name": "The Drawing Center",
        "category": "Art & Exhibitions",
        "venue_type": "Nonprofit gallery",
        "borough": "Manhattan",
        "neighborhood": "SoHo",
        "description": "A nonprofit exhibition space focused on drawing as a historical medium and an expansive form of contemporary practice.",
        "events_url": "https://drawingcenter.org/exhibitions",
        "program_label": "Current exhibitions",
        "schedule_type": "regular",
        "hours": {
          "mon": null,
          "tue": null,
          "wed": [
            12,
            18
          ],
          "thu": [
            12,
            18
          ],
          "fri": [
            12,
            18
          ],
          "sat": [
            12,
            18
          ],
          "sun": [
            12,
            18
          ]
        },
        "hours_label": "Weekly museum hours",
        "adult_price": 0,
        "student_price": 0,
        "ny_resident_price": 0.0,
        "under_25_price": 0.0,
        "admission_label": "Always free",
        "visit_source": "https://www.nyc.gov/site/dcla/resources/free-and-suggested-admission.page",
        "visit_checked": "2026-08-01",
        "address": "35 Wooster Street, New York, NY 10013",
        "website": "https://drawingcenter.org/visit",
        "public_visit_verified": true,
        "data_checked": "2026-08-01",
        "source_note": "Public venue profile checked against the venue's official website and NYC DCLA's public admission guide where listed.",
        "nearest_station": "Canal St",
        "nearest_station_routes": "A C E",
        "nearest_station_ada": 0,
        "nearest_station_gtfs_id": "A34",
        "station_walk_estimate_m": 310.7
      },
      "geometry": {
        "type": "Point",
        "coordinates": [
          -74.002753,
          40.722268
        ]
      }
    },
    {
      "type": "Feature",
      "properties": {
        "id": "culture-el-museo",
        "planner_id": "el-museo",
        "name": "El Museo del Barrio",
        "category": "Cultural Centers",
        "venue_type": "Latino art museum",
        "borough": "Manhattan",
        "neighborhood": "East Harlem",
        "description": "A museum centered on Puerto Rican, Caribbean, and Latin American art and culture, with exhibitions and community celebrations.",
        "events_url": "https://www.elmuseo.org/exhibitions/",
        "program_label": "Current exhibitions",
        "schedule_type": "regular",
        "hours": {
          "mon": null,
          "tue": null,
          "wed": null,
          "thu": [
            11,
            17
          ],
          "fri": [
            11,
            17
          ],
          "sat": [
            11,
            17
          ],
          "sun": [
            11,
            17
          ]
        },
        "hours_label": "Weekly museum hours",
        "adult_price": 9,
        "student_price": 5,
        "ny_resident_price": 1.0,
        "under_25_price": null,
        "admission_label": "Pay what you can; $9 adult / $5 student suggested",
        "visit_source": "https://www.nyc.gov/site/dcla/resources/free-and-suggested-admission.page",
        "visit_checked": "2026-08-01",
        "address": "1230 Fifth Avenue, New York, NY 10029",
        "website": "https://elmuseo.org/visit/plan-your-visit/",
        "public_visit_verified": true,
        "data_checked": "2026-08-01",
        "source_note": "Public venue profile checked against the venue's official website and NYC DCLA's public admission guide where listed.",
        "nearest_station": "103 St",
        "nearest_station_routes": "6",
        "nearest_station_ada": 0,
        "nearest_station_gtfs_id": "624",
        "station_walk_estimate_m": 553.4
      },
      "geometry": {
        "type": "Point",
        "coordinates": [
          -73.951992,
          40.793072
        ]
      }
    },
    {
      "type": "Feature",
      "properties": {
        "id": "culture-mcny",
        "planner_id": "mcny",
        "name": "Museum of the City of New York",
        "category": "Museums & Heritage",
        "venue_type": "City history museum",
        "borough": "Manhattan",
        "neighborhood": "East Harlem",
        "description": "A museum examining New York City's past, present, and possible futures through history, photography, design, activism, and urban life.",
        "events_url": "https://www.mcny.org/exhibitions",
        "program_label": "Current exhibitions",
        "schedule_type": "regular",
        "hours": {
          "mon": [
            10,
            17
          ],
          "tue": [
            10,
            17
          ],
          "wed": [
            10,
            21
          ],
          "thu": [
            10,
            17
          ],
          "fri": [
            10,
            17
          ],
          "sat": [
            10,
            18
          ],
          "sun": [
            10,
            18
          ]
        },
        "hours_label": "Weekly museum hours",
        "adult_price": 23,
        "student_price": 14,
        "ny_resident_price": 1.0,
        "under_25_price": null,
        "admission_label": "$23 adult / $14 student; pay what you can for NYC residents",
        "visit_source": "https://www.nyc.gov/site/dcla/resources/free-and-suggested-admission.page",
        "visit_checked": "2026-08-01",
        "address": "1220 Fifth Avenue, New York, NY 10029",
        "website": "https://www.mcny.org/visit",
        "public_visit_verified": true,
        "data_checked": "2026-08-01",
        "source_note": "Public venue profile checked against the venue's official website and NYC DCLA's public admission guide where listed.",
        "nearest_station": "103 St",
        "nearest_station_routes": "6",
        "nearest_station_ada": 0,
        "nearest_station_gtfs_id": "624",
        "station_walk_estimate_m": 549.5
      },
      "geometry": {
        "type": "Point",
        "coordinates": [
          -73.952448,
          40.792438
        ]
      }
    },
    {
      "type": "Feature",
      "properties": {
        "id": "culture-nmai",
        "planner_id": "nmai",
        "name": "National Museum of the American Indian",
        "category": "Museums & Heritage",
        "venue_type": "Indigenous culture museum",
        "borough": "Manhattan",
        "neighborhood": "Financial District",
        "description": "A free Smithsonian museum presenting Indigenous art, histories, and living cultures of the Americas in the historic Custom House.",
        "events_url": "https://americanindian.si.edu/visit/repatriation-and-exhibitions/ny",
        "program_label": "Current exhibitions",
        "schedule_type": "regular",
        "hours": {
          "mon": [
            10,
            17
          ],
          "tue": [
            10,
            17
          ],
          "wed": [
            10,
            17
          ],
          "thu": [
            10,
            17
          ],
          "fri": [
            10,
            17
          ],
          "sat": [
            10,
            17
          ],
          "sun": [
            10,
            17
          ]
        },
        "hours_label": "Weekly museum hours",
        "adult_price": 0,
        "student_price": 0,
        "ny_resident_price": 0.0,
        "under_25_price": 0.0,
        "admission_label": "Always free",
        "visit_source": "https://www.nyc.gov/site/dcla/resources/free-and-suggested-admission.page",
        "visit_checked": "2026-08-01",
        "address": "One Bowling Green, New York, NY 10004",
        "website": "https://americanindian.si.edu/visit/ny",
        "public_visit_verified": true,
        "data_checked": "2026-08-01",
        "source_note": "Public venue profile checked against the venue's official website and NYC DCLA's public admission guide where listed.",
        "nearest_station": "Bowling Green",
        "nearest_station_routes": "4 5",
        "nearest_station_ada": 1,
        "nearest_station_gtfs_id": "420",
        "station_walk_estimate_m": 113.2
      },
      "geometry": {
        "type": "Point",
        "coordinates": [
          -74.0137,
          40.704
        ]
      }
    },
    {
      "type": "Feature",
      "properties": {
        "id": "apexart",
        "name": "apexart",
        "category": "Art & Exhibitions",
        "venue_type": "Nonprofit gallery",
        "borough": "Manhattan",
        "neighborhood": "Tribeca",
        "address": "291 Church Street, New York, NY 10013",
        "description": "A free nonprofit exhibition space built around open calls and idea-led group exhibitions rather than commercial representation.",
        "website": "https://apexart.org/",
        "events_url": "https://apexart.org/exhibitions.php",
        "program_label": "Current and upcoming exhibitions",
        "schedule_type": "exhibition",
        "hours_label": "Open during current public exhibition hours",
        "adult_price": 0,
        "student_price": 0,
        "admission_label": "Free admission",
        "visit_source": "https://apexart.org/about-us.php",
        "hours": {
          "mon": null,
          "tue": [
            11,
            18
          ],
          "wed": [
            11,
            18
          ],
          "thu": [
            11,
            18
          ],
          "fri": [
            11,
            18
          ],
          "sat": [
            11,
            18
          ],
          "sun": null
        },
        "visit_checked": "2026-08-01",
        "public_visit_verified": true,
        "data_checked": "2026-08-01",
        "source_note": "Public venue profile checked against the venue's official website and NYC DCLA's public admission guide where listed.",
        "nearest_station": "Franklin St",
        "nearest_station_routes": "1",
        "nearest_station_ada": 0,
        "nearest_station_gtfs_id": "136",
        "station_walk_estimate_m": 247.3
      },
      "geometry": {
        "type": "Point",
        "coordinates": [
          -74.0044289,
          40.7190294
        ]
      }
    },
    {
      "type": "Feature",
      "properties": {
        "id": "artists-space",
        "name": "Artists Space",
        "category": "Art & Exhibitions",
        "venue_type": "Nonprofit contemporary art space",
        "borough": "Manhattan",
        "neighborhood": "Tribeca",
        "address": "11 Cortlandt Alley, New York, NY 10013",
        "description": "An artist-centered nonprofit known for experimental exhibitions, performances, talks, publishing, and support for emerging practices.",
        "website": "https://artistsspace.org/",
        "events_url": "https://artistsspace.org/programs",
        "program_label": "Current programs",
        "schedule_type": "exhibition",
        "hours_label": "Open during current public exhibition hours",
        "adult_price": 0,
        "student_price": 0,
        "admission_label": "Free admission",
        "visit_source": "https://artistsspace.org/about",
        "hours": {
          "mon": null,
          "tue": null,
          "wed": [
            12,
            18
          ],
          "thu": [
            12,
            18
          ],
          "fri": [
            12,
            18
          ],
          "sat": [
            12,
            18
          ],
          "sun": null
        },
        "visit_checked": "2026-08-01",
        "public_visit_verified": true,
        "data_checked": "2026-08-01",
        "source_note": "Public venue profile checked against the venue's official website and NYC DCLA's public admission guide where listed.",
        "nearest_station": "Canal St",
        "nearest_station_routes": "N Q",
        "nearest_station_ada": 0,
        "nearest_station_gtfs_id": "Q01",
        "station_walk_estimate_m": 277.5
      },
      "geometry": {
        "type": "Point",
        "coordinates": [
          -74.0028789,
          40.7173293
        ]
      }
    },
    {
      "type": "Feature",
      "properties": {
        "id": "cue-art-foundation",
        "name": "CUE Art Foundation",
        "category": "Art & Exhibitions",
        "venue_type": "Nonprofit gallery",
        "borough": "Manhattan",
        "neighborhood": "Chelsea",
        "address": "137 West 25th Street, New York, NY 10001",
        "description": "A free gallery supporting emerging and under-recognized artists through solo exhibitions, mentorship, public programs, and publishing.",
        "website": "https://cueartfoundation.org/",
        "events_url": "https://cueartfoundation.org/events-list",
        "program_label": "Current exhibitions",
        "schedule_type": "exhibition",
        "hours_label": "Open during current public exhibition hours",
        "adult_price": 0,
        "student_price": 0,
        "admission_label": "Free admission",
        "visit_source": "https://cueartfoundation.org/information",
        "hours": {
          "mon": null,
          "tue": null,
          "wed": [
            12,
            18
          ],
          "thu": [
            12,
            18
          ],
          "fri": [
            12,
            18
          ],
          "sat": [
            12,
            18
          ],
          "sun": null
        },
        "visit_checked": "2026-08-01",
        "public_visit_verified": true,
        "data_checked": "2026-08-01",
        "source_note": "Public venue profile checked against the venue's official website and NYC DCLA's public admission guide where listed.",
        "nearest_station": "23 St",
        "nearest_station_routes": "F M",
        "nearest_station_ada": 0,
        "nearest_station_gtfs_id": "D18",
        "station_walk_estimate_m": 241.0
      },
      "geometry": {
        "type": "Point",
        "coordinates": [
          -73.9928982,
          40.7447136
        ]
      }
    },
    {
      "type": "Feature",
      "properties": {
        "id": "white-columns",
        "name": "White Columns",
        "category": "Art & Exhibitions",
        "venue_type": "Alternative art space",
        "borough": "Manhattan",
        "neighborhood": "West Village",
        "address": "91 Horatio Street, New York, NY 10014",
        "description": "New York's oldest alternative art space, presenting emerging and under-recognized artists through exhibitions, archives, and editions.",
        "website": "https://www.whitecolumns.org/",
        "events_url": "https://www.whitecolumns.org/exhibitions/",
        "program_label": "Current exhibitions",
        "schedule_type": "exhibition",
        "hours_label": "Open during current public exhibition hours",
        "adult_price": 0,
        "student_price": 0,
        "admission_label": "Free admission",
        "visit_source": "https://whitecolumns.org/about/",
        "hours": {
          "mon": null,
          "tue": [
            11,
            18
          ],
          "wed": [
            11,
            18
          ],
          "thu": [
            11,
            18
          ],
          "fri": [
            11,
            18
          ],
          "sat": [
            11,
            18
          ],
          "sun": null
        },
        "visit_checked": "2026-08-01",
        "public_visit_verified": true,
        "data_checked": "2026-08-01",
        "source_note": "Public venue profile checked against the venue's official website and NYC DCLA's public admission guide where listed.",
        "nearest_station": "8 Av",
        "nearest_station_routes": "L",
        "nearest_station_ada": 1,
        "nearest_station_gtfs_id": "L01",
        "station_walk_estimate_m": 583.0
      },
      "geometry": {
        "type": "Point",
        "coordinates": [
          -74.0083132,
          40.7388498
        ]
      }
    },
    {
      "type": "Feature",
      "properties": {
        "id": "swiss-institute",
        "name": "Swiss Institute",
        "category": "Art & Exhibitions",
        "venue_type": "Nonprofit contemporary art space",
        "borough": "Manhattan",
        "neighborhood": "East Village",
        "address": "38 St Marks Place, New York, NY 10003",
        "description": "A free contemporary art institution presenting exhibitions, education, architecture, and public programs by international artists.",
        "website": "https://www.swissinstitute.net/",
        "events_url": "https://www.swissinstitute.net/exhibitions/",
        "program_label": "Current exhibitions",
        "schedule_type": "exhibition",
        "hours_label": "Open during current public exhibition hours",
        "adult_price": 0,
        "student_price": 0,
        "admission_label": "Free admission",
        "visit_source": "https://www.swissinstitute.net/visit/",
        "hours": {
          "mon": null,
          "tue": null,
          "wed": [
            14,
            20
          ],
          "thu": [
            14,
            20
          ],
          "fri": [
            14,
            20
          ],
          "sat": [
            12,
            20
          ],
          "sun": [
            12,
            18
          ]
        },
        "visit_checked": "2026-08-01",
        "public_visit_verified": true,
        "data_checked": "2026-08-01",
        "source_note": "Public venue profile checked against the venue's official website and NYC DCLA's public admission guide where listed.",
        "nearest_station": "Astor Pl",
        "nearest_station_routes": "6",
        "nearest_station_ada": 0,
        "nearest_station_gtfs_id": "636",
        "station_walk_estimate_m": 409.4
      },
      "geometry": {
        "type": "Point",
        "coordinates": [
          -73.9875749,
          40.7284048
        ]
      }
    },
    {
      "type": "Feature",
      "properties": {
        "id": "cara",
        "name": "Center for Art, Research and Alliances",
        "category": "Art & Exhibitions",
        "venue_type": "Research-led art center",
        "borough": "Manhattan",
        "neighborhood": "West Village",
        "address": "225 West 13th Street, New York, NY 10011",
        "description": "A free art center connecting exhibitions, research, publishing, fellowships, and public programs around social and political questions.",
        "website": "https://www.cara-nyc.org/",
        "events_url": "https://www.cara-nyc.org/programs",
        "program_label": "Current exhibitions and programs",
        "schedule_type": "exhibition",
        "hours_label": "Open during current public exhibition hours",
        "adult_price": 0,
        "student_price": 0,
        "admission_label": "Free admission",
        "visit_source": "https://www.cara-nyc.org/pages/visit?section=Hours",
        "hours": {
          "mon": null,
          "tue": null,
          "wed": [
            11,
            18
          ],
          "thu": [
            11,
            18
          ],
          "fri": [
            11,
            18
          ],
          "sat": [
            11,
            18
          ],
          "sun": [
            12,
            18
          ]
        },
        "visit_checked": "2026-08-01",
        "public_visit_verified": true,
        "data_checked": "2026-08-01",
        "source_note": "Public venue profile checked against the venue's official website and NYC DCLA's public admission guide where listed.",
        "nearest_station": "14 St",
        "nearest_station_routes": "1 2 3",
        "nearest_station_ada": 1,
        "nearest_station_gtfs_id": "132",
        "station_walk_estimate_m": 145.9
      },
      "geometry": {
        "type": "Point",
        "coordinates": [
          -74.0012378,
          40.7386133
        ]
      }
    },
    {
      "type": "Feature",
      "properties": {
        "id": "print-center-new-york",
        "name": "Print Center New York",
        "category": "Design, Books & Architecture",
        "venue_type": "Printmaking art center",
        "borough": "Manhattan",
        "neighborhood": "Chelsea",
        "address": "535 West 24th Street, New York, NY 10011",
        "description": "A free exhibition and program space expanding how prints and printmaking participate in contemporary art and public life.",
        "website": "https://www.printcenternewyork.org/",
        "events_url": "https://www.printcenternewyork.org/exhibitions",
        "program_label": "Current exhibitions",
        "schedule_type": "exhibition",
        "hours_label": "Open during current public exhibition hours",
        "adult_price": 0,
        "student_price": 0,
        "admission_label": "Free admission",
        "visit_source": "https://www.printcenternewyork.org/visit",
        "hours": {
          "mon": null,
          "tue": null,
          "wed": [
            12,
            18
          ],
          "thu": [
            12,
            18
          ],
          "fri": [
            12,
            18
          ],
          "sat": [
            12,
            18
          ],
          "sun": null
        },
        "visit_checked": "2026-08-01",
        "public_visit_verified": true,
        "data_checked": "2026-08-01",
        "source_note": "Public venue profile checked against the venue's official website and NYC DCLA's public admission guide where listed.",
        "nearest_station": "23 St",
        "nearest_station_routes": "C E",
        "nearest_station_ada": 0,
        "nearest_station_gtfs_id": "A30",
        "station_walk_estimate_m": 836.6
      },
      "geometry": {
        "type": "Point",
        "coordinates": [
          -74.0052774,
          40.749162
        ]
      }
    },
    {
      "type": "Feature",
      "properties": {
        "id": "center-for-book-arts",
        "name": "Center for Book Arts",
        "category": "Design, Books & Architecture",
        "venue_type": "Book arts center",
        "borough": "Manhattan",
        "neighborhood": "NoMad",
        "address": "28 West 27th Street, New York, NY 10001",
        "description": "A nonprofit center for artists' books, letterpress, bookbinding, exhibitions, workshops, and the culture of printed matter.",
        "website": "https://centerforbookarts.org/",
        "events_url": "https://centerforbookarts.org/calendar",
        "program_label": "Current exhibitions and events",
        "schedule_type": "program",
        "hours_label": "Open during scheduled public programs",
        "admission_label": "Free; suggested donation welcomed",
        "visit_source": "https://centerforbookarts.org/about",
        "hours": {
          "mon": [
            11,
            18
          ],
          "tue": [
            11,
            18
          ],
          "wed": [
            11,
            18
          ],
          "thu": [
            11,
            18
          ],
          "fri": [
            11,
            17
          ],
          "sat": [
            11,
            17
          ],
          "sun": null
        },
        "visit_checked": "2026-08-01",
        "public_visit_verified": true,
        "data_checked": "2026-08-01",
        "source_note": "Public venue profile checked against the venue's official website and NYC DCLA's public admission guide where listed.",
        "nearest_station": "28 St",
        "nearest_station_routes": "R W",
        "nearest_station_ada": 0,
        "nearest_station_gtfs_id": "R18",
        "station_walk_estimate_m": 157.3
      },
      "geometry": {
        "type": "Point",
        "coordinates": [
          -73.9899267,
          40.7447454
        ]
      }
    },
    {
      "type": "Feature",
      "properties": {
        "id": "storefront-art-architecture",
        "name": "Storefront for Art and Architecture",
        "category": "Design, Books & Architecture",
        "venue_type": "Architecture gallery",
        "borough": "Manhattan",
        "neighborhood": "Nolita",
        "address": "97 Kenmare Street, New York, NY 10012",
        "description": "An experimental gallery and civic forum where architects, artists, and the public investigate the built environment.",
        "website": "https://storefront.nyc/",
        "events_url": "https://storefront.nyc/",
        "program_label": "Current programs",
        "schedule_type": "exhibition",
        "hours_label": "Open during current public exhibition hours",
        "adult_price": 0,
        "student_price": 0,
        "admission_label": "Free admission",
        "visit_source": "https://storefront.nyc/about/",
        "hours": {
          "mon": null,
          "tue": null,
          "wed": [
            12,
            18
          ],
          "thu": [
            12,
            18
          ],
          "fri": [
            12,
            18
          ],
          "sat": [
            12,
            18
          ],
          "sun": null
        },
        "visit_checked": "2026-08-01",
        "public_visit_verified": true,
        "data_checked": "2026-08-01",
        "source_note": "Public venue profile checked against the venue's official website and NYC DCLA's public admission guide where listed.",
        "nearest_station": "Spring St",
        "nearest_station_routes": "6",
        "nearest_station_ada": 0,
        "nearest_station_gtfs_id": "638",
        "station_walk_estimate_m": 107.8
      },
      "geometry": {
        "type": "Point",
        "coordinates": [
          -73.9971028,
          40.7214798
        ]
      }
    },
    {
      "type": "Feature",
      "properties": {
        "id": "center-for-architecture",
        "name": "Center for Architecture",
        "category": "Design, Books & Architecture",
        "venue_type": "Architecture center",
        "borough": "Manhattan",
        "neighborhood": "Greenwich Village",
        "address": "536 LaGuardia Place, New York, NY 10012",
        "description": "A public center for exhibitions, talks, tours, and education about architecture, planning, design, and New York's built environment.",
        "website": "https://www.centerforarchitecture.org/",
        "events_url": "https://www.centerforarchitecture.org/calendar/",
        "program_label": "Current exhibitions and events",
        "schedule_type": "regular",
        "hours_label": "Open during scheduled public programs",
        "admission_label": "Free galleries; lectures and tours are priced separately",
        "visit_source": "https://www.centerforarchitecture.org/visit/",
        "hours": {
          "mon": [
            9,
            20
          ],
          "tue": [
            9,
            20
          ],
          "wed": [
            9,
            20
          ],
          "thu": [
            9,
            20
          ],
          "fri": [
            9,
            20
          ],
          "sat": [
            11,
            17
          ],
          "sun": null
        },
        "adult_price": 0,
        "student_price": 0,
        "visit_checked": "2026-08-01",
        "public_visit_verified": true,
        "data_checked": "2026-08-01",
        "source_note": "Public venue profile checked against the venue's official website and NYC DCLA's public admission guide where listed.",
        "nearest_station": "Broadway-Lafayette St",
        "nearest_station_routes": "B D F M",
        "nearest_station_ada": 1,
        "nearest_station_gtfs_id": "D21",
        "station_walk_estimate_m": 496.5
      },
      "geometry": {
        "type": "Point",
        "coordinates": [
          -73.998642,
          40.7285992
        ]
      }
    },
    {
      "type": "Feature",
      "properties": {
        "id": "national-arts-club",
        "name": "The National Arts Club",
        "category": "Art & Exhibitions",
        "venue_type": "Arts club with public galleries",
        "borough": "Manhattan",
        "neighborhood": "Gramercy",
        "address": "15 Gramercy Park South, New York, NY 10003",
        "description": "A historic arts club whose galleries and many exhibitions, lectures, and performances are free and open to the public.",
        "website": "https://www.nationalartsclub.org/",
        "events_url": "https://www.nationalartsclub.org/exhibitions",
        "program_label": "Current exhibitions",
        "schedule_type": "regular",
        "hours_label": "Public gallery hours; availability can change for Club functions",
        "adult_price": 0,
        "student_price": 0,
        "admission_label": "Free public exhibitions",
        "visit_source": "https://www.nationalartsclub.org/files/Membership%20Application.pdf",
        "hours": {
          "mon": [
            9,
            15
          ],
          "tue": [
            9,
            15
          ],
          "wed": [
            9,
            15
          ],
          "thu": [
            9,
            15
          ],
          "fri": [
            9,
            15
          ],
          "sat": [
            10,
            16
          ],
          "sun": [
            10,
            16
          ]
        },
        "visit_checked": "2026-08-01",
        "public_visit_verified": true,
        "data_checked": "2026-08-01",
        "source_note": "Public venue profile checked against the venue's official website and NYC DCLA's public admission guide where listed.",
        "nearest_station": "23 St-Baruch College",
        "nearest_station_routes": "6",
        "nearest_station_ada": 1,
        "nearest_station_gtfs_id": "634",
        "station_walk_estimate_m": 277.0
      },
      "geometry": {
        "type": "Point",
        "coordinates": [
          -73.9866814,
          40.7377541
        ]
      }
    },
    {
      "type": "Feature",
      "properties": {
        "id": "salmagundi-club",
        "name": "Salmagundi Club",
        "category": "Art & Exhibitions",
        "venue_type": "Historic art club and galleries",
        "borough": "Manhattan",
        "neighborhood": "Greenwich Village",
        "address": "47 Fifth Avenue, New York, NY 10003",
        "description": "A historic American art club with public galleries, exhibitions, auctions, lectures, and artist-centered programs.",
        "website": "https://salmagundi.org/",
        "events_url": "https://salmagundi.org/current-exhibitions-events/",
        "program_label": "Current exhibitions and events",
        "schedule_type": "regular",
        "hours_label": "Open during scheduled public programs",
        "admission_label": "Free public galleries; some lectures have a small fee",
        "visit_source": "https://salmagundi.org/about/",
        "hours": {
          "mon": null,
          "tue": [
            13,
            18
          ],
          "wed": [
            13,
            18
          ],
          "thu": [
            13,
            18
          ],
          "fri": [
            13,
            18
          ],
          "sat": [
            13,
            17
          ],
          "sun": [
            13,
            17
          ]
        },
        "adult_price": 0,
        "student_price": 0,
        "visit_checked": "2026-08-01",
        "public_visit_verified": true,
        "data_checked": "2026-08-01",
        "source_note": "Public venue profile checked against the venue's official website and NYC DCLA's public admission guide where listed.",
        "nearest_station": "Eastchester-Dyre Av",
        "nearest_station_routes": "5",
        "nearest_station_ada": 0,
        "nearest_station_gtfs_id": "501",
        "station_walk_estimate_m": 3773.4
      },
      "geometry": {
        "type": "Point",
        "coordinates": [
          -73.8095019,
          40.9121134
        ]
      }
    },
    {
      "type": "Feature",
      "properties": {
        "id": "wallach-art-gallery",
        "name": "Wallach Art Gallery",
        "category": "Art & Exhibitions",
        "venue_type": "University art gallery",
        "borough": "Manhattan",
        "neighborhood": "West Harlem",
        "address": "615 West 129th Street, New York, NY 10027",
        "description": "Columbia University's public gallery presenting historical and contemporary exhibitions grounded in research, teaching, and New York communities.",
        "website": "https://wallach.columbia.edu/",
        "events_url": "https://wallach.columbia.edu/exhibitions",
        "program_label": "Current exhibitions",
        "schedule_type": "regular",
        "hours_label": "Wednesday-Sunday, noon-6 PM",
        "adult_price": 0,
        "student_price": 0,
        "admission_label": "Free admission",
        "visit_source": "https://wallach.columbia.edu/content/plan-your-visit",
        "hours": {
          "mon": null,
          "tue": null,
          "wed": [
            12,
            18
          ],
          "thu": [
            12,
            18
          ],
          "fri": [
            12,
            18
          ],
          "sat": [
            12,
            18
          ],
          "sun": [
            12,
            18
          ]
        },
        "visit_checked": "2026-08-01",
        "public_visit_verified": true,
        "data_checked": "2026-08-01",
        "source_note": "Public venue profile checked against the venue's official website and NYC DCLA's public admission guide where listed.",
        "nearest_station": "125 St",
        "nearest_station_routes": "1",
        "nearest_station_ada": 0,
        "nearest_station_gtfs_id": "116",
        "station_walk_estimate_m": 127.2
      },
      "geometry": {
        "type": "Point",
        "coordinates": [
          -73.958116,
          40.8165306
        ]
      }
    },
    {
      "type": "Feature",
      "properties": {
        "id": "james-gallery",
        "name": "The James Gallery",
        "category": "Art & Exhibitions",
        "venue_type": "University art gallery",
        "borough": "Manhattan",
        "neighborhood": "Midtown South",
        "address": "365 Fifth Avenue, New York, NY 10016",
        "description": "The CUNY Graduate Center's gallery, connecting contemporary art with scholarship, public debate, and interdisciplinary research.",
        "website": "https://www.centerforthehumanities.org/james-gallery",
        "events_url": "https://www.centerforthehumanities.org/james-gallery",
        "program_label": "Current exhibitions and programs",
        "schedule_type": "exhibition",
        "hours_label": "Open during current public exhibition hours",
        "adult_price": 0,
        "student_price": 0,
        "admission_label": "Free admission",
        "visit_source": "https://www.gc.cuny.edu/james-gallery",
        "hours": {
          "mon": null,
          "tue": [
            12,
            18
          ],
          "wed": [
            12,
            18
          ],
          "thu": [
            12,
            18
          ],
          "fri": [
            12,
            18
          ],
          "sat": null,
          "sun": null
        },
        "visit_checked": "2026-08-01",
        "public_visit_verified": true,
        "data_checked": "2026-08-01",
        "source_note": "Public venue profile checked against the venue's official website and NYC DCLA's public admission guide where listed.",
        "nearest_station": "Eastchester-Dyre Av",
        "nearest_station_routes": "5",
        "nearest_station_ada": 0,
        "nearest_station_gtfs_id": "501",
        "station_walk_estimate_m": 4364.2
      },
      "geometry": {
        "type": "Point",
        "coordinates": [
          -73.807268,
          40.9163902
        ]
      }
    },
    {
      "type": "Feature",
      "properties": {
        "id": "isaw",
        "name": "Institute for the Study of the Ancient World",
        "category": "Museums & Heritage",
        "venue_type": "Ancient art gallery",
        "borough": "Manhattan",
        "neighborhood": "Upper East Side",
        "address": "15 East 84th Street, New York, NY 10028",
        "description": "NYU's free exhibition space for cross-cultural approaches to the art, archaeology, and history of the ancient world.",
        "website": "https://isaw.nyu.edu/",
        "events_url": "https://isaw.nyu.edu/exhibitions",
        "program_label": "Current exhibitions",
        "schedule_type": "exhibition",
        "hours_label": "Open during current public exhibition hours",
        "adult_price": 0,
        "student_price": 0,
        "admission_label": "Free admission",
        "visit_source": "https://isaw.nyu.edu/exhibitions/wgre/location-and-hours",
        "hours": {
          "mon": null,
          "tue": [
            11,
            18
          ],
          "wed": [
            11,
            18
          ],
          "thu": [
            11,
            18
          ],
          "fri": [
            11,
            20
          ],
          "sat": [
            11,
            18
          ],
          "sun": [
            11,
            18
          ]
        },
        "visit_checked": "2026-08-01",
        "public_visit_verified": true,
        "data_checked": "2026-08-01",
        "source_note": "Public venue profile checked against the venue's official website and NYC DCLA's public admission guide where listed.",
        "nearest_station": "86 St",
        "nearest_station_routes": "4 5 6",
        "nearest_station_ada": 2,
        "nearest_station_gtfs_id": "626",
        "station_walk_estimate_m": 501.8
      },
      "geometry": {
        "type": "Point",
        "coordinates": [
          -73.9605946,
          40.7799984
        ]
      }
    },
    {
      "type": "Feature",
      "properties": {
        "id": "grolier-club",
        "name": "The Grolier Club",
        "category": "Design, Books & Architecture",
        "venue_type": "Book and graphic arts gallery",
        "borough": "Manhattan",
        "neighborhood": "Midtown East",
        "address": "47 East 60th Street, New York, NY 10022",
        "description": "A free public gallery devoted to books, typography, illustration, printing, bindings, and the history of graphic communication.",
        "website": "https://www.grolierclub.org/",
        "events_url": "https://www.grolierclub.org/Default.aspx?p=dynamicmodule&pageid=384797",
        "program_label": "Current exhibitions",
        "schedule_type": "regular",
        "hours_label": "Monday-Saturday, 10 AM-5 PM; closed for August 2026",
        "adult_price": 0,
        "student_price": 0,
        "admission_label": "Free exhibitions",
        "visit_source": "https://www.grolierclub.org/",
        "hours": {
          "mon": [
            10,
            17
          ],
          "tue": [
            10,
            17
          ],
          "wed": [
            10,
            17
          ],
          "thu": [
            10,
            17
          ],
          "fri": [
            10,
            17
          ],
          "sat": [
            10,
            17
          ],
          "sun": null
        },
        "closures": [
          {
            "start": "2026-08-01",
            "end": "2026-09-07",
            "label": "Closed for the August recess; reopens September 8"
          }
        ],
        "visit_checked": "2026-08-01",
        "public_visit_verified": true,
        "data_checked": "2026-08-01",
        "source_note": "Public venue profile checked against the venue's official website and NYC DCLA's public admission guide where listed.",
        "nearest_station": "59 St",
        "nearest_station_routes": "4 5 6",
        "nearest_station_ada": 0,
        "nearest_station_gtfs_id": "629",
        "station_walk_estimate_m": 270.2
      },
      "geometry": {
        "type": "Point",
        "coordinates": [
          -73.9698352,
          40.7640226
        ]
      }
    },
    {
      "type": "Feature",
      "properties": {
        "id": "the-kitchen",
        "name": "The Kitchen",
        "category": "Performance & Music",
        "venue_type": "Experimental performance center",
        "borough": "Manhattan",
        "neighborhood": "West Village",
        "address": "163B Bank Street, New York, NY 10014",
        "description": "An experimental arts organization commissioning performance, music, dance, video, writing, and cross-disciplinary work.",
        "website": "https://thekitchen.org/",
        "events_url": "https://thekitchen.org/on-view",
        "program_label": "Current performances and exhibitions",
        "schedule_type": "event",
        "hours_label": "Open for the times listed with each program",
        "admission_label": "No fixed admission; public programs include free and $5-$25 sliding-scale events",
        "visit_source": "https://thekitchen.org/on-view/the-woodshed-black-backstage/",
        "visit_checked": "2026-08-01",
        "public_visit_verified": true,
        "data_checked": "2026-08-01",
        "source_note": "Public venue profile checked against the venue's official website and NYC DCLA's public admission guide where listed.",
        "nearest_station": "Christopher St-Stonewall",
        "nearest_station_routes": "1",
        "nearest_station_ada": 0,
        "nearest_station_gtfs_id": "133",
        "station_walk_estimate_m": 706.7
      },
      "geometry": {
        "type": "Point",
        "coordinates": [
          -74.0090714,
          40.7361022
        ]
      }
    },
    {
      "type": "Feature",
      "properties": {
        "id": "abrons-arts-center",
        "name": "Abrons Arts Center",
        "category": "Performance & Music",
        "venue_type": "Multidisciplinary arts center",
        "borough": "Manhattan",
        "neighborhood": "Lower East Side",
        "address": "466 Grand Street, New York, NY 10002",
        "description": "A Lower East Side arts center presenting performance, exhibitions, residencies, classes, and community programs across disciplines.",
        "website": "https://www.abronsartscenter.org/",
        "events_url": "https://www.abronsartscenter.org/programs",
        "program_label": "Current programs",
        "schedule_type": "event",
        "hours_label": "Building open daily 10 AM-10 PM; box office opens one hour before shows",
        "admission_label": "Free galleries and community programs; performance tickets are priced per event",
        "visit_source": "https://abronsartscenter.org/about/contact",
        "visit_checked": "2026-08-01",
        "public_visit_verified": true,
        "data_checked": "2026-08-01",
        "source_note": "Public venue profile checked against the venue's official website and NYC DCLA's public admission guide where listed.",
        "nearest_station": "Delancey St-Essex St",
        "nearest_station_routes": "M J Z",
        "nearest_station_ada": 0,
        "nearest_station_gtfs_id": "M18",
        "station_walk_estimate_m": 532.0
      },
      "geometry": {
        "type": "Point",
        "coordinates": [
          -73.9838931,
          40.7152783
        ]
      }
    },
    {
      "type": "Feature",
      "properties": {
        "id": "the-clemente",
        "name": "The Clemente",
        "category": "Cultural Centers",
        "venue_type": "Latino cultural center",
        "borough": "Manhattan",
        "neighborhood": "Lower East Side",
        "address": "107 Suffolk Street, New York, NY 10002",
        "description": "A Puerto Rican and Latino cultural center housing artists and organizations while presenting exhibitions, theater, performance, festivals, and community events.",
        "website": "https://theclementecenter.org/",
        "events_url": "https://theclementecenter.org/events/",
        "program_label": "Current events",
        "schedule_type": "program",
        "hours_label": "Open for the times listed with each public event",
        "admission_label": "No fixed admission; the calendar identifies free and ticketed events",
        "visit_source": "https://www.theclementecenter.org/calendar",
        "visit_checked": "2026-08-01",
        "public_visit_verified": true,
        "data_checked": "2026-08-01",
        "source_note": "Public venue profile checked against the venue's official website and NYC DCLA's public admission guide where listed.",
        "nearest_station": "Delancey St-Essex St",
        "nearest_station_routes": "M J Z",
        "nearest_station_ada": 0,
        "nearest_station_gtfs_id": "M18",
        "station_walk_estimate_m": 154.5
      },
      "geometry": {
        "type": "Point",
        "coordinates": [
          -73.9862353,
          40.719061
        ]
      }
    },
    {
      "type": "Feature",
      "properties": {
        "id": "city-lore",
        "name": "City Lore",
        "category": "Community Arts",
        "venue_type": "Folk culture gallery",
        "borough": "Manhattan",
        "neighborhood": "East Village",
        "address": "56 East 1st Street, New York, NY 10003",
        "description": "A gallery and cultural organization devoted to New York's living traditions, neighborhood stories, folk arts, poetry, and cultural equity.",
        "website": "https://citylore.org/",
        "events_url": "https://citylore.org/events/",
        "program_label": "Current exhibitions and events",
        "schedule_type": "regular",
        "hours_label": "Saturday-Sunday, noon-6 PM",
        "adult_price": 0,
        "student_price": 0,
        "admission_label": "Free admission",
        "visit_source": "https://citylore.org/about-the-gallery/current-exhibition/",
        "hours": {
          "mon": null,
          "tue": null,
          "wed": null,
          "thu": null,
          "fri": null,
          "sat": [
            12,
            18
          ],
          "sun": [
            12,
            18
          ]
        },
        "visit_checked": "2026-08-01",
        "public_visit_verified": true,
        "data_checked": "2026-08-01",
        "source_note": "Public venue profile checked against the venue's official website and NYC DCLA's public admission guide where listed.",
        "nearest_station": "2 Av",
        "nearest_station_routes": "F",
        "nearest_station_ada": 0,
        "nearest_station_gtfs_id": "F14",
        "station_walk_estimate_m": 72.4
      },
      "geometry": {
        "type": "Point",
        "coordinates": [
          -73.989394,
          40.7237682
        ]
      }
    },
    {
      "type": "Feature",
      "properties": {
        "id": "africa-center",
        "name": "The Africa Center",
        "category": "Cultural Centers",
        "venue_type": "Pan-African cultural center",
        "borough": "Manhattan",
        "neighborhood": "East Harlem",
        "address": "1280 Fifth Avenue, New York, NY 10029",
        "description": "A public center for contemporary African culture, policy, art, food, performance, and conversations connecting Africa and its diaspora.",
        "website": "https://theafricacenter.org/",
        "events_url": "https://theafricacenter.org/programs",
        "program_label": "Current exhibitions and events",
        "schedule_type": "regular",
        "hours_label": "Open during scheduled public programs",
        "admission_label": "Free admission; selected exhibitions and events may be ticketed",
        "visit_source": "https://theafricacenter.org/about-us",
        "hours": {
          "mon": null,
          "tue": null,
          "wed": [
            11,
            17
          ],
          "thu": [
            11,
            17
          ],
          "fri": [
            11,
            17
          ],
          "sat": [
            11,
            17
          ],
          "sun": [
            11,
            17
          ]
        },
        "adult_price": 0,
        "student_price": 0,
        "visit_checked": "2026-08-01",
        "public_visit_verified": true,
        "data_checked": "2026-08-01",
        "source_note": "Public venue profile checked against the venue's official website and NYC DCLA's public admission guide where listed.",
        "nearest_station": "116 St",
        "nearest_station_routes": "2 3",
        "nearest_station_ada": 0,
        "nearest_station_gtfs_id": "226",
        "station_walk_estimate_m": 422.8
      },
      "geometry": {
        "type": "Point",
        "coordinates": [
          -73.9453686,
          40.8021613
        ]
      }
    },
    {
      "type": "Feature",
      "properties": {
        "id": "americas-society",
        "name": "Americas Society",
        "category": "Cultural Centers",
        "venue_type": "Americas-focused cultural center",
        "borough": "Manhattan",
        "neighborhood": "Upper East Side",
        "address": "680 Park Avenue, New York, NY 10065",
        "description": "A cultural center presenting visual art, literature, and music from Latin America, the Caribbean, Canada, and the United States.",
        "website": "https://www.as-coa.org/art",
        "events_url": "https://www.as-coa.org/art",
        "program_label": "Current exhibitions and events",
        "schedule_type": "regular",
        "hours_label": "Open during scheduled public programs",
        "admission_label": "Free gallery admission",
        "visit_source": "https://www.as-coa.org/art",
        "hours": {
          "mon": null,
          "tue": null,
          "wed": [
            11,
            18
          ],
          "thu": [
            11,
            18
          ],
          "fri": [
            11,
            18
          ],
          "sat": [
            11,
            18
          ],
          "sun": null
        },
        "adult_price": 0,
        "student_price": 0,
        "visit_checked": "2026-08-01",
        "public_visit_verified": true,
        "data_checked": "2026-08-01",
        "source_note": "Public venue profile checked against the venue's official website and NYC DCLA's public admission guide where listed.",
        "nearest_station": "68 St-Hunter College",
        "nearest_station_routes": "6",
        "nearest_station_ada": 1,
        "nearest_station_gtfs_id": "628",
        "station_walk_estimate_m": 213.3
      },
      "geometry": {
        "type": "Point",
        "coordinates": [
          -73.965845,
          40.7687784
        ]
      }
    },
    {
      "type": "Feature",
      "properties": {
        "id": "austrian-cultural-forum",
        "name": "Austrian Cultural Forum New York",
        "category": "Cultural Centers",
        "venue_type": "Cultural forum and gallery",
        "borough": "Manhattan",
        "neighborhood": "Midtown East",
        "address": "11 East 52nd Street, New York, NY 10022",
        "description": "A slim landmark building hosting free exhibitions, music, film, literature, architecture, and public dialogue connecting Austria and New York.",
        "website": "https://acfny.org/",
        "events_url": "https://acfny.org/events/",
        "program_label": "Current exhibitions and events",
        "schedule_type": "regular",
        "hours_label": "Monday-Friday, 10 AM-6 PM",
        "adult_price": 0,
        "student_price": 0,
        "admission_label": "Free admission",
        "visit_source": "https://acfny.org/",
        "hours": {
          "mon": [
            10,
            18
          ],
          "tue": [
            10,
            18
          ],
          "wed": [
            10,
            18
          ],
          "thu": [
            10,
            18
          ],
          "fri": [
            10,
            18
          ],
          "sat": null,
          "sun": null
        },
        "visit_checked": "2026-08-01",
        "public_visit_verified": true,
        "data_checked": "2026-08-01",
        "source_note": "Public venue profile checked against the venue's official website and NYC DCLA's public admission guide where listed.",
        "nearest_station": "5 Av/53 St",
        "nearest_station_routes": "E F",
        "nearest_station_ada": 0,
        "nearest_station_gtfs_id": "F12",
        "station_walk_estimate_m": 77.8
      },
      "geometry": {
        "type": "Point",
        "coordinates": [
          -73.9752552,
          40.7595749
        ]
      }
    },
    {
      "type": "Feature",
      "properties": {
        "id": "scandinavia-house",
        "name": "Scandinavia House",
        "category": "Cultural Centers",
        "venue_type": "Nordic cultural center",
        "borough": "Manhattan",
        "neighborhood": "Murray Hill",
        "address": "58 Park Avenue, New York, NY 10016",
        "description": "A Nordic cultural center with galleries, film, concerts, talks, children's programs, a library, design shop, and restaurant.",
        "website": "https://www.scandinaviahouse.org/",
        "events_url": "https://www.scandinaviahouse.org/events/",
        "program_label": "Current exhibitions and events",
        "schedule_type": "program",
        "hours_label": "Gallery and cinema hours follow the current exhibition and screening schedule",
        "admission_label": "Gallery and screening admission are priced separately by program",
        "visit_source": "https://www.scandinaviahouse.org/events/",
        "visit_checked": "2026-08-01",
        "public_visit_verified": true,
        "data_checked": "2026-08-01",
        "source_note": "Public venue profile checked against the venue's official website and NYC DCLA's public admission guide where listed.",
        "nearest_station": "Grand Central-42 St",
        "nearest_station_routes": "4 5 6",
        "nearest_station_ada": 1,
        "nearest_station_gtfs_id": "631",
        "station_walk_estimate_m": 439.3
      },
      "geometry": {
        "type": "Point",
        "coordinates": [
          -73.9800545,
          40.7494722
        ]
      }
    },
    {
      "type": "Feature",
      "properties": {
        "id": "irish-arts-center",
        "name": "Irish Arts Center",
        "category": "Cultural Centers",
        "venue_type": "Irish cultural and performance center",
        "borough": "Manhattan",
        "neighborhood": "Hell's Kitchen",
        "address": "726 11th Avenue, New York, NY 10019",
        "description": "A contemporary Irish and Irish American center presenting theater, music, dance, literature, exhibitions, classes, and community gatherings.",
        "website": "https://irishartscenter.org/",
        "events_url": "https://irishartscenter.org/whats-on",
        "program_label": "What's on",
        "schedule_type": "event",
        "hours_label": "Open for scheduled performances, classes, and public events",
        "admission_label": "No fixed admission; each performance lists its own ticket price",
        "visit_source": "https://irishartscenter.org/whats-on",
        "visit_checked": "2026-08-01",
        "public_visit_verified": true,
        "data_checked": "2026-08-01",
        "source_note": "Public venue profile checked against the venue's official website and NYC DCLA's public admission guide where listed.",
        "nearest_station": "50 St",
        "nearest_station_routes": "C E",
        "nearest_station_ada": 2,
        "nearest_station_gtfs_id": "A25",
        "station_walk_estimate_m": 935.9
      },
      "geometry": {
        "type": "Point",
        "coordinates": [
          -73.9936385,
          40.7666108
        ]
      }
    },
    {
      "type": "Feature",
      "properties": {
        "id": "schomburg-center",
        "name": "Schomburg Center for Research in Black Culture",
        "category": "Cultural Centers",
        "venue_type": "Research library and cultural center",
        "borough": "Manhattan",
        "neighborhood": "Harlem",
        "address": "515 Malcolm X Boulevard, New York, NY 10037",
        "description": "A research library and public cultural center documenting Black life worldwide through archives, exhibitions, talks, performance, and education.",
        "website": "https://www.nypl.org/locations/schomburg",
        "events_url": "https://www.nypl.org/events/calendar?location=18",
        "program_label": "Current exhibitions and events",
        "schedule_type": "regular",
        "hours_label": "Monday-Saturday, 10 AM-6 PM",
        "adult_price": 0,
        "student_price": 0,
        "admission_label": "Free exhibitions and public spaces",
        "visit_source": "https://www.nypl.org/locations/schomburg/",
        "hours": {
          "mon": [
            10,
            18
          ],
          "tue": [
            10,
            18
          ],
          "wed": [
            10,
            18
          ],
          "thu": [
            10,
            18
          ],
          "fri": [
            10,
            18
          ],
          "sat": [
            10,
            18
          ],
          "sun": null
        },
        "visit_checked": "2026-08-01",
        "public_visit_verified": true,
        "data_checked": "2026-08-01",
        "source_note": "Public venue profile checked against the venue's official website and NYC DCLA's public admission guide where listed.",
        "nearest_station": "135 St",
        "nearest_station_routes": "2 3",
        "nearest_station_ada": 1,
        "nearest_station_gtfs_id": "224",
        "station_walk_estimate_m": 66.6
      },
      "geometry": {
        "type": "Point",
        "coordinates": [
          -73.940542,
          40.814706
        ]
      }
    },
    {
      "type": "Feature",
      "properties": {
        "id": "moca",
        "name": "Museum of Chinese in America",
        "category": "Museums & Heritage",
        "venue_type": "Community history museum",
        "borough": "Manhattan",
        "neighborhood": "Chinatown",
        "address": "215 Centre Street, New York, NY 10013",
        "description": "A museum preserving and interpreting the experiences, histories, and creative contributions of people of Chinese descent in the United States.",
        "website": "https://www.mocanyc.org/",
        "events_url": "https://www.mocanyc.org/calendar/",
        "program_label": "Current exhibitions",
        "schedule_type": "program",
        "hours_label": "Open during scheduled public programs",
        "admission_label": "$15 adult / $10 student; pay what you wish for NYC residents",
        "visit_source": "https://www.mocanyc.org/visit/plan-your-visit/",
        "hours": {
          "mon": null,
          "tue": null,
          "wed": [
            11,
            18
          ],
          "thu": [
            11,
            18
          ],
          "fri": [
            11,
            18
          ],
          "sat": [
            11,
            18
          ],
          "sun": [
            11,
            16
          ]
        },
        "adult_price": 15,
        "student_price": 10,
        "ny_resident_price": 1,
        "visit_checked": "2026-08-01",
        "public_visit_verified": true,
        "data_checked": "2026-08-01",
        "source_note": "Public venue profile checked against the venue's official website and NYC DCLA's public admission guide where listed.",
        "nearest_station": "Canal St",
        "nearest_station_routes": "6",
        "nearest_station_ada": 1,
        "nearest_station_gtfs_id": "639",
        "station_walk_estimate_m": 138.9
      },
      "geometry": {
        "type": "Point",
        "coordinates": [
          -73.9990778,
          40.7194406
        ]
      }
    },
    {
      "type": "Feature",
      "properties": {
        "id": "museum-at-eldridge-street",
        "name": "Museum at Eldridge Street",
        "category": "Museums & Heritage",
        "venue_type": "Historic site and museum",
        "borough": "Manhattan",
        "neighborhood": "Lower East Side",
        "address": "12 Eldridge Street, New York, NY 10002",
        "description": "A museum inside the restored 1887 Eldridge Street Synagogue exploring immigration, Jewish life, architecture, and Lower East Side history.",
        "website": "https://www.eldridgestreet.org/",
        "events_url": "https://www.eldridgestreet.org/events/",
        "program_label": "Current tours and events",
        "schedule_type": "program",
        "hours_label": "Open during scheduled public programs",
        "admission_label": "$15 adult / $10 student; pay what you wish Mon and Fri",
        "visit_source": "https://www.eldridgestreet.org/visit",
        "hours": {
          "mon": [
            10,
            17
          ],
          "tue": [
            10,
            17
          ],
          "wed": [
            10,
            17
          ],
          "thu": [
            10,
            17
          ],
          "fri": [
            10,
            17
          ],
          "sat": null,
          "sun": [
            10,
            17
          ]
        },
        "adult_price": 15,
        "student_price": 10,
        "visit_checked": "2026-08-01",
        "public_visit_verified": true,
        "data_checked": "2026-08-01",
        "source_note": "Public venue profile checked against the venue's official website and NYC DCLA's public admission guide where listed.",
        "nearest_station": "East Broadway",
        "nearest_station_routes": "F",
        "nearest_station_ada": 0,
        "nearest_station_gtfs_id": "F16",
        "station_walk_estimate_m": 353.0
      },
      "geometry": {
        "type": "Point",
        "coordinates": [
          -73.993461,
          40.7147291
        ]
      }
    },
    {
      "type": "Feature",
      "properties": {
        "id": "ukrainian-museum",
        "name": "The Ukrainian Museum",
        "category": "Cultural Centers",
        "venue_type": "Ukrainian art and culture museum",
        "borough": "Manhattan",
        "neighborhood": "East Village",
        "address": "222 East 6th Street, New York, NY 10003",
        "description": "A museum preserving Ukrainian art, folk traditions, archives, and diaspora history while presenting contemporary exhibitions and public programs.",
        "website": "https://www.theukrainianmuseum.org/",
        "events_url": "https://www.theukrainianmuseum.org/events/",
        "program_label": "Current exhibitions",
        "schedule_type": "program",
        "hours_label": "Open during scheduled public programs",
        "admission_label": "$15 adult / $10 student; free last Thursday 6-9 PM",
        "visit_source": "https://www.theukrainianmuseum.org/Visit/",
        "hours": {
          "mon": null,
          "tue": null,
          "wed": [
            12,
            18
          ],
          "thu": [
            12,
            18
          ],
          "fri": [
            12,
            18
          ],
          "sat": [
            12,
            18
          ],
          "sun": [
            12,
            18
          ]
        },
        "adult_price": 15,
        "student_price": 10,
        "visit_checked": "2026-08-01",
        "public_visit_verified": true,
        "data_checked": "2026-08-01",
        "source_note": "Public venue profile checked against the venue's official website and NYC DCLA's public admission guide where listed.",
        "nearest_station": "Astor Pl",
        "nearest_station_routes": "6",
        "nearest_station_ada": 0,
        "nearest_station_gtfs_id": "636",
        "station_walk_estimate_m": 340.7
      },
      "geometry": {
        "type": "Point",
        "coordinates": [
          -73.9897737,
          40.7276502
        ]
      }
    },
    {
      "type": "Feature",
      "properties": {
        "id": "tibet-house",
        "name": "Tibet House US",
        "category": "Cultural Centers",
        "venue_type": "Tibetan cultural center",
        "borough": "Manhattan",
        "neighborhood": "Chelsea",
        "address": "22 West 15th Street, New York, NY 10011",
        "description": "A cultural center presenting Tibetan and Himalayan art, philosophy, meditation, scholarship, exhibitions, and public programs.",
        "website": "https://thus.org/",
        "events_url": "https://thus.org/events/",
        "program_label": "Current exhibitions and events",
        "schedule_type": "regular",
        "hours_label": "Open during scheduled public programs",
        "admission_label": "$5 suggested gallery donation; programs may be separately ticketed",
        "visit_source": "https://thus.org/featured/TIBET-HOUSE-US-PRESS-KIT.pdf",
        "hours": {
          "mon": null,
          "tue": null,
          "wed": [
            11,
            16
          ],
          "thu": [
            11,
            16
          ],
          "fri": [
            11,
            16
          ],
          "sat": [
            11,
            16
          ],
          "sun": null
        },
        "adult_price": 5,
        "student_price": 5,
        "visit_checked": "2026-08-01",
        "public_visit_verified": true,
        "data_checked": "2026-08-01",
        "source_note": "Public venue profile checked against the venue's official website and NYC DCLA's public admission guide where listed.",
        "nearest_station": "6 Av",
        "nearest_station_routes": "L",
        "nearest_station_ada": 1,
        "nearest_station_gtfs_id": "L02",
        "station_walk_estimate_m": 219.5
      },
      "geometry": {
        "type": "Point",
        "coordinates": [
          -73.9946119,
          40.737044
        ]
      }
    },
    {
      "type": "Feature",
      "properties": {
        "id": "the-shed",
        "name": "The Shed",
        "category": "Performance & Music",
        "venue_type": "Multidisciplinary arts center",
        "borough": "Manhattan",
        "neighborhood": "Hudson Yards",
        "address": "545 West 30th Street, New York, NY 10001",
        "description": "A flexible arts center commissioning visual art, performance, music, theater, dance, and popular culture in adaptable spaces.",
        "website": "https://www.theshed.org/",
        "events_url": "https://www.theshed.org/program",
        "program_label": "Current program",
        "schedule_type": "event",
        "hours_label": "Hours and entry times are listed with each exhibition or performance",
        "admission_label": "Dynamic event pricing; Open Call is free and CUNY students receive free gallery admission",
        "visit_source": "https://www.theshed.org/visit/faq",
        "visit_checked": "2026-08-01",
        "public_visit_verified": true,
        "data_checked": "2026-08-01",
        "source_note": "Public venue profile checked against the venue's official website and NYC DCLA's public admission guide where listed.",
        "nearest_station": "34 St-Hudson Yards",
        "nearest_station_routes": "7",
        "nearest_station_ada": 1,
        "nearest_station_gtfs_id": "726",
        "station_walk_estimate_m": 349.5
      },
      "geometry": {
        "type": "Point",
        "coordinates": [
          -74.0026711,
          40.7532813
        ]
      }
    },
    {
      "type": "Feature",
      "properties": {
        "id": "performance-space-new-york",
        "name": "Performance Space New York",
        "category": "Performance & Music",
        "venue_type": "Experimental performance venue",
        "borough": "Manhattan",
        "neighborhood": "East Village",
        "address": "150 First Avenue, New York, NY 10009",
        "description": "An artist-led venue for experimental performance, dance, theater, sound, and socially engaged programs at 122CC.",
        "website": "https://performancespacenewyork.org/",
        "events_url": "https://performancespacenewyork.org/shows/",
        "program_label": "Current performances",
        "schedule_type": "event",
        "hours_label": "Open for scheduled performances and public programs",
        "admission_label": "No fixed admission; programs range from free conversations to ticketed performances",
        "visit_source": "https://performancespacenewyork.org/shows/",
        "visit_checked": "2026-08-01",
        "public_visit_verified": true,
        "data_checked": "2026-08-01",
        "source_note": "Public venue profile checked against the venue's official website and NYC DCLA's public admission guide where listed.",
        "nearest_station": "Eastchester-Dyre Av",
        "nearest_station_routes": "5",
        "nearest_station_ada": 0,
        "nearest_station_gtfs_id": "501",
        "station_walk_estimate_m": 3971.6
      },
      "geometry": {
        "type": "Point",
        "coordinates": [
          -73.8115271,
          40.9148188
        ]
      }
    },
    {
      "type": "Feature",
      "properties": {
        "id": "la-mama",
        "name": "La MaMa Experimental Theatre Club",
        "category": "Performance & Music",
        "venue_type": "Experimental theater",
        "borough": "Manhattan",
        "neighborhood": "East Village",
        "address": "66 East 4th Street, New York, NY 10003",
        "description": "A landmark experimental theater supporting new work across theater, performance, puppetry, dance, and international collaboration.",
        "website": "https://www.lamama.org/",
        "events_url": "https://www.lamama.org/shows",
        "program_label": "Current performances",
        "schedule_type": "event",
        "hours_label": "Box office opens one hour before each performance",
        "admission_label": "Most shows $30 adult / $25 student or senior; first ten tickets often $10",
        "visit_source": "https://lamama.org/memory-generation/",
        "adult_price": 30,
        "student_price": 25,
        "visit_checked": "2026-08-01",
        "public_visit_verified": true,
        "data_checked": "2026-08-01",
        "source_note": "Public venue profile checked against the venue's official website and NYC DCLA's public admission guide where listed.",
        "nearest_station": "2 Av",
        "nearest_station_routes": "F",
        "nearest_station_ada": 0,
        "nearest_station_gtfs_id": "F14",
        "station_walk_estimate_m": 384.7
      },
      "geometry": {
        "type": "Point",
        "coordinates": [
          -73.9901978,
          40.726327
        ]
      }
    },
    {
      "type": "Feature",
      "properties": {
        "id": "anthology-film-archives",
        "name": "Anthology Film Archives",
        "category": "Film & Media",
        "venue_type": "Experimental cinema and archive",
        "borough": "Manhattan",
        "neighborhood": "East Village",
        "address": "32 Second Avenue, New York, NY 10003",
        "description": "A cinema, archive, and research center devoted to independent, experimental, and avant-garde film and video.",
        "website": "https://anthologyfilmarchives.org/",
        "events_url": "https://anthologyfilmarchives.org/film_screenings/calendar",
        "program_label": "Current screening calendar",
        "schedule_type": "screening",
        "hours_label": "Open for scheduled screenings; box office opens 30 minutes before the first show",
        "admission_label": "$14 general / $10 student, senior, or child / $8 member",
        "visit_source": "https://www.anthologyfilmarchives.org/contact/box_office-tickets",
        "adult_price": 14,
        "student_price": 10,
        "visit_checked": "2026-08-01",
        "public_visit_verified": true,
        "data_checked": "2026-08-01",
        "source_note": "Public venue profile checked against the venue's official website and NYC DCLA's public admission guide where listed.",
        "nearest_station": "Eastchester-Dyre Av",
        "nearest_station_routes": "5",
        "nearest_station_ada": 0,
        "nearest_station_gtfs_id": "501",
        "station_walk_estimate_m": 3670.7
      },
      "geometry": {
        "type": "Point",
        "coordinates": [
          -73.8118432,
          40.9123122
        ]
      }
    },
    {
      "type": "Feature",
      "properties": {
        "id": "film-forum",
        "name": "Film Forum",
        "category": "Film & Media",
        "venue_type": "Nonprofit cinema",
        "borough": "Manhattan",
        "neighborhood": "Greenwich Village",
        "address": "209 West Houston Street, New York, NY 10014",
        "description": "A nonprofit cinema presenting independent premieres, repertory series, restored classics, documentaries, and filmmaker conversations.",
        "website": "https://filmforum.org/",
        "events_url": "https://filmforum.org/now_playing",
        "program_label": "Now playing",
        "schedule_type": "screening",
        "hours_label": "Open daily for scheduled screenings",
        "admission_label": "$17 general / $11 member; special events may differ",
        "visit_source": "https://filmforum.org/",
        "screening_times": {
          "2026-08-01": [
            "12:20",
            "12:30",
            "12:45",
            "12:50",
            "14:40",
            "15:00",
            "15:20",
            "16:30",
            "16:50",
            "17:45",
            "18:15",
            "18:40",
            "19:00",
            "19:50",
            "20:30",
            "21:10"
          ]
        },
        "screening_source": "https://filmforum.org/",
        "adult_price": 17,
        "student_price": 17,
        "visit_checked": "2026-08-01",
        "public_visit_verified": true,
        "data_checked": "2026-08-01",
        "source_note": "Public venue profile checked against the venue's official website and NYC DCLA's public admission guide where listed.",
        "nearest_station": "Houston St",
        "nearest_station_routes": "1",
        "nearest_station_ada": 0,
        "nearest_station_gtfs_id": "134",
        "station_walk_estimate_m": 99.2
      },
      "geometry": {
        "type": "Point",
        "coordinates": [
          -74.0043864,
          40.7283888
        ]
      }
    },
    {
      "type": "Feature",
      "properties": {
        "id": "metrograph",
        "name": "Metrograph",
        "category": "Film & Media",
        "venue_type": "Independent cinema",
        "borough": "Manhattan",
        "neighborhood": "Lower East Side",
        "address": "7 Ludlow Street, New York, NY 10002",
        "description": "An independent cinema presenting repertory series, new releases, restorations, premieres, and filmmaker-led programs.",
        "website": "https://metrograph.com/nyc/",
        "events_url": "https://metrograph.com/nyc/",
        "program_label": "Now playing",
        "schedule_type": "screening",
        "hours_label": "Open daily for scheduled screenings; in-person sales begin before the first show",
        "admission_label": "$18 general / $12 senior or guest with disability / $11 member",
        "visit_source": "https://metrograph.com/tickets/",
        "screening_times": {
          "2026-08-01": [
            "20:45",
            "21:00",
            "23:00"
          ]
        },
        "screening_source": "https://metrograph.com/nyc/?date=2026-08-01",
        "adult_price": 18,
        "student_price": 18,
        "visit_checked": "2026-08-01",
        "public_visit_verified": true,
        "data_checked": "2026-08-01",
        "source_note": "Public venue profile checked against the venue's official website and NYC DCLA's public admission guide where listed.",
        "nearest_station": "East Broadway",
        "nearest_station_routes": "F",
        "nearest_station_ada": 0,
        "nearest_station_gtfs_id": "F16",
        "station_walk_estimate_m": 207.7
      },
      "geometry": {
        "type": "Point",
        "coordinates": [
          -73.9911717,
          40.7151052
        ]
      }
    },
    {
      "type": "Feature",
      "properties": {
        "id": "bric-house",
        "name": "BRIC House",
        "category": "Community Arts",
        "venue_type": "Multidisciplinary arts center",
        "borough": "Brooklyn",
        "neighborhood": "Downtown Brooklyn",
        "address": "647 Fulton Street, Brooklyn, NY 11217",
        "description": "A Brooklyn arts and media center offering free exhibitions alongside performance, music, television, education, and community programs.",
        "website": "https://bricartsmedia.org/",
        "events_url": "https://bricartsmedia.org/events/",
        "program_label": "Current exhibitions and events",
        "schedule_type": "regular",
        "hours_label": "BRIC House Gallery Tuesday-Saturday, 11 AM-6 PM",
        "adult_price": 0,
        "student_price": 0,
        "admission_label": "Free gallery admission",
        "visit_source": "https://bricartsmedia.org/events/exhibitions/",
        "hours": {
          "mon": null,
          "tue": [
            11,
            18
          ],
          "wed": [
            11,
            18
          ],
          "thu": [
            11,
            18
          ],
          "fri": [
            11,
            18
          ],
          "sat": [
            11,
            18
          ],
          "sun": null
        },
        "visit_checked": "2026-08-01",
        "public_visit_verified": true,
        "data_checked": "2026-08-01",
        "source_note": "Public venue profile checked against the venue's official website and NYC DCLA's public admission guide where listed.",
        "nearest_station": "Fulton St",
        "nearest_station_routes": "G",
        "nearest_station_ada": 0,
        "nearest_station_gtfs_id": "G36",
        "station_walk_estimate_m": 64.3
      },
      "geometry": {
        "type": "Point",
        "coordinates": [
          -73.9758629,
          40.6867981
        ]
      }
    },
    {
      "type": "Feature",
      "properties": {
        "id": "amant",
        "name": "Amant",
        "category": "Art & Exhibitions",
        "venue_type": "Contemporary art campus",
        "borough": "Brooklyn",
        "neighborhood": "East Williamsburg",
        "address": "315 Maujer Street, Brooklyn, NY 11206",
        "description": "A free contemporary art campus with galleries, a performance space, library, bookstore, artist studios, and international residencies.",
        "website": "https://www.amant.org/",
        "events_url": "https://www.amant.org/visit/plan-your-visit",
        "program_label": "Current exhibitions",
        "schedule_type": "regular",
        "hours_label": "Thursday noon-6 PM, Friday noon-9 PM, weekends noon-6 PM",
        "adult_price": 0,
        "student_price": 0,
        "admission_label": "Free exhibitions and programs",
        "visit_source": "https://www.amant.org/visit/plan-your-visit",
        "hours": {
          "mon": null,
          "tue": null,
          "wed": null,
          "thu": [
            12,
            18
          ],
          "fri": [
            12,
            21
          ],
          "sat": [
            12,
            18
          ],
          "sun": [
            12,
            18
          ]
        },
        "visit_checked": "2026-08-01",
        "public_visit_verified": true,
        "data_checked": "2026-08-01",
        "source_note": "Public venue profile checked against the venue's official website and NYC DCLA's public admission guide where listed.",
        "nearest_station": "Grand St",
        "nearest_station_routes": "L",
        "nearest_station_ada": 1,
        "nearest_station_gtfs_id": "L12",
        "station_walk_estimate_m": 366.9
      },
      "geometry": {
        "type": "Point",
        "coordinates": [
          -73.9370106,
          40.7122822
        ]
      }
    },
    {
      "type": "Feature",
      "properties": {
        "id": "pioneer-works",
        "name": "Pioneer Works",
        "category": "Community Arts",
        "venue_type": "Interdisciplinary cultural center",
        "borough": "Brooklyn",
        "neighborhood": "Red Hook",
        "address": "159 Pioneer Street, Brooklyn, NY 11231",
        "description": "A nonprofit cultural center connecting art, science, music, technology, publishing, residencies, and public learning.",
        "website": "https://pioneerworks.org/",
        "events_url": "https://pioneerworks.org/programs",
        "program_label": "Current programs",
        "schedule_type": "program",
        "hours_label": "Open for scheduled exhibitions and events",
        "admission_label": "No fixed admission; many exhibitions are free and ticketed events list a price",
        "visit_source": "https://pioneerworks.org/programs",
        "visit_checked": "2026-08-01",
        "public_visit_verified": true,
        "data_checked": "2026-08-01",
        "source_note": "Public venue profile checked against the venue's official website and NYC DCLA's public admission guide where listed.",
        "nearest_station": "Carroll St",
        "nearest_station_routes": "F G",
        "nearest_station_ada": 0,
        "nearest_station_gtfs_id": "F21",
        "station_walk_estimate_m": 1680.7
      },
      "geometry": {
        "type": "Point",
        "coordinates": [
          -74.011894,
          40.679378
        ]
      }
    },
    {
      "type": "Feature",
      "properties": {
        "id": "air-gallery",
        "name": "A.I.R. Gallery",
        "category": "Art & Exhibitions",
        "venue_type": "Artist-run nonprofit gallery",
        "borough": "Brooklyn",
        "neighborhood": "DUMBO",
        "address": "155 Plymouth Street, Brooklyn, NY 11201",
        "description": "A feminist, artist-run nonprofit founded in 1972 to support women and nonbinary artists through exhibitions and public programs.",
        "website": "https://www.airgallery.org/",
        "events_url": "https://www.airgallery.org/exhibitions",
        "program_label": "Current exhibitions",
        "schedule_type": "regular",
        "hours_label": "Wednesday-Sunday, noon-6 PM",
        "adult_price": 0,
        "student_price": 0,
        "admission_label": "Free admission",
        "visit_source": "https://www.airgallery.org/visit",
        "hours": {
          "mon": null,
          "tue": null,
          "wed": [
            12,
            18
          ],
          "thu": [
            12,
            18
          ],
          "fri": [
            12,
            18
          ],
          "sat": [
            12,
            18
          ],
          "sun": [
            12,
            18
          ]
        },
        "visit_checked": "2026-08-01",
        "public_visit_verified": true,
        "data_checked": "2026-08-01",
        "source_note": "Public venue profile checked against the venue's official website and NYC DCLA's public admission guide where listed.",
        "nearest_station": "York St",
        "nearest_station_routes": "F",
        "nearest_station_ada": 0,
        "nearest_station_gtfs_id": "F18",
        "station_walk_estimate_m": 323.8
      },
      "geometry": {
        "type": "Point",
        "coordinates": [
          -73.9870406,
          40.7038548
        ]
      }
    },
    {
      "type": "Feature",
      "properties": {
        "id": "smack-mellon",
        "name": "Smack Mellon",
        "category": "Art & Exhibitions",
        "venue_type": "Nonprofit contemporary art space",
        "borough": "Brooklyn",
        "neighborhood": "DUMBO",
        "address": "92 Plymouth Street, Brooklyn, NY 11201",
        "description": "A nonprofit gallery supporting emerging and under-recognized artists through large-scale exhibitions, studios, residencies, and youth programs.",
        "website": "https://smackmellon.org/",
        "events_url": "https://smackmellon.org/exhibitions/",
        "program_label": "Current exhibitions",
        "schedule_type": "regular",
        "hours_label": "Wednesday-Sunday, noon-6 PM while exhibitions are on view",
        "adult_price": 0,
        "student_price": 0,
        "admission_label": "Free admission",
        "visit_source": "https://www.smackmellon.org/visit/",
        "hours": {
          "mon": null,
          "tue": null,
          "wed": [
            12,
            18
          ],
          "thu": [
            12,
            18
          ],
          "fri": [
            12,
            18
          ],
          "sat": [
            12,
            18
          ],
          "sun": [
            12,
            18
          ]
        },
        "visit_checked": "2026-08-01",
        "public_visit_verified": true,
        "data_checked": "2026-08-01",
        "source_note": "Public venue profile checked against the venue's official website and NYC DCLA's public admission guide where listed.",
        "nearest_station": "York St",
        "nearest_station_routes": "F",
        "nearest_station_ada": 0,
        "nearest_station_gtfs_id": "F18",
        "station_walk_estimate_m": 409.2
      },
      "geometry": {
        "type": "Point",
        "coordinates": [
          -73.9891523,
          40.7039288
        ]
      }
    },
    {
      "type": "Feature",
      "properties": {
        "id": "five-myles",
        "name": "FiveMyles",
        "category": "Art & Exhibitions",
        "venue_type": "Community-based art space",
        "borough": "Brooklyn",
        "neighborhood": "Crown Heights",
        "address": "558 St Johns Place, Brooklyn, NY 11238",
        "description": "A neighborhood art space presenting visual art, performance, music, and experimental projects by local and international artists.",
        "website": "https://fivemyles.org/",
        "events_url": "https://fivemyles.org/",
        "program_label": "Current exhibitions and events",
        "schedule_type": "regular",
        "hours_label": "Thursday-Sunday, 1-6 PM",
        "adult_price": 0,
        "student_price": 0,
        "admission_label": "Free admission",
        "visit_source": "https://fivemyles.org/about-1",
        "hours": {
          "mon": null,
          "tue": null,
          "wed": null,
          "thu": [
            13,
            18
          ],
          "fri": [
            13,
            18
          ],
          "sat": [
            13,
            18
          ],
          "sun": [
            13,
            18
          ]
        },
        "visit_checked": "2026-08-01",
        "public_visit_verified": true,
        "data_checked": "2026-08-01",
        "source_note": "Public venue profile checked against the venue's official website and NYC DCLA's public admission guide where listed.",
        "nearest_station": "Franklin Av-Medgar Evers College",
        "nearest_station_routes": "2 3 4 5",
        "nearest_station_ada": 0,
        "nearest_station_gtfs_id": "239",
        "station_walk_estimate_m": 296.9
      },
      "geometry": {
        "type": "Point",
        "coordinates": [
          -73.9595921,
          40.6726551
        ]
      }
    },
    {
      "type": "Feature",
      "properties": {
        "id": "kentler",
        "name": "Kentler International Drawing Space",
        "category": "Art & Exhibitions",
        "venue_type": "Nonprofit drawing gallery",
        "borough": "Brooklyn",
        "neighborhood": "Red Hook",
        "address": "353 Van Brunt Street, Brooklyn, NY 11231",
        "description": "A free nonprofit gallery dedicated to contemporary drawing and works on paper, with exhibitions, talks, publications, and a flatfile collection.",
        "website": "https://kentlergallery.org/",
        "events_url": "https://kentlergallery.org/exhibitions/",
        "program_label": "Current exhibitions",
        "schedule_type": "regular",
        "hours_label": "Thursday-Sunday, noon-5 PM during exhibitions",
        "adult_price": 0,
        "student_price": 0,
        "admission_label": "Free admission",
        "visit_source": "https://www.kentlergallery.org/Listing/upcoming_exhibitions",
        "hours": {
          "mon": null,
          "tue": null,
          "wed": null,
          "thu": [
            12,
            17
          ],
          "fri": [
            12,
            17
          ],
          "sat": [
            12,
            17
          ],
          "sun": [
            12,
            17
          ]
        },
        "closures": [
          {
            "start": "2026-07-27",
            "end": "2026-09-18",
            "label": "Between exhibitions; next exhibition opens September 19"
          }
        ],
        "visit_checked": "2026-08-01",
        "public_visit_verified": true,
        "data_checked": "2026-08-01",
        "source_note": "Public venue profile checked against the venue's official website and NYC DCLA's public admission guide where listed.",
        "nearest_station": "Smith-9 Sts",
        "nearest_station_routes": "F G",
        "nearest_station_ada": 0,
        "nearest_station_gtfs_id": "F22",
        "station_walk_estimate_m": 1751.4
      },
      "geometry": {
        "type": "Point",
        "coordinates": [
          -74.0129919,
          40.6769408
        ]
      }
    },
    {
      "type": "Feature",
      "properties": {
        "id": "urbanglass",
        "name": "The Agnes Varis Art Center at UrbanGlass",
        "category": "Design, Books & Architecture",
        "venue_type": "Glass art gallery and studio center",
        "borough": "Brooklyn",
        "neighborhood": "Fort Greene",
        "address": "647 Fulton Street, Brooklyn, NY 11217",
        "description": "A public gallery within UrbanGlass presenting contemporary glass and material experimentation alongside studios, classes, and artist resources.",
        "website": "https://urbanglass.org/",
        "events_url": "https://urbanglass.org/events",
        "program_label": "Current exhibitions",
        "schedule_type": "regular",
        "hours_label": "Wednesday-Saturday 11 AM-7 PM; Sunday 11 AM-5 PM",
        "adult_price": 0,
        "student_price": 0,
        "admission_label": "Free gallery admission",
        "visit_source": "https://urbanglass.org/visit/overview",
        "hours": {
          "mon": null,
          "tue": null,
          "wed": [
            11,
            19
          ],
          "thu": [
            11,
            19
          ],
          "fri": [
            11,
            19
          ],
          "sat": [
            11,
            19
          ],
          "sun": [
            11,
            17
          ]
        },
        "visit_checked": "2026-08-01",
        "public_visit_verified": true,
        "data_checked": "2026-08-01",
        "source_note": "Public venue profile checked against the venue's official website and NYC DCLA's public admission guide where listed.",
        "nearest_station": "Fulton St",
        "nearest_station_routes": "G",
        "nearest_station_ada": 0,
        "nearest_station_gtfs_id": "G36",
        "station_walk_estimate_m": 64.3
      },
      "geometry": {
        "type": "Point",
        "coordinates": [
          -73.9758629,
          40.6867981
        ]
      }
    },
    {
      "type": "Feature",
      "properties": {
        "id": "weeksville",
        "name": "Weeksville Heritage Center",
        "category": "Museums & Heritage",
        "venue_type": "Black history site and cultural center",
        "borough": "Brooklyn",
        "neighborhood": "Crown Heights",
        "address": "158 Buffalo Avenue, Brooklyn, NY 11213",
        "description": "A historic site preserving one of America's first free Black communities through houses, archives, exhibitions, performance, and community programs.",
        "website": "https://www.weeksvillesociety.org/",
        "events_url": "https://www.weeksvillesociety.org/events",
        "program_label": "Current tours and events",
        "schedule_type": "exhibition",
        "hours_label": "Open during current public exhibition hours",
        "adult_price": 0,
        "student_price": 0,
        "admission_label": "Free admission; guided tours may cost extra",
        "visit_source": "https://www.weeksvillesociety.org/visit/",
        "hours": {
          "mon": null,
          "tue": [
            10,
            17
          ],
          "wed": [
            10,
            17
          ],
          "thu": [
            10,
            17
          ],
          "fri": [
            10,
            17
          ],
          "sat": [
            11,
            17
          ],
          "sun": null
        },
        "visit_checked": "2026-08-01",
        "public_visit_verified": true,
        "data_checked": "2026-08-01",
        "source_note": "Public venue profile checked against the venue's official website and NYC DCLA's public admission guide where listed.",
        "nearest_station": "Ralph Av",
        "nearest_station_routes": "C",
        "nearest_station_ada": 0,
        "nearest_station_gtfs_id": "A49",
        "station_walk_estimate_m": 747.9
      },
      "geometry": {
        "type": "Point",
        "coordinates": [
          -73.9252335,
          40.6742273
        ]
      }
    },
    {
      "type": "Feature",
      "properties": {
        "id": "brooklyn-museum",
        "name": "Brooklyn Museum",
        "category": "Art & Exhibitions",
        "venue_type": "Encyclopedic art museum",
        "borough": "Brooklyn",
        "neighborhood": "Prospect Heights",
        "address": "200 Eastern Parkway, Brooklyn, NY 11238",
        "description": "A large art museum connecting global collections with contemporary exhibitions, Brooklyn communities, feminism, design, and social history.",
        "website": "https://www.brooklynmuseum.org/",
        "events_url": "https://www.brooklynmuseum.org/exhibitions",
        "program_label": "Current exhibitions",
        "schedule_type": "regular",
        "hours_label": "Open during scheduled public programs",
        "admission_label": "Pay what you can at the desk; suggested $20 adult / $14 student",
        "visit_source": "https://www.brooklynmuseum.org/visit/tickets",
        "hours": {
          "mon": null,
          "tue": null,
          "wed": [
            11,
            18
          ],
          "thu": [
            11,
            18
          ],
          "fri": [
            11,
            18
          ],
          "sat": [
            11,
            18
          ],
          "sun": [
            11,
            18
          ]
        },
        "adult_price": 20,
        "student_price": 14,
        "ny_resident_price": 1,
        "visit_checked": "2026-08-01",
        "public_visit_verified": true,
        "data_checked": "2026-08-01",
        "source_note": "Public venue profile checked against the venue's official website and NYC DCLA's public admission guide where listed.",
        "nearest_station": "Eastern Pkwy-Brooklyn Museum",
        "nearest_station_routes": "2 3",
        "nearest_station_ada": 1,
        "nearest_station_gtfs_id": "238",
        "station_walk_estimate_m": 172.9
      },
      "geometry": {
        "type": "Point",
        "coordinates": [
          -73.9632948,
          40.6709546
        ]
      }
    },
    {
      "type": "Feature",
      "properties": {
        "id": "center-brooklyn-history",
        "name": "Center for Brooklyn History",
        "category": "Museums & Heritage",
        "venue_type": "History center and research library",
        "borough": "Brooklyn",
        "neighborhood": "Brooklyn Heights",
        "address": "128 Pierrepont Street, Brooklyn, NY 11201",
        "description": "A Brooklyn Public Library center preserving borough archives and presenting exhibitions, research access, talks, and community history programs.",
        "website": "https://www.bklynlibrary.org/locations/center-for-brooklyn-history",
        "events_url": "https://www.bklynlibrary.org/calendar/list?loc%5B0%5D=12015",
        "program_label": "Current exhibitions and events",
        "schedule_type": "regular",
        "hours_label": "Monday-Friday 10 AM-6 PM; Saturday 10 AM-4 PM",
        "adult_price": 0,
        "student_price": 0,
        "admission_label": "Free admission",
        "visit_source": "https://www.bklynlibrary.org/locations/center-for-brooklyn-history",
        "hours": {
          "mon": [
            10,
            18
          ],
          "tue": [
            10,
            18
          ],
          "wed": [
            10,
            18
          ],
          "thu": [
            10,
            18
          ],
          "fri": [
            10,
            18
          ],
          "sat": [
            10,
            16
          ],
          "sun": null
        },
        "visit_checked": "2026-08-01",
        "public_visit_verified": true,
        "data_checked": "2026-08-01",
        "source_note": "Public venue profile checked against the venue's official website and NYC DCLA's public admission guide where listed.",
        "nearest_station": "Court St",
        "nearest_station_routes": "R",
        "nearest_station_ada": 0,
        "nearest_station_gtfs_id": "R28",
        "station_walk_estimate_m": 107.9
      },
      "geometry": {
        "type": "Point",
        "coordinates": [
          -73.9924297,
          40.6947569
        ]
      }
    },
    {
      "type": "Feature",
      "properties": {
        "id": "bam",
        "name": "Brooklyn Academy of Music",
        "category": "Performance & Music",
        "venue_type": "Performing arts center",
        "borough": "Brooklyn",
        "neighborhood": "Fort Greene",
        "address": "30 Lafayette Avenue, Brooklyn, NY 11217",
        "description": "A multidisciplinary performing arts center presenting theater, dance, music, opera, film, talks, and international festivals.",
        "website": "https://www.bam.org/",
        "events_url": "https://www.bam.org/calendar",
        "program_label": "Current calendar",
        "schedule_type": "event",
        "hours_label": "Open for scheduled films and performances",
        "admission_label": "Cinema $17 general / $11 student Mon-Thu; live performance prices vary",
        "visit_source": "https://www.bam.org/cinema-faq",
        "adult_price": 17,
        "student_price": 11,
        "visit_checked": "2026-08-01",
        "public_visit_verified": true,
        "data_checked": "2026-08-01",
        "source_note": "Public venue profile checked against the venue's official website and NYC DCLA's public admission guide where listed.",
        "nearest_station": "Fulton St",
        "nearest_station_routes": "G",
        "nearest_station_ada": 0,
        "nearest_station_gtfs_id": "G36",
        "station_walk_estimate_m": 262.6
      },
      "geometry": {
        "type": "Point",
        "coordinates": [
          -73.9778486,
          40.6864218
        ]
      }
    },
    {
      "type": "Feature",
      "properties": {
        "id": "roulette",
        "name": "Roulette",
        "category": "Performance & Music",
        "venue_type": "Experimental music venue",
        "borough": "Brooklyn",
        "neighborhood": "Downtown Brooklyn",
        "address": "509 Atlantic Avenue, Brooklyn, NY 11217",
        "description": "A nonprofit venue for experimental music, sound, dance, and interdisciplinary performance in a restored historic theater.",
        "website": "https://roulette.org/",
        "events_url": "https://roulette.org/calendar/",
        "program_label": "Current performances",
        "schedule_type": "event",
        "hours_label": "Box office opens one hour before performances",
        "admission_label": "Typical shows $25 advance / $30 door / $20 student or senior",
        "visit_source": "https://roulette.org/event/jessica-cook-night-2/",
        "adult_price": 25,
        "student_price": 20,
        "visit_checked": "2026-08-01",
        "public_visit_verified": true,
        "data_checked": "2026-08-01",
        "source_note": "Public venue profile checked against the venue's official website and NYC DCLA's public admission guide where listed.",
        "nearest_station": "Atlantic Av-Barclays Ctr",
        "nearest_station_routes": "D N R",
        "nearest_station_ada": 1,
        "nearest_station_gtfs_id": "R31",
        "station_walk_estimate_m": 312.4
      },
      "geometry": {
        "type": "Point",
        "coordinates": [
          -73.9807166,
          40.6855576
        ]
      }
    },
    {
      "type": "Feature",
      "properties": {
        "id": "issue-project-room",
        "name": "ISSUE Project Room",
        "category": "Performance & Music",
        "venue_type": "Experimental sound and performance venue",
        "borough": "Brooklyn",
        "neighborhood": "Downtown Brooklyn",
        "address": "22 Boerum Place, Brooklyn, NY 11201",
        "description": "An artist-centered venue for experimental sound, performance, literature, and cross-disciplinary work in the historic 110 Livingston building.",
        "website": "https://issueprojectroom.org/",
        "events_url": "https://issueprojectroom.org/events",
        "program_label": "Current performances",
        "schedule_type": "event",
        "hours_label": "Open for scheduled performances and public programs",
        "admission_label": "No fixed admission; general concerts are commonly priced at $15-$25",
        "visit_source": "https://issueprojectroom.org/support/patron",
        "visit_checked": "2026-08-01",
        "public_visit_verified": true,
        "data_checked": "2026-08-01",
        "source_note": "Public venue profile checked against the venue's official website and NYC DCLA's public admission guide where listed.",
        "nearest_station": "Borough Hall",
        "nearest_station_routes": "4 5",
        "nearest_station_ada": 1,
        "nearest_station_gtfs_id": "423",
        "station_walk_estimate_m": 217.8
      },
      "geometry": {
        "type": "Point",
        "coordinates": [
          -73.9897754,
          40.6907684
        ]
      }
    },
    {
      "type": "Feature",
      "properties": {
        "id": "light-industry",
        "name": "Light Industry",
        "category": "Film & Media",
        "venue_type": "Artist-run cinema",
        "borough": "Brooklyn",
        "neighborhood": "East Williamsburg",
        "address": "361 Stagg Street, Brooklyn, NY 11206",
        "description": "An artist-run venue for cinema, lectures, and media art, presenting one-night programs across film history and contemporary practice.",
        "website": "https://www.lightindustry.org/",
        "events_url": "https://www.lightindustry.org/",
        "program_label": "Current screening program",
        "schedule_type": "screening",
        "hours_label": "Open for scheduled screenings",
        "admission_label": "Most screenings $10; members receive complimentary admission",
        "visit_source": "https://www.lightindustry.org/membersnight",
        "adult_price": 10,
        "student_price": 10,
        "visit_checked": "2026-08-01",
        "public_visit_verified": true,
        "data_checked": "2026-08-01",
        "source_note": "Public venue profile checked against the venue's official website and NYC DCLA's public admission guide where listed.",
        "nearest_station": "Morgan Av",
        "nearest_station_routes": "L",
        "nearest_station_ada": 0,
        "nearest_station_gtfs_id": "L14",
        "station_walk_estimate_m": 592.2
      },
      "geometry": {
        "type": "Point",
        "coordinates": [
          -73.9343427,
          40.7105737
        ]
      }
    },
    {
      "type": "Feature",
      "properties": {
        "id": "spectacle-theater",
        "name": "Spectacle Theater",
        "category": "Film & Media",
        "venue_type": "Volunteer-run microcinema",
        "borough": "Brooklyn",
        "neighborhood": "Williamsburg",
        "address": "124 South 3rd Street, Brooklyn, NY 11249",
        "description": "A volunteer-run microcinema screening overlooked, radical, international, experimental, and cult films at low ticket prices.",
        "website": "https://www.spectacletheater.com/",
        "events_url": "https://www.spectacletheater.com/",
        "program_label": "Current screening calendar",
        "schedule_type": "screening",
        "hours_label": "Open for scheduled screenings",
        "admission_label": "$5 for most screenings unless marked otherwise",
        "visit_source": "https://www.spectacletheater.com/",
        "adult_price": 5,
        "student_price": 5,
        "visit_checked": "2026-08-01",
        "public_visit_verified": true,
        "data_checked": "2026-08-01",
        "source_note": "Public venue profile checked against the venue's official website and NYC DCLA's public admission guide where listed.",
        "nearest_station": "Marcy Av",
        "nearest_station_routes": "M J Z",
        "nearest_station_ada": 1,
        "nearest_station_gtfs_id": "M16",
        "station_walk_estimate_m": 739.6
      },
      "geometry": {
        "type": "Point",
        "coordinates": [
          -73.9628461,
          40.7124693
        ]
      }
    },
    {
      "type": "Feature",
      "properties": {
        "id": "city-reliquary",
        "name": "The City Reliquary",
        "category": "Museums & Heritage",
        "venue_type": "Community museum",
        "borough": "Brooklyn",
        "neighborhood": "Williamsburg",
        "address": "370 Metropolitan Avenue, Brooklyn, NY 11211",
        "description": "A small community museum celebrating everyday New York through neighborhood artifacts, rotating collections, local histories, and eccentric civic treasures.",
        "website": "https://www.cityreliquary.org/",
        "events_url": "https://www.cityreliquary.org/events/",
        "program_label": "Current exhibitions and events",
        "schedule_type": "regular",
        "hours_label": "Open Thu-Sun during posted museum hours",
        "admission_label": "$10 adult / $5 student / $8 NYC resident",
        "visit_source": "https://www.cityreliquary.org/admission/",
        "adult_price": 10,
        "student_price": 5,
        "ny_resident_price": 8,
        "visit_checked": "2026-08-01",
        "public_visit_verified": true,
        "data_checked": "2026-08-01",
        "source_note": "Public venue profile checked against the venue's official website and NYC DCLA's public admission guide where listed.",
        "nearest_station": "Metropolitan Av",
        "nearest_station_routes": "G",
        "nearest_station_ada": 1,
        "nearest_station_gtfs_id": "G29",
        "station_walk_estimate_m": 451.9
      },
      "geometry": {
        "type": "Point",
        "coordinates": [
          -73.9557211,
          40.7138981
        ]
      }
    },
    {
      "type": "Feature",
      "properties": {
        "id": "moma-ps1",
        "name": "MoMA PS1",
        "category": "Art & Exhibitions",
        "venue_type": "Contemporary art center",
        "borough": "Queens",
        "neighborhood": "Long Island City",
        "address": "22-25 Jackson Avenue, Long Island City, NY 11101",
        "description": "A contemporary art institution in a former public school known for experimental exhibitions, emerging artists, performance, and music.",
        "website": "https://www.momaps1.org/",
        "events_url": "https://www.momaps1.org/programs",
        "program_label": "Current exhibitions and programs",
        "schedule_type": "regular",
        "hours_label": "Open Thu-Mon; daytime museum hours",
        "adult_price": 0,
        "student_price": 0,
        "admission_label": "Free admission",
        "visit_source": "https://www.moma.org/visit/",
        "visit_checked": "2026-08-01",
        "public_visit_verified": true,
        "data_checked": "2026-08-01",
        "source_note": "Public venue profile checked against the venue's official website and NYC DCLA's public admission guide where listed.",
        "nearest_station": "Queens Plaza",
        "nearest_station_routes": "E F R",
        "nearest_station_ada": 1,
        "nearest_station_gtfs_id": "G21",
        "station_walk_estimate_m": 114.3
      },
      "geometry": {
        "type": "Point",
        "coordinates": [
          -73.9382795,
          40.7485965
        ]
      }
    },
    {
      "type": "Feature",
      "properties": {
        "id": "sculpturecenter",
        "name": "SculptureCenter",
        "category": "Art & Exhibitions",
        "venue_type": "Contemporary sculpture institution",
        "borough": "Queens",
        "neighborhood": "Long Island City",
        "address": "44-19 Purves Street, Long Island City, NY 11101",
        "description": "A free contemporary art institution commissioning sculpture, installation, performance, and research by emerging and established artists.",
        "website": "https://www.sculpture-center.org/",
        "events_url": "https://www.sculpture-center.org/exhibitions/",
        "program_label": "Current exhibitions",
        "schedule_type": "exhibition",
        "hours_label": "Open during current public exhibition hours",
        "adult_price": 0,
        "student_price": 0,
        "admission_label": "Free admission",
        "visit_source": "https://www.sculpture-center.org/visit/93/admission-and-accessibility",
        "hours": {
          "mon": [
            12,
            18
          ],
          "tue": null,
          "wed": null,
          "thu": [
            12,
            18
          ],
          "fri": [
            12,
            18
          ],
          "sat": [
            12,
            18
          ],
          "sun": [
            12,
            18
          ]
        },
        "visit_checked": "2026-08-01",
        "public_visit_verified": true,
        "data_checked": "2026-08-01",
        "source_note": "Public venue profile checked against the venue's official website and NYC DCLA's public admission guide where listed.",
        "nearest_station": "Court Sq",
        "nearest_station_routes": "G",
        "nearest_station_ada": 1,
        "nearest_station_gtfs_id": "G22",
        "station_walk_estimate_m": 298.6
      },
      "geometry": {
        "type": "Point",
        "coordinates": [
          -73.9408643,
          40.7469077
        ]
      }
    },
    {
      "type": "Feature",
      "properties": {
        "id": "noguchi-museum",
        "name": "The Noguchi Museum",
        "category": "Art & Exhibitions",
        "venue_type": "Artist-designed museum",
        "borough": "Queens",
        "neighborhood": "Long Island City",
        "address": "9-01 33rd Road, Long Island City, NY 11106",
        "description": "A museum and sculpture garden designed by Isamu Noguchi to present his work in dialogue with architecture, landscape, and changing exhibitions.",
        "website": "https://www.noguchi.org/",
        "events_url": "https://www.noguchi.org/museum/exhibitions/",
        "program_label": "Current exhibitions",
        "schedule_type": "program",
        "hours_label": "Open during scheduled public programs",
        "admission_label": "$16 adult / $6 student; free first Friday",
        "visit_source": "https://www.noguchi.org/museum/visit/",
        "hours": {
          "mon": null,
          "tue": null,
          "wed": [
            11,
            18
          ],
          "thu": [
            11,
            18
          ],
          "fri": [
            11,
            18
          ],
          "sat": [
            11,
            18
          ],
          "sun": [
            11,
            18
          ]
        },
        "adult_price": 16,
        "student_price": 6,
        "visit_checked": "2026-08-01",
        "public_visit_verified": true,
        "data_checked": "2026-08-01",
        "source_note": "Public venue profile checked against the venue's official website and NYC DCLA's public admission guide where listed.",
        "nearest_station": "Broadway",
        "nearest_station_routes": "N W",
        "nearest_station_ada": 0,
        "nearest_station_gtfs_id": "R05",
        "station_walk_estimate_m": 1380.6
      },
      "geometry": {
        "type": "Point",
        "coordinates": [
          -73.9376072,
          40.7669901
        ]
      }
    },
    {
      "type": "Feature",
      "properties": {
        "id": "queens-museum",
        "name": "Queens Museum",
        "category": "Community Arts",
        "venue_type": "Art and city museum",
        "borough": "Queens",
        "neighborhood": "Flushing Meadows Corona Park",
        "address": "New York City Building, Flushing Meadows Corona Park, Queens, NY 11368",
        "description": "A museum connecting contemporary art, Queens communities, and urban history, home to the Panorama of the City of New York.",
        "website": "https://queensmuseum.org/",
        "events_url": "https://queensmuseum.org/exhibition/",
        "program_label": "Current exhibitions",
        "schedule_type": "regular",
        "hours_label": "Open Wed-Sun; closes 5 PM",
        "admission_label": "Pay what you wish; $8 adult / $6 student suggested",
        "visit_source": "https://queensmuseum.org/visit/",
        "adult_price": 8,
        "student_price": 6,
        "visit_checked": "2026-08-01",
        "public_visit_verified": true,
        "data_checked": "2026-08-01",
        "source_note": "Public venue profile checked against the venue's official website and NYC DCLA's public admission guide where listed.",
        "nearest_station": "Mets-Willets Point",
        "nearest_station_routes": "7",
        "nearest_station_ada": 0,
        "nearest_station_gtfs_id": "702",
        "station_walk_estimate_m": 1149.4
      },
      "geometry": {
        "type": "Point",
        "coordinates": [
          -73.8467,
          40.7459
        ]
      }
    },
    {
      "type": "Feature",
      "properties": {
        "id": "moving-image",
        "name": "Museum of the Moving Image",
        "category": "Film & Media",
        "venue_type": "Film, television, and digital media museum",
        "borough": "Queens",
        "neighborhood": "Astoria",
        "address": "36-01 35th Avenue, Astoria, NY 11106",
        "description": "A museum of film, television, games, and digital media with interactive exhibitions, screenings, talks, and the Jim Henson collection.",
        "website": "https://movingimage.org/",
        "events_url": "https://movingimage.org/events/",
        "program_label": "Current exhibitions and screenings",
        "schedule_type": "program",
        "hours_label": "Open during scheduled public programs",
        "admission_label": "$20 adult / $12 student; free Thursday 2-6 PM",
        "visit_source": "https://movingimage.org/visit/",
        "hours": {
          "mon": null,
          "tue": null,
          "wed": null,
          "thu": [
            14,
            18
          ],
          "fri": [
            14,
            20
          ],
          "sat": [
            11,
            18
          ],
          "sun": [
            11,
            18
          ]
        },
        "adult_price": 20,
        "student_price": 12,
        "visit_checked": "2026-08-01",
        "public_visit_verified": true,
        "data_checked": "2026-08-01",
        "source_note": "Public venue profile checked against the venue's official website and NYC DCLA's public admission guide where listed.",
        "nearest_station": "Steinway St",
        "nearest_station_routes": "M R",
        "nearest_station_ada": 0,
        "nearest_station_gtfs_id": "G19",
        "station_walk_estimate_m": 323.1
      },
      "geometry": {
        "type": "Point",
        "coordinates": [
          -73.9239,
          40.7563
        ]
      }
    },
    {
      "type": "Feature",
      "properties": {
        "id": "culture-lab-lic",
        "name": "Culture Lab LIC",
        "category": "Community Arts",
        "venue_type": "Community arts center",
        "borough": "Queens",
        "neighborhood": "Long Island City",
        "address": "5-25 46th Avenue, Long Island City, NY 11101",
        "description": "A nonprofit arts center with galleries, live music, theater, comedy, outdoor programs, artist studios, and community events.",
        "website": "https://www.culturelablic.org/",
        "events_url": "https://www.culturelablic.org/calendar",
        "program_label": "Current exhibitions and events",
        "schedule_type": "regular",
        "hours_label": "Open during scheduled public programs",
        "admission_label": "Free gallery and most public events; donations welcome",
        "visit_source": "https://www.culturelablic.org/recent-exhibitions",
        "hours": {
          "mon": null,
          "tue": null,
          "wed": null,
          "thu": [
            17,
            21
          ],
          "fri": [
            17,
            21
          ],
          "sat": [
            14,
            21
          ],
          "sun": [
            14,
            21
          ]
        },
        "adult_price": 0,
        "student_price": 0,
        "visit_checked": "2026-08-01",
        "public_visit_verified": true,
        "data_checked": "2026-08-01",
        "source_note": "Public venue profile checked against the venue's official website and NYC DCLA's public admission guide where listed.",
        "nearest_station": "21 St",
        "nearest_station_routes": "G",
        "nearest_station_ada": 0,
        "nearest_station_gtfs_id": "G24",
        "station_walk_estimate_m": 654.6
      },
      "geometry": {
        "type": "Point",
        "coordinates": [
          -73.9543779,
          40.7475943
        ]
      }
    },
    {
      "type": "Feature",
      "properties": {
        "id": "socrates-sculpture-park",
        "name": "Socrates Sculpture Park",
        "category": "Community Arts",
        "venue_type": "Outdoor art park",
        "borough": "Queens",
        "neighborhood": "Astoria",
        "address": "32-01 Vernon Boulevard, Long Island City, NY 11106",
        "description": "A free waterfront park where artists create and exhibit large-scale public artworks alongside performances, workshops, and neighborhood programs.",
        "website": "https://socratessculpturepark.org/",
        "events_url": "https://socratessculpturepark.org/exhibitions/",
        "program_label": "Current exhibitions and events",
        "schedule_type": "daylight",
        "hours_label": "Public daytime hours; seasonal closing time varies",
        "adult_price": 0,
        "student_price": 0,
        "admission_label": "Free admission",
        "visit_source": "https://socratessculpturepark.org/",
        "visit_checked": "2026-08-01",
        "public_visit_verified": true,
        "data_checked": "2026-08-01",
        "source_note": "Public venue profile checked against the venue's official website and NYC DCLA's public admission guide where listed.",
        "nearest_station": "21 St-Queensbridge",
        "nearest_station_routes": "M",
        "nearest_station_ada": 1,
        "nearest_station_gtfs_id": "B04",
        "station_walk_estimate_m": 617.3
      },
      "geometry": {
        "type": "Point",
        "coordinates": [
          -73.9490235,
          40.7546104
        ]
      }
    },
    {
      "type": "Feature",
      "properties": {
        "id": "flushing-town-hall",
        "name": "Flushing Town Hall",
        "category": "Performance & Music",
        "venue_type": "Multicultural arts center",
        "borough": "Queens",
        "neighborhood": "Flushing",
        "address": "137-35 Northern Boulevard, Flushing, NY 11354",
        "description": "A historic multicultural arts center presenting global music, dance, theater, exhibitions, family programs, and education.",
        "website": "https://www.flushingtownhall.org/",
        "events_url": "https://www.flushingtownhall.org/events",
        "program_label": "Current exhibitions and performances",
        "schedule_type": "event",
        "hours_label": "Open for scheduled exhibitions and performances",
        "admission_label": "Free exhibitions; recent performances range from $15 to $50",
        "visit_source": "https://www.flushingtownhall.org/show-details/spirits-from-both-sides-arturo-ofarrill-x-vincent-hsu",
        "visit_checked": "2026-08-01",
        "public_visit_verified": true,
        "data_checked": "2026-08-01",
        "source_note": "Public venue profile checked against the venue's official website and NYC DCLA's public admission guide where listed.",
        "nearest_station": "Flushing-Main St",
        "nearest_station_routes": "7",
        "nearest_station_ada": 1,
        "nearest_station_gtfs_id": "701",
        "station_walk_estimate_m": 566.1
      },
      "geometry": {
        "type": "Point",
        "coordinates": [
          -73.830071,
          40.763914
        ]
      }
    },
    {
      "type": "Feature",
      "properties": {
        "id": "jcal",
        "name": "Jamaica Center for Arts & Learning",
        "category": "Community Arts",
        "venue_type": "Community arts center",
        "borough": "Queens",
        "neighborhood": "Jamaica",
        "address": "161-04 Jamaica Avenue, Jamaica, NY 11432",
        "description": "A multidisciplinary arts center providing exhibitions, theater, dance, music, classes, artist opportunities, and public programs in Southeast Queens.",
        "website": "https://jcal.org/",
        "events_url": "https://jcal.org/events/",
        "program_label": "Current exhibitions and events",
        "schedule_type": "program",
        "hours_label": "Open for scheduled exhibitions, classes, and performances",
        "admission_label": "Free exhibitions and community programs; performances are priced per event",
        "visit_source": "https://jcal.org/events/",
        "visit_checked": "2026-08-01",
        "public_visit_verified": true,
        "data_checked": "2026-08-01",
        "source_note": "Public venue profile checked against the venue's official website and NYC DCLA's public admission guide where listed.",
        "nearest_station": "Jamaica Center-Parsons/Archer",
        "nearest_station_routes": "E J Z",
        "nearest_station_ada": 1,
        "nearest_station_gtfs_id": "G05",
        "station_walk_estimate_m": 373.5
      },
      "geometry": {
        "type": "Point",
        "coordinates": [
          -73.7981728,
          40.7039215
        ]
      }
    },
    {
      "type": "Feature",
      "properties": {
        "id": "flux-factory",
        "name": "Flux Factory",
        "category": "Community Arts",
        "venue_type": "Artist-run residency and art space",
        "borough": "Queens",
        "neighborhood": "Long Island City",
        "address": "39-31 29th Street, Long Island City, NY 11101",
        "description": "An artist-run collective and residency producing collaborative exhibitions, performances, workshops, and experimental public events.",
        "website": "https://www.fluxfactory.org/",
        "events_url": "https://www.fluxfactory.org/events/",
        "program_label": "Current exhibitions and events",
        "schedule_type": "event",
        "hours_label": "Public access is limited to the dates and times of listed exhibitions and events",
        "adult_price": 0,
        "student_price": 0,
        "admission_label": "Public programs are generally free",
        "visit_source": "https://www.fluxfactory.org/fluxfactory/",
        "visit_checked": "2026-08-01",
        "public_visit_verified": true,
        "data_checked": "2026-08-01",
        "source_note": "Public venue profile checked against the venue's official website and NYC DCLA's public admission guide where listed.",
        "nearest_station": "39 Av-Dutch Kills",
        "nearest_station_routes": "N W",
        "nearest_station_ada": 0,
        "nearest_station_gtfs_id": "R08",
        "station_walk_estimate_m": 232.1
      },
      "geometry": {
        "type": "Point",
        "coordinates": [
          -73.9350775,
          40.7527012
        ]
      }
    },
    {
      "type": "Feature",
      "properties": {
        "id": "louis-armstrong-house",
        "name": "Louis Armstrong House Museum",
        "category": "Museums & Heritage",
        "venue_type": "Music history museum",
        "borough": "Queens",
        "neighborhood": "Corona",
        "address": "34-56 107th Street, Corona, NY 11368",
        "description": "The preserved home of Louis Armstrong, paired with an archive and cultural center presenting jazz history, exhibitions, concerts, and community programs.",
        "website": "https://www.louisarmstronghouse.org/",
        "events_url": "https://www.louisarmstronghouse.org/events/",
        "program_label": "Current tours and events",
        "schedule_type": "program",
        "hours_label": "Open during scheduled public programs",
        "admission_label": "$10 exhibits / $20 house tour; student $8 / $14",
        "visit_source": "https://www.louisarmstronghouse.org/visit/",
        "hours": {
          "mon": null,
          "tue": null,
          "wed": null,
          "thu": [
            11,
            16
          ],
          "fri": [
            11,
            16
          ],
          "sat": [
            11,
            16
          ],
          "sun": null
        },
        "adult_price": 10,
        "student_price": 8,
        "visit_checked": "2026-08-01",
        "public_visit_verified": true,
        "data_checked": "2026-08-01",
        "source_note": "Public venue profile checked against the venue's official website and NYC DCLA's public admission guide where listed.",
        "nearest_station": "103 St-Corona Plaza",
        "nearest_station_routes": "7",
        "nearest_station_ada": 0,
        "nearest_station_gtfs_id": "706",
        "station_walk_estimate_m": 627.6
      },
      "geometry": {
        "type": "Point",
        "coordinates": [
          -73.8615434,
          40.7545676
        ]
      }
    },
    {
      "type": "Feature",
      "properties": {
        "id": "bronx-museum",
        "name": "The Bronx Museum",
        "category": "Art & Exhibitions",
        "venue_type": "Contemporary art museum",
        "borough": "Bronx",
        "neighborhood": "Concourse",
        "address": "1040 Grand Concourse, Bronx, NY 10456",
        "description": "A free contemporary art museum centering artists of African, Asian, and Latin American ancestry and the cultures of the Bronx.",
        "website": "https://bronxmuseum.org/",
        "events_url": "https://bronxmuseum.org/exhibitions/",
        "program_label": "Current exhibitions",
        "schedule_type": "exhibition",
        "hours_label": "Open during current public exhibition hours",
        "adult_price": 0,
        "student_price": 0,
        "admission_label": "Free admission",
        "visit_source": "https://bronxmuseum.org/visit/",
        "hours": {
          "mon": null,
          "tue": null,
          "wed": [
            11,
            18
          ],
          "thu": [
            11,
            18
          ],
          "fri": [
            11,
            18
          ],
          "sat": [
            11,
            18
          ],
          "sun": [
            11,
            18
          ]
        },
        "visit_checked": "2026-08-01",
        "public_visit_verified": true,
        "data_checked": "2026-08-01",
        "source_note": "Public venue profile checked against the venue's official website and NYC DCLA's public admission guide where listed.",
        "nearest_station": "167 St",
        "nearest_station_routes": "B D",
        "nearest_station_ada": 0,
        "nearest_station_gtfs_id": "D10",
        "station_walk_estimate_m": 382.1
      },
      "geometry": {
        "type": "Point",
        "coordinates": [
          -73.9199471,
          40.8310911
        ]
      }
    },
    {
      "type": "Feature",
      "properties": {
        "id": "bronx-art-space",
        "name": "BronxArtSpace",
        "category": "Community Arts",
        "venue_type": "Community contemporary art gallery",
        "borough": "Bronx",
        "neighborhood": "Hunts Point",
        "address": "700 Manida Street, Bronx, NY 10474",
        "description": "A nonprofit gallery supporting Bronx artists and communities through exhibitions, artist development, education, and socially engaged programs.",
        "website": "https://www.bronxartspace.com/",
        "events_url": "https://www.bronxartspace.com/",
        "program_label": "Current exhibitions",
        "schedule_type": "regular",
        "hours_label": "Thursday-Friday 2-6 PM; Saturday noon-5 PM during exhibitions",
        "adult_price": 0,
        "student_price": 0,
        "admission_label": "Free admission",
        "visit_source": "https://www.bronxartspace.com/2026",
        "hours": {
          "mon": null,
          "tue": null,
          "wed": null,
          "thu": [
            14,
            18
          ],
          "fri": [
            14,
            18
          ],
          "sat": [
            12,
            17
          ],
          "sun": null
        },
        "visit_checked": "2026-08-01",
        "public_visit_verified": true,
        "data_checked": "2026-08-01",
        "source_note": "Public venue profile checked against the venue's official website and NYC DCLA's public admission guide where listed.",
        "nearest_station": "Longwood Av",
        "nearest_station_routes": "6",
        "nearest_station_ada": 0,
        "nearest_station_gtfs_id": "614",
        "station_walk_estimate_m": 843.7
      },
      "geometry": {
        "type": "Point",
        "coordinates": [
          -73.888256,
          40.814364
        ]
      }
    },
    {
      "type": "Feature",
      "properties": {
        "id": "lehman-art-gallery",
        "name": "Lehman College Art Gallery",
        "category": "Art & Exhibitions",
        "venue_type": "University art gallery",
        "borough": "Bronx",
        "neighborhood": "Bedford Park",
        "address": "250 Bedford Park Boulevard West, Bronx, NY 10468",
        "description": "A free university gallery presenting modern and contemporary art, public sculpture, education, and programs connected to Bronx communities.",
        "website": "https://www.lehmangallery.org/",
        "events_url": "https://www.lehmangallery.org/exhibitions",
        "program_label": "Current exhibitions",
        "schedule_type": "regular",
        "hours_label": "Tuesday-Saturday, 10 AM-4 PM",
        "adult_price": 0,
        "student_price": 0,
        "admission_label": "Free admission",
        "visit_source": "https://www.lehman.edu/departments/Art-Gallery/Art-Gallery.php",
        "hours": {
          "mon": null,
          "tue": [
            10,
            16
          ],
          "wed": [
            10,
            16
          ],
          "thu": [
            10,
            16
          ],
          "fri": [
            10,
            16
          ],
          "sat": [
            10,
            16
          ],
          "sun": null
        },
        "visit_checked": "2026-08-01",
        "public_visit_verified": true,
        "data_checked": "2026-08-01",
        "source_note": "Public venue profile checked against the venue's official website and NYC DCLA's public admission guide where listed.",
        "nearest_station": "Bedford Park Blvd-Lehman College",
        "nearest_station_routes": "4",
        "nearest_station_ada": 0,
        "nearest_station_gtfs_id": "405",
        "station_walk_estimate_m": 501.4
      },
      "geometry": {
        "type": "Point",
        "coordinates": [
          -73.8948917,
          40.8722825
        ]
      }
    },
    {
      "type": "Feature",
      "properties": {
        "id": "longwood-art-gallery",
        "name": "Longwood Art Gallery",
        "category": "Community Arts",
        "venue_type": "Community art gallery",
        "borough": "Bronx",
        "neighborhood": "Westchester Square",
        "address": "2700 East Tremont Avenue, Bronx, NY 10461",
        "description": "The Bronx Council on the Arts' flagship gallery, presenting contemporary artists and exhibitions connected to Bronx culture and public issues.",
        "website": "https://www.bronxarts.org/programs/connector/longwood-art-project/longwood-art-gallery/",
        "events_url": "https://www.bronxarts.org/programs/connector/longwood-art-project/longwood-art-gallery/",
        "program_label": "Current exhibitions and events",
        "schedule_type": "regular",
        "hours_label": "Tuesday-Friday, noon-6 PM during exhibitions",
        "adult_price": 0,
        "student_price": 0,
        "admission_label": "Free admission",
        "visit_source": "https://www.hostos.cuny.edu/culturearts/rentus/artgallery.shtml",
        "hours": {
          "mon": null,
          "tue": [
            12,
            18
          ],
          "wed": [
            12,
            18
          ],
          "thu": [
            12,
            18
          ],
          "fri": [
            12,
            18
          ],
          "sat": null,
          "sun": null
        },
        "visit_checked": "2026-08-01",
        "public_visit_verified": true,
        "data_checked": "2026-08-01",
        "source_note": "Public venue profile checked against the venue's official website and NYC DCLA's public admission guide where listed.",
        "nearest_station": "Westchester Sq-E Tremont Av",
        "nearest_station_routes": "6",
        "nearest_station_ada": 1,
        "nearest_station_gtfs_id": "604",
        "station_walk_estimate_m": 457.8
      },
      "geometry": {
        "type": "Point",
        "coordinates": [
          -73.8459019,
          40.842574
        ]
      }
    },
    {
      "type": "Feature",
      "properties": {
        "id": "wave-hill",
        "name": "Wave Hill",
        "category": "Community Arts",
        "venue_type": "Public garden and cultural center",
        "borough": "Bronx",
        "neighborhood": "Riverdale",
        "address": "649 West 249th Street, Bronx, NY 10471",
        "description": "A public garden and cultural center overlooking the Hudson, combining horticulture with contemporary art, concerts, workshops, and environmental programs.",
        "website": "https://www.wavehill.org/",
        "events_url": "https://www.wavehill.org/calendar",
        "program_label": "Current exhibitions and events",
        "schedule_type": "daylight",
        "hours_label": "Public daytime hours; seasonal closing time varies",
        "adult_price": 0,
        "student_price": 0,
        "admission_label": "Free admission",
        "visit_source": "https://www.wavehill.org/",
        "visit_checked": "2026-08-01",
        "public_visit_verified": true,
        "data_checked": "2026-08-01",
        "source_note": "Public venue profile checked against the venue's official website and NYC DCLA's public admission guide where listed.",
        "nearest_station": "Van Cortlandt Park-242 St",
        "nearest_station_routes": "1",
        "nearest_station_ada": 0,
        "nearest_station_gtfs_id": "101",
        "station_walk_estimate_m": 1602.4
      },
      "geometry": {
        "type": "Point",
        "coordinates": [
          -73.9106769,
          40.8973458
        ]
      }
    },
    {
      "type": "Feature",
      "properties": {
        "id": "pregones-prtt",
        "name": "Pregones/PRTT",
        "category": "Performance & Music",
        "venue_type": "Latino performing arts center",
        "borough": "Bronx",
        "neighborhood": "Mott Haven",
        "address": "575 Walton Avenue, Bronx, NY 10451",
        "description": "A bilingual Latino arts organization creating and presenting theater, music, dance, and community programs rooted in Puerto Rican and Bronx culture.",
        "website": "https://pregonesprtt.org/",
        "events_url": "https://pregonesprtt.org/events/",
        "program_label": "Current performances",
        "schedule_type": "event",
        "hours_label": "Open for scheduled performances and public programs",
        "admission_label": "No fixed admission; each performance lists its own ticket price",
        "visit_source": "https://pregonesprtt.org/events/",
        "visit_checked": "2026-08-01",
        "public_visit_verified": true,
        "data_checked": "2026-08-01",
        "source_note": "Public venue profile checked against the venue's official website and NYC DCLA's public admission guide where listed.",
        "nearest_station": "149 St-Grand Concourse",
        "nearest_station_routes": "4",
        "nearest_station_ada": 0,
        "nearest_station_gtfs_id": "415",
        "station_walk_estimate_m": 186.5
      },
      "geometry": {
        "type": "Point",
        "coordinates": [
          -73.9283566,
          40.8195756
        ]
      }
    },
    {
      "type": "Feature",
      "properties": {
        "id": "alice-austen-house",
        "name": "Alice Austen House",
        "category": "Museums & Heritage",
        "venue_type": "Photography museum and historic house",
        "borough": "Staten Island",
        "neighborhood": "Rosebank",
        "address": "2 Hylan Boulevard, Staten Island, NY 10305",
        "description": "The waterfront home of pioneering photographer Alice Austen, now a museum of photography, LGBTQ+ history, and Staten Island life.",
        "website": "https://aliceausten.org/",
        "events_url": "https://aliceausten.org/exhibitions/",
        "program_label": "Current exhibitions and events",
        "schedule_type": "program",
        "hours_label": "Open during scheduled public programs",
        "admission_label": "$5 suggested admission",
        "visit_source": "https://aliceausten.org/planyourvisit/",
        "hours": {
          "mon": null,
          "tue": null,
          "wed": [
            12,
            17
          ],
          "thu": [
            12,
            17
          ],
          "fri": [
            12,
            17
          ],
          "sat": [
            11,
            17
          ],
          "sun": null
        },
        "adult_price": 5,
        "student_price": 5,
        "visit_checked": "2026-08-01",
        "public_visit_verified": true,
        "data_checked": "2026-08-01",
        "source_note": "Public venue profile checked against the venue's official website and NYC DCLA's public admission guide where listed.",
        "nearest_station": "Clifton",
        "nearest_station_routes": "SIR",
        "nearest_station_ada": 0,
        "nearest_station_gtfs_id": "S28",
        "station_walk_estimate_m": 1164.4
      },
      "geometry": {
        "type": "Point",
        "coordinates": [
          -74.063036,
          40.6151206
        ]
      }
    },
    {
      "type": "Feature",
      "properties": {
        "id": "snug-harbor",
        "name": "Snug Harbor Cultural Center & Botanical Garden",
        "category": "Community Arts",
        "venue_type": "Cultural campus and gardens",
        "borough": "Staten Island",
        "neighborhood": "Livingston",
        "address": "1000 Richmond Terrace, Staten Island, NY 10301",
        "description": "A large cultural campus with museums, galleries, performing arts, historic architecture, gardens, farms, festivals, and artist programs.",
        "website": "https://snug-harbor.org/",
        "events_url": "https://snug-harbor.org/events/",
        "program_label": "Current exhibitions and events",
        "schedule_type": "daylight",
        "hours_label": "Public daytime hours; seasonal closing time varies",
        "adult_price": 0,
        "student_price": 0,
        "admission_label": "Free admission",
        "visit_source": "https://snug-harbor.org/",
        "visit_checked": "2026-08-01",
        "public_visit_verified": true,
        "data_checked": "2026-08-01",
        "source_note": "Public venue profile checked against the venue's official website and NYC DCLA's public admission guide where listed.",
        "nearest_station": "Tompkinsville",
        "nearest_station_routes": "SIR",
        "nearest_station_ada": 0,
        "nearest_station_gtfs_id": "S30",
        "station_walk_estimate_m": 2775.2
      },
      "geometry": {
        "type": "Point",
        "coordinates": [
          -74.1019417,
          40.6418756
        ]
      }
    },
    {
      "type": "Feature",
      "properties": {
        "id": "staten-island-museum",
        "name": "Staten Island Museum",
        "category": "Museums & Heritage",
        "venue_type": "Art, history, and natural science museum",
        "borough": "Staten Island",
        "neighborhood": "Livingston",
        "address": "1000 Richmond Terrace Building A, Staten Island, NY 10301",
        "description": "A multidisciplinary museum presenting Staten Island art, history, and natural science within the Snug Harbor cultural campus.",
        "website": "https://www.statenislandmuseum.org/",
        "events_url": "https://www.statenislandmuseum.org/exhibitions/",
        "program_label": "Current exhibitions",
        "schedule_type": "program",
        "hours_label": "Open during scheduled public programs",
        "admission_label": "Pay what you wish; $8 adult / $5 student suggested",
        "visit_source": "https://www.statenislandmuseum.org/visit/",
        "hours": {
          "mon": null,
          "tue": null,
          "wed": [
            11,
            17
          ],
          "thu": [
            11,
            17
          ],
          "fri": [
            11,
            17
          ],
          "sat": [
            11,
            17
          ],
          "sun": [
            11,
            17
          ]
        },
        "adult_price": 8,
        "student_price": 5,
        "visit_checked": "2026-08-01",
        "public_visit_verified": true,
        "data_checked": "2026-08-01",
        "source_note": "Public venue profile checked against the venue's official website and NYC DCLA's public admission guide where listed.",
        "nearest_station": "Tompkinsville",
        "nearest_station_routes": "SIR",
        "nearest_station_ada": 0,
        "nearest_station_gtfs_id": "S30",
        "station_walk_estimate_m": 2794.9
      },
      "geometry": {
        "type": "Point",
        "coordinates": [
          -74.1019,
          40.6426
        ]
      }
    },
    {
      "type": "Feature",
      "properties": {
        "id": "noble-maritime",
        "name": "The Noble Maritime Collection",
        "category": "Museums & Heritage",
        "venue_type": "Maritime art and history museum",
        "borough": "Staten Island",
        "neighborhood": "Livingston",
        "address": "1000 Richmond Terrace Building D, Staten Island, NY 10301",
        "description": "A museum in a former sailors' dormitory exploring maritime art, local waterfront history, and the work of artist John A. Noble.",
        "website": "https://noblemaritime.org/",
        "events_url": "https://noblemaritime.org/events",
        "program_label": "Current exhibitions and events",
        "schedule_type": "regular",
        "hours_label": "Open during scheduled public programs",
        "admission_label": "Pay what you wish; members, children under 10, and care partners are free",
        "visit_source": "https://noblemaritime.org/",
        "hours": {
          "mon": null,
          "tue": null,
          "wed": [
            12,
            17
          ],
          "thu": [
            12,
            17
          ],
          "fri": [
            12,
            17
          ],
          "sat": [
            12,
            17
          ],
          "sun": [
            12,
            17
          ]
        },
        "adult_price": 1,
        "student_price": 1,
        "visit_checked": "2026-08-01",
        "public_visit_verified": true,
        "data_checked": "2026-08-01",
        "source_note": "Public venue profile checked against the venue's official website and NYC DCLA's public admission guide where listed.",
        "nearest_station": "St George",
        "nearest_station_routes": "SIR",
        "nearest_station_ada": 1,
        "nearest_station_gtfs_id": "S31",
        "station_walk_estimate_m": 2744.2
      },
      "geometry": {
        "type": "Point",
        "coordinates": [
          -74.1012,
          40.6433
        ]
      }
    },
    {
      "type": "Feature",
      "properties": {
        "id": "art-lab-si",
        "name": "Art Lab",
        "category": "Community Arts",
        "venue_type": "Community art school and gallery",
        "borough": "Staten Island",
        "neighborhood": "Livingston",
        "address": "1000 Richmond Terrace Building H, Staten Island, NY 10301",
        "description": "A community visual arts school and gallery at Snug Harbor offering exhibitions, classes, artist opportunities, and public programs.",
        "website": "https://artlabsi.com/",
        "events_url": "https://artlabsi.com/gallery-exhibitions/",
        "program_label": "Current exhibitions and events",
        "schedule_type": "regular",
        "hours_label": "Monday-Thursday 10 AM-7 PM; Friday-Sunday 10 AM-4 PM",
        "adult_price": 0,
        "student_price": 0,
        "admission_label": "Free gallery admission",
        "visit_source": "https://artlabsi.com/contact-us/",
        "hours": {
          "mon": [
            10,
            19
          ],
          "tue": [
            10,
            19
          ],
          "wed": [
            10,
            19
          ],
          "thu": [
            10,
            19
          ],
          "fri": [
            10,
            16
          ],
          "sat": [
            10,
            16
          ],
          "sun": [
            10,
            16
          ]
        },
        "visit_checked": "2026-08-01",
        "public_visit_verified": true,
        "data_checked": "2026-08-01",
        "source_note": "Public venue profile checked against the venue's official website and NYC DCLA's public admission guide where listed.",
        "nearest_station": "Tompkinsville",
        "nearest_station_routes": "SIR",
        "nearest_station_ada": 0,
        "nearest_station_gtfs_id": "S30",
        "station_walk_estimate_m": 2839.3
      },
      "geometry": {
        "type": "Point",
        "coordinates": [
          -74.1025,
          40.6422
        ]
      }
    },
    {
      "type": "Feature",
      "properties": {
        "id": "david-zwirner-chelsea",
        "name": "David Zwirner",
        "category": "Art & Exhibitions",
        "venue_type": "Contemporary commercial gallery",
        "borough": "Manhattan",
        "neighborhood": "Chelsea",
        "address": "525 West 19th Street, New York, NY 10011",
        "description": "A major contemporary gallery with several adjoining Chelsea spaces presenting museum-scale exhibitions by international artists.",
        "website": "https://www.davidzwirner.com/galleries/new-york/19th-street",
        "events_url": "https://www.davidzwirner.com/exhibitions",
        "program_label": "Current New York exhibitions",
        "schedule_type": "regular",
        "hours_label": "Tuesday-Saturday, 10 AM-6 PM when exhibitions are on view",
        "adult_price": 0,
        "student_price": 0,
        "admission_label": "Free admission",
        "visit_source": "https://www.davidzwirner.com/galleries/new-york",
        "hours": {
          "mon": null,
          "tue": [
            10,
            18
          ],
          "wed": [
            10,
            18
          ],
          "thu": [
            10,
            18
          ],
          "fri": [
            10,
            18
          ],
          "sat": [
            10,
            18
          ],
          "sun": null
        },
        "closures": [
          {
            "start": "2026-08-01",
            "end": "2026-09-09",
            "label": "Chelsea galleries are between exhibitions"
          }
        ],
        "visit_checked": "2026-08-01",
        "public_visit_verified": true,
        "data_checked": "2026-08-01",
        "source_note": "Public venue profile checked against the venue's official website and NYC DCLA's public admission guide where listed.",
        "nearest_station": "14 St",
        "nearest_station_routes": "A C E",
        "nearest_station_ada": 1,
        "nearest_station_gtfs_id": "A31",
        "station_walk_estimate_m": 835.4
      },
      "geometry": {
        "type": "Point",
        "coordinates": [
          -74.0070327,
          40.745807
        ]
      }
    },
    {
      "type": "Feature",
      "properties": {
        "id": "pace-gallery",
        "name": "Pace Gallery",
        "category": "Art & Exhibitions",
        "venue_type": "Contemporary commercial gallery",
        "borough": "Manhattan",
        "neighborhood": "Chelsea",
        "address": "540 West 25th Street, New York, NY 10001",
        "description": "A large multi-floor contemporary gallery presenting modern masters, established artists, experimental media, and public programs.",
        "website": "https://www.pacegallery.com/galleries/new-york/",
        "events_url": "https://www.pacegallery.com/exhibitions/",
        "program_label": "Current New York exhibitions",
        "schedule_type": "regular",
        "hours_label": "Monday-Thursday 10 AM-6 PM; Friday 10 AM-4 PM",
        "adult_price": 0,
        "student_price": 0,
        "admission_label": "Free admission",
        "visit_source": "https://www.pacegallery.com/galleries/new-york/",
        "hours": {
          "mon": [
            10,
            18
          ],
          "tue": [
            10,
            18
          ],
          "wed": [
            10,
            18
          ],
          "thu": [
            10,
            18
          ],
          "fri": [
            10,
            16
          ],
          "sat": null,
          "sun": null
        },
        "visit_checked": "2026-08-01",
        "public_visit_verified": true,
        "data_checked": "2026-08-01",
        "source_note": "Public venue profile checked against the venue's official website and NYC DCLA's public admission guide where listed.",
        "nearest_station": "23 St",
        "nearest_station_routes": "C E",
        "nearest_station_ada": 0,
        "nearest_station_gtfs_id": "A30",
        "station_walk_estimate_m": 840.3
      },
      "geometry": {
        "type": "Point",
        "coordinates": [
          -74.0049685,
          40.7495759
        ]
      }
    },
    {
      "type": "Feature",
      "properties": {
        "id": "hauser-wirth-chelsea",
        "name": "Hauser & Wirth New York",
        "category": "Art & Exhibitions",
        "venue_type": "Contemporary commercial gallery",
        "borough": "Manhattan",
        "neighborhood": "Chelsea",
        "address": "542 West 22nd Street, New York, NY 10011",
        "description": "A five-story contemporary art gallery with free exhibitions, talks, screenings, and an accessible public entrance in West Chelsea.",
        "website": "https://www.hauserwirth.com/locations/10073-hauser-wirth-new-york-22nd-street/",
        "events_url": "https://www.hauserwirth.com/hauser-wirth-exhibitions/",
        "program_label": "Current New York exhibitions",
        "schedule_type": "regular",
        "hours_label": "Monday-Friday, 10 AM-6 PM when exhibitions are on view",
        "adult_price": 0,
        "student_price": 0,
        "admission_label": "Free admission",
        "visit_source": "https://www.hauserwirth.com/locations/10073-hauser-wirth-new-york-22nd-street/",
        "hours": {
          "mon": [
            10,
            18
          ],
          "tue": [
            10,
            18
          ],
          "wed": [
            10,
            18
          ],
          "thu": [
            10,
            18
          ],
          "fri": [
            10,
            18
          ],
          "sat": null,
          "sun": null
        },
        "closures": [
          {
            "start": "2026-08-01",
            "end": "2026-09-09",
            "label": "Summer exhibitions ended July 31; next exhibition opens September 10"
          }
        ],
        "visit_checked": "2026-08-01",
        "public_visit_verified": true,
        "data_checked": "2026-08-01",
        "source_note": "Public venue profile checked against the venue's official website and NYC DCLA's public admission guide where listed.",
        "nearest_station": "23 St",
        "nearest_station_routes": "C E",
        "nearest_station_ada": 0,
        "nearest_station_gtfs_id": "A30",
        "station_walk_estimate_m": 890.9
      },
      "geometry": {
        "type": "Point",
        "coordinates": [
          -74.0066657,
          40.7477523
        ]
      }
    },
    {
      "type": "Feature",
      "properties": {
        "id": "petzel-gallery",
        "name": "Petzel Gallery",
        "category": "Art & Exhibitions",
        "venue_type": "Contemporary commercial gallery",
        "borough": "Manhattan",
        "neighborhood": "Chelsea",
        "address": "520 West 25th Street, New York, NY 10001",
        "description": "A contemporary gallery presenting conceptually driven painting, sculpture, installation, and moving-image work by international artists.",
        "website": "https://www.petzel.com/",
        "events_url": "https://www.petzel.com/exhibitions",
        "program_label": "Current exhibitions",
        "schedule_type": "regular",
        "hours_label": "Tuesday-Saturday, 10 AM-6 PM",
        "adult_price": 0,
        "student_price": 0,
        "admission_label": "Free admission",
        "visit_source": "https://www.petzel.com/about",
        "hours": {
          "mon": null,
          "tue": [
            10,
            18
          ],
          "wed": [
            10,
            18
          ],
          "thu": [
            10,
            18
          ],
          "fri": [
            10,
            18
          ],
          "sat": [
            10,
            18
          ],
          "sun": null
        },
        "visit_checked": "2026-08-01",
        "public_visit_verified": true,
        "data_checked": "2026-08-01",
        "source_note": "Public venue profile checked against the venue's official website and NYC DCLA's public admission guide where listed.",
        "nearest_station": "23 St",
        "nearest_station_routes": "C E",
        "nearest_station_ada": 0,
        "nearest_station_gtfs_id": "A30",
        "station_walk_estimate_m": 754.9
      },
      "geometry": {
        "type": "Point",
        "coordinates": [
          -74.0042332,
          40.7492373
        ]
      }
    },
    {
      "type": "Feature",
      "properties": {
        "id": "jack-shainman-chelsea",
        "name": "Jack Shainman Gallery",
        "category": "Art & Exhibitions",
        "venue_type": "Contemporary commercial gallery",
        "borough": "Manhattan",
        "neighborhood": "Chelsea",
        "address": "513 West 20th Street, New York, NY 10011",
        "description": "A contemporary gallery known for a global, multicultural program engaging race, identity, history, politics, and social justice.",
        "website": "https://jackshainman.com/about",
        "events_url": "https://jackshainman.com/exhibitions",
        "program_label": "Current exhibitions",
        "schedule_type": "regular",
        "hours_label": "Monday-Friday, 10 AM-6 PM",
        "adult_price": 0,
        "student_price": 0,
        "admission_label": "Free admission",
        "visit_source": "https://jackshainman.com/about",
        "hours": {
          "mon": [
            10,
            18
          ],
          "tue": [
            10,
            18
          ],
          "wed": [
            10,
            18
          ],
          "thu": [
            10,
            18
          ],
          "fri": [
            10,
            18
          ],
          "sat": null,
          "sun": null
        },
        "visit_checked": "2026-08-01",
        "public_visit_verified": true,
        "data_checked": "2026-08-01",
        "source_note": "Public venue profile checked against the venue's official website and NYC DCLA's public admission guide where listed.",
        "nearest_station": "23 St",
        "nearest_station_routes": "C E",
        "nearest_station_ada": 0,
        "nearest_station_gtfs_id": "A30",
        "station_walk_estimate_m": 816.4
      },
      "geometry": {
        "type": "Point",
        "coordinates": [
          -74.0062412,
          40.7462478
        ]
      }
    },
    {
      "type": "Feature",
      "properties": {
        "id": "lisson-gallery",
        "name": "Lisson Gallery",
        "category": "Art & Exhibitions",
        "venue_type": "Contemporary commercial gallery",
        "borough": "Manhattan",
        "neighborhood": "Chelsea",
        "address": "504 West 24th Street, New York, NY 10011",
        "description": "The New York space of an international gallery with a long history of conceptual art, minimalism, sculpture, and cross-disciplinary practices.",
        "website": "https://www.lissongallery.com/locations/new-york",
        "events_url": "https://www.lissongallery.com/exhibitions",
        "program_label": "Current New York exhibitions",
        "schedule_type": "regular",
        "hours_label": "Monday-Friday, 10 AM-6 PM when exhibitions are on view",
        "adult_price": 0,
        "student_price": 0,
        "admission_label": "Free admission",
        "visit_source": "https://www.lissongallery.com/contact",
        "hours": {
          "mon": [
            10,
            18
          ],
          "tue": [
            10,
            18
          ],
          "wed": [
            10,
            18
          ],
          "thu": [
            10,
            18
          ],
          "fri": [
            10,
            18
          ],
          "sat": null,
          "sun": null
        },
        "closures": [
          {
            "start": "2026-07-25",
            "end": "2026-09-14",
            "label": "Between New York exhibitions; next exhibition opens September 15"
          }
        ],
        "visit_checked": "2026-08-01",
        "public_visit_verified": true,
        "data_checked": "2026-08-01",
        "source_note": "Public venue profile checked against the venue's official website and NYC DCLA's public admission guide where listed.",
        "nearest_station": "23 St",
        "nearest_station_routes": "C E",
        "nearest_station_ada": 0,
        "nearest_station_gtfs_id": "A30",
        "station_walk_estimate_m": 713.8
      },
      "geometry": {
        "type": "Point",
        "coordinates": [
          -74.0043407,
          40.7485172
        ]
      }
    },
    {
      "type": "Feature",
      "properties": {
        "id": "iscp",
        "name": "International Studio & Curatorial Program",
        "category": "Art & Exhibitions",
        "venue_type": "Residency center and gallery",
        "borough": "Brooklyn",
        "neighborhood": "East Williamsburg",
        "address": "1040 Metropolitan Avenue, Brooklyn, NY 11211",
        "description": "An international residency center whose public galleries present work by artists and curators developing projects in New York.",
        "website": "https://iscp-nyc.org/",
        "events_url": "https://iscp-nyc.org/events?type=exhibition",
        "program_label": "Current programs and exhibitions",
        "schedule_type": "regular",
        "hours_label": "Monday-Friday, 10:30 AM-5:30 PM",
        "adult_price": 0,
        "student_price": 0,
        "admission_label": "Free admission",
        "visit_source": "https://iscp-nyc.org/visit",
        "hours": {
          "mon": [
            10.5,
            17.5
          ],
          "tue": [
            10.5,
            17.5
          ],
          "wed": [
            10.5,
            17.5
          ],
          "thu": [
            10.5,
            17.5
          ],
          "fri": [
            10.5,
            17.5
          ],
          "sat": null,
          "sun": null
        },
        "visit_checked": "2026-08-01",
        "public_visit_verified": true,
        "data_checked": "2026-08-01",
        "source_note": "Public venue profile checked against the venue's official website and NYC DCLA's public admission guide where listed.",
        "nearest_station": "Grand St",
        "nearest_station_routes": "L",
        "nearest_station_ada": 1,
        "nearest_station_gtfs_id": "L12",
        "station_walk_estimate_m": 667.1
      },
      "geometry": {
        "type": "Point",
        "coordinates": [
          -73.9347032,
          40.714248
        ]
      }
    },
    {
      "type": "Feature",
      "properties": {
        "id": "tiger-strikes-asteroid",
        "name": "Tiger Strikes Asteroid New York",
        "category": "Art & Exhibitions",
        "venue_type": "Artist-run nonprofit gallery",
        "borough": "Brooklyn",
        "neighborhood": "Bushwick",
        "address": "1329 Willoughby Avenue, Brooklyn, NY 11237",
        "description": "The New York branch of an artist-run network presenting experimental exhibitions, exchanges, and emerging practices in a shared Bushwick arts building.",
        "website": "https://www.tigerstrikesasteroid.com/",
        "events_url": "https://www.tigerstrikesasteroid.com/exhibitions",
        "program_label": "Current New York exhibition",
        "schedule_type": "regular",
        "hours_label": "Saturday-Sunday, 1-6 PM during exhibitions",
        "adult_price": 0,
        "student_price": 0,
        "admission_label": "Free admission",
        "visit_source": "https://www.tigerstrikesasteroid.com/contact",
        "hours": {
          "mon": null,
          "tue": null,
          "wed": null,
          "thu": null,
          "fri": null,
          "sat": [
            13,
            18
          ],
          "sun": [
            13,
            18
          ]
        },
        "visit_checked": "2026-08-01",
        "public_visit_verified": true,
        "data_checked": "2026-08-01",
        "source_note": "Public venue profile checked against the venue's official website and NYC DCLA's public admission guide where listed.",
        "nearest_station": "Jefferson St",
        "nearest_station_routes": "L",
        "nearest_station_ada": 0,
        "nearest_station_gtfs_id": "L15",
        "station_walk_estimate_m": 183.8
      },
      "geometry": {
        "type": "Point",
        "coordinates": [
          -73.9211101,
          40.7063004
        ]
      }
    },
    {
      "type": "Feature",
      "properties": {
        "id": "transmitter-gallery",
        "name": "Transmitter",
        "category": "Art & Exhibitions",
        "venue_type": "Collaborative artist-run gallery",
        "borough": "Brooklyn",
        "neighborhood": "Bushwick",
        "address": "1329 Willoughby Avenue, Brooklyn, NY 11237",
        "description": "A collaborative curatorial initiative presenting multidisciplinary, international, and experimental contemporary art in Bushwick.",
        "website": "https://www.transmitter.nyc/",
        "events_url": "https://www.transmitter.nyc/news/category/Exhibitions",
        "program_label": "Current exhibitions",
        "schedule_type": "regular",
        "hours_label": "Saturday-Sunday, 1-6 PM during exhibitions",
        "adult_price": 0,
        "student_price": 0,
        "admission_label": "Free admission",
        "visit_source": "https://www.transmitter.nyc/contact",
        "hours": {
          "mon": null,
          "tue": null,
          "wed": null,
          "thu": null,
          "fri": null,
          "sat": [
            13,
            18
          ],
          "sun": [
            13,
            18
          ]
        },
        "visit_checked": "2026-08-01",
        "public_visit_verified": true,
        "data_checked": "2026-08-01",
        "source_note": "Public venue profile checked against the venue's official website and NYC DCLA's public admission guide where listed.",
        "nearest_station": "Jefferson St",
        "nearest_station_routes": "L",
        "nearest_station_ada": 0,
        "nearest_station_gtfs_id": "L15",
        "station_walk_estimate_m": 183.8
      },
      "geometry": {
        "type": "Point",
        "coordinates": [
          -73.9211101,
          40.7063004
        ]
      }
    },
    {
      "type": "Feature",
      "properties": {
        "id": "interference-archive",
        "name": "Interference Archive",
        "category": "Design, Books & Architecture",
        "venue_type": "Community archive and exhibition space",
        "borough": "Brooklyn",
        "neighborhood": "Park Slope",
        "address": "314 7th Street, Brooklyn, NY 11215",
        "description": "A volunteer-run archive and public space exploring the relationship between cultural production and social movements through exhibitions and events.",
        "website": "https://interferencearchive.org/who-we-are/visit/",
        "events_url": "https://interferencearchive.org/events/",
        "program_label": "Current exhibitions and events",
        "schedule_type": "regular",
        "hours_label": "Monday 6-9 PM; Friday 1-6 PM; weekends noon-5 PM",
        "adult_price": 0,
        "student_price": 0,
        "admission_label": "Free admission; donations welcome",
        "visit_source": "https://interferencearchive.org/who-we-are/visit/",
        "hours": {
          "mon": [
            18,
            21
          ],
          "tue": null,
          "wed": null,
          "thu": null,
          "fri": [
            13,
            18
          ],
          "sat": [
            12,
            17
          ],
          "sun": [
            12,
            17
          ]
        },
        "visit_checked": "2026-08-01",
        "public_visit_verified": true,
        "data_checked": "2026-08-01",
        "source_note": "Public venue profile checked against the venue's official website and NYC DCLA's public admission guide where listed.",
        "nearest_station": "4 Av-9 St",
        "nearest_station_routes": "R",
        "nearest_station_ada": 0,
        "nearest_station_gtfs_id": "R33",
        "station_walk_estimate_m": 255.2
      },
      "geometry": {
        "type": "Point",
        "coordinates": [
          -73.9857817,
          40.6704879
        ]
      }
    },
    {
      "type": "Feature",
      "properties": {
        "id": "bronx-documentary-center",
        "name": "Bronx Documentary Center",
        "category": "Film & Media",
        "venue_type": "Documentary gallery and education center",
        "borough": "Bronx",
        "neighborhood": "Melrose",
        "address": "614 Courtlandt Avenue, Bronx, NY 10451",
        "description": "A free nonprofit gallery and education center using photography, film, and community documentary practice to examine urgent social issues.",
        "website": "https://www.bronxdoc.org/bronx-documentary-center/visit/",
        "events_url": "https://www.bronxdoc.org/events/",
        "program_label": "Current exhibitions and screenings",
        "schedule_type": "regular",
        "hours_label": "Thursday-Friday 3-7 PM; Saturday 1-5 PM during exhibitions",
        "adult_price": 0,
        "student_price": 0,
        "admission_label": "Free admission",
        "visit_source": "https://www.bronxdoc.org/bronx-documentary-center/visit/",
        "hours": {
          "mon": null,
          "tue": null,
          "wed": null,
          "thu": [
            15,
            19
          ],
          "fri": [
            15,
            19
          ],
          "sat": [
            13,
            17
          ],
          "sun": null
        },
        "visit_checked": "2026-08-01",
        "public_visit_verified": true,
        "data_checked": "2026-08-01",
        "source_note": "Public venue profile checked against the venue's official website and NYC DCLA's public admission guide where listed.",
        "nearest_station": "3 Av-149 St",
        "nearest_station_routes": "2 5",
        "nearest_station_ada": 1,
        "nearest_station_gtfs_id": "221",
        "station_walk_estimate_m": 267.7
      },
      "geometry": {
        "type": "Point",
        "coordinates": [
          -73.9186583,
          40.8180322
        ]
      }
    },
    {
      "type": "Feature",
      "properties": {
        "id": "national-sawdust",
        "name": "National Sawdust",
        "category": "Performance & Music",
        "venue_type": "Experimental music venue",
        "borough": "Brooklyn",
        "neighborhood": "Williamsburg",
        "address": "80 North 6th Street, Brooklyn, NY 11249",
        "description": "An intimate, acoustically ambitious performance space commissioning adventurous music, interdisciplinary work, and artist-led collaborations.",
        "website": "https://www.nationalsawdust.org/visit-us",
        "events_url": "https://www.nationalsawdust.org/events",
        "program_label": "Upcoming performances",
        "schedule_type": "event",
        "hours_label": "Open for scheduled concerts and public programs",
        "admission_label": "No fixed admission; each concert lists its own ticket price",
        "visit_source": "https://www.nationalsawdust.org/events",
        "visit_checked": "2026-08-01",
        "public_visit_verified": true,
        "data_checked": "2026-08-01",
        "source_note": "Public venue profile checked against the venue's official website and NYC DCLA's public admission guide where listed.",
        "nearest_station": "Bedford Av",
        "nearest_station_routes": "L",
        "nearest_station_ada": 1,
        "nearest_station_gtfs_id": "L08",
        "station_walk_estimate_m": 486.4
      },
      "geometry": {
        "type": "Point",
        "coordinates": [
          -73.9612431,
          40.7189664
        ]
      }
    },
    {
      "type": "Feature",
      "properties": {
        "id": "new-york-live-arts",
        "name": "New York Live Arts",
        "category": "Performance & Music",
        "venue_type": "Dance and performance center",
        "borough": "Manhattan",
        "neighborhood": "Chelsea",
        "address": "219 West 19th Street, New York, NY 10011",
        "description": "A performance and residency center supporting contemporary dance, movement research, public conversation, and experimental live work.",
        "website": "https://newyorklivearts.org/",
        "events_url": "https://newyorklivearts.org/events/",
        "program_label": "Current performances",
        "schedule_type": "event",
        "hours_label": "Open for scheduled performances, exhibitions, and talks",
        "admission_label": "No fixed admission; each performance lists its own price and discounts",
        "visit_source": "https://newyorklivearts.org/events/",
        "visit_checked": "2026-08-01",
        "public_visit_verified": true,
        "data_checked": "2026-08-01",
        "source_note": "Public venue profile checked against the venue's official website and NYC DCLA's public admission guide where listed.",
        "nearest_station": "18 St",
        "nearest_station_routes": "1",
        "nearest_station_ada": 0,
        "nearest_station_gtfs_id": "131",
        "station_walk_estimate_m": 151.9
      },
      "geometry": {
        "type": "Point",
        "coordinates": [
          -73.998316,
          40.7421473
        ]
      }
    },
    {
      "type": "Feature",
      "properties": {
        "id": "danspace-project",
        "name": "Danspace Project",
        "category": "Performance & Music",
        "venue_type": "Contemporary dance presenter",
        "borough": "Manhattan",
        "neighborhood": "East Village",
        "address": "131 East 10th Street, New York, NY 10003",
        "description": "A long-running presenter of experimental dance and performance inside St. Mark's Church, foregrounding artists, research, and community exchange.",
        "website": "https://danspaceproject.org/",
        "events_url": "https://danspaceproject.org/calendar/",
        "program_label": "Current performances",
        "schedule_type": "event",
        "hours_label": "Open for scheduled performances and public programs",
        "admission_label": "No fixed admission; each performance lists its own ticket price",
        "visit_source": "https://danspaceproject.org/calendar/",
        "visit_checked": "2026-08-01",
        "public_visit_verified": true,
        "data_checked": "2026-08-01",
        "source_note": "Public venue profile checked against the venue's official website and NYC DCLA's public admission guide where listed.",
        "nearest_station": "3 Av",
        "nearest_station_routes": "L",
        "nearest_station_ada": 0,
        "nearest_station_gtfs_id": "L05",
        "station_walk_estimate_m": 343.6
      },
      "geometry": {
        "type": "Point",
        "coordinates": [
          -73.9871159,
          40.7303406
        ]
      }
    },
    {
      "type": "Feature",
      "properties": {
        "id": "film-at-lincoln-center",
        "name": "Film at Lincoln Center",
        "category": "Film & Media",
        "venue_type": "Cinematheque and film center",
        "borough": "Manhattan",
        "neighborhood": "Lincoln Square",
        "address": "165 West 65th Street, New York, NY 10023",
        "description": "A nonprofit film institution presenting retrospectives, new releases, festivals, filmmaker conversations, and the New York Film Festival.",
        "website": "https://www.filmlinc.org/visit-us/",
        "events_url": "https://www.filmlinc.org/now-playing/",
        "program_label": "Now playing",
        "schedule_type": "screening",
        "hours_label": "Open daily for scheduled screenings",
        "admission_label": "$18-$19 general / $15-$16 student, senior, or guest with disability",
        "visit_source": "https://www.filmlinc.org/visit-us/",
        "screening_times": {
          "2026-08-01": [
            "12:00",
            "15:00",
            "18:30"
          ]
        },
        "screening_source": "https://www.filmlinc.org/now-playing/?tab=schedule",
        "adult_price": 19,
        "student_price": 16,
        "visit_checked": "2026-08-01",
        "public_visit_verified": true,
        "data_checked": "2026-08-01",
        "source_note": "Public venue profile checked against the venue's official website and NYC DCLA's public admission guide where listed.",
        "nearest_station": "66 St-Lincoln Center",
        "nearest_station_routes": "1",
        "nearest_station_ada": 1,
        "nearest_station_gtfs_id": "124",
        "station_walk_estimate_m": 226.0
      },
      "geometry": {
        "type": "Point",
        "coordinates": [
          -73.9843127,
          40.7740942
        ]
      }
    },
    {
      "type": "Feature",
      "properties": {
        "id": "maysles-documentary-center",
        "name": "Maysles Documentary Center",
        "category": "Film & Media",
        "venue_type": "Documentary cinema and community center",
        "borough": "Manhattan",
        "neighborhood": "Harlem",
        "address": "343 Malcolm X Boulevard, New York, NY 10027",
        "description": "A Harlem documentary cinema and education center presenting nonfiction film, filmmaker conversations, community screenings, and youth programs.",
        "website": "https://www.maysles.org/",
        "events_url": "https://www.maysles.org/calendar",
        "program_label": "Current screenings",
        "schedule_type": "screening",
        "hours_label": "Open for scheduled screenings and community events",
        "admission_label": "Many screenings $15 general / $7 reduced; some community events are free",
        "visit_source": "https://www.maysles.org/calendar/feminist-elsewheres",
        "adult_price": 15,
        "student_price": 7,
        "visit_checked": "2026-08-01",
        "public_visit_verified": true,
        "data_checked": "2026-08-01",
        "source_note": "Public venue profile checked against the venue's official website and NYC DCLA's public admission guide where listed.",
        "nearest_station": "125 St",
        "nearest_station_routes": "2 3",
        "nearest_station_ada": 0,
        "nearest_station_gtfs_id": "225",
        "station_walk_estimate_m": 230.4
      },
      "geometry": {
        "type": "Point",
        "coordinates": [
          -73.9447708,
          40.8094222
        ]
      }
    },
    {
      "type": "Feature",
      "properties": {
        "id": "ifc-center",
        "name": "IFC Center",
        "category": "Film & Media",
        "venue_type": "Independent cinema",
        "borough": "Manhattan",
        "neighborhood": "Greenwich Village",
        "address": "323 Avenue of the Americas, New York, NY 10014",
        "description": "A five-screen independent cinema presenting first-run films, restorations, documentary premieres, repertory series, midnight movies, and filmmaker conversations.",
        "website": "https://www.ifccenter.com/",
        "events_url": "https://www.ifccenter.com/films/",
        "program_label": "Today's showtimes",
        "schedule_type": "screening",
        "hours_label": "Open daily; box office opens 15 minutes before the first screening",
        "admission_label": "$18 standard; $15 senior or child before online fees",
        "adult_price": 18,
        "student_price": 18,
        "visit_source": "https://www.ifccenter.com/faq/",
        "screening_times": {
          "2026-08-01": [
            "10:35",
            "10:40",
            "11:00",
            "11:05",
            "12:35",
            "12:45",
            "13:15",
            "13:30",
            "14:40",
            "14:50",
            "15:30",
            "15:55",
            "16:00",
            "16:35",
            "17:50",
            "18:05",
            "18:30",
            "18:45",
            "18:50",
            "19:35",
            "20:45",
            "21:00",
            "21:20",
            "21:40",
            "21:50",
            "23:05",
            "23:20",
            "23:55",
            "23:59"
          ]
        },
        "screening_source": "https://www.ifccenter.com/",
        "visit_checked": "2026-08-01",
        "public_visit_verified": true,
        "data_checked": "2026-08-01",
        "source_note": "Public venue profile checked against the venue's official website and NYC DCLA's public admission guide where listed.",
        "nearest_station": "W 4 St-Wash Sq",
        "nearest_station_routes": "A C E",
        "nearest_station_ada": 1,
        "nearest_station_gtfs_id": "A32",
        "station_walk_estimate_m": 195.7
      },
      "geometry": {
        "type": "Point",
        "coordinates": [
          -74.00165,
          40.73113
        ]
      }
    },
    {
      "type": "Feature",
      "properties": {
        "id": "angelika-film-center",
        "name": "Angelika Film Center",
        "category": "Film & Media",
        "venue_type": "Independent cinema",
        "borough": "Manhattan",
        "neighborhood": "NoHo",
        "address": "18 West Houston Street, New York, NY 10012",
        "description": "A downtown cinema known for independent, international, and specialty releases, with filmmaker events and a cafe above the theaters.",
        "website": "https://angelikafilmcenter.com/nyc",
        "events_url": "https://angelikafilmcenter.com/nyc/showtimes-and-tickets/",
        "program_label": "Today's showtimes",
        "schedule_type": "screening",
        "hours_label": "Open for daily screenings; first and last showtimes vary",
        "admission_label": "Price shown by screening; member tickets are 50% off Tuesdays",
        "visit_source": "https://angelikafilmcenter.com/nyc/showtimes-and-tickets/",
        "visit_checked": "2026-08-01",
        "public_visit_verified": true,
        "data_checked": "2026-08-01",
        "source_note": "Public venue profile checked against the venue's official website and NYC DCLA's public admission guide where listed.",
        "nearest_station": "Broadway-Lafayette St",
        "nearest_station_routes": "B D F M",
        "nearest_station_ada": 1,
        "nearest_station_gtfs_id": "D21",
        "station_walk_estimate_m": 134.4
      },
      "geometry": {
        "type": "Point",
        "coordinates": [
          -73.99735,
          40.72584
        ]
      }
    },
    {
      "type": "Feature",
      "properties": {
        "id": "nitehawk-williamsburg",
        "name": "Nitehawk Cinema Williamsburg",
        "category": "Film & Media",
        "venue_type": "Independent dine-in cinema",
        "borough": "Brooklyn",
        "neighborhood": "Williamsburg",
        "address": "136 Metropolitan Avenue, Brooklyn, NY 11249",
        "description": "An independent dine-in cinema pairing first-run and repertory films with custom pre-shows, filmmaker events, and food served at reserved seats.",
        "website": "https://nitehawkcinema.com/williamsburg/",
        "events_url": "https://nitehawkcinema.com/williamsburg/",
        "program_label": "Today's showtimes",
        "schedule_type": "screening",
        "hours_label": "Open 30 minutes before the first screening; films run daily",
        "admission_label": "$18 standard; repertory and special events vary",
        "adult_price": 18,
        "student_price": 18,
        "visit_source": "https://nitehawkcinema.com/williamsburg/policies/",
        "screening_times": {
          "2026-08-01": [
            "11:00",
            "11:15",
            "11:30",
            "13:15",
            "13:30",
            "14:45",
            "16:00",
            "17:00",
            "18:00",
            "18:30",
            "20:45",
            "21:00"
          ]
        },
        "screening_source": "https://nitehawkcinema.com/williamsburg/williamsburg/2026-08/",
        "visit_checked": "2026-08-01",
        "public_visit_verified": true,
        "data_checked": "2026-08-01",
        "source_note": "Public venue profile checked against the venue's official website and NYC DCLA's public admission guide where listed.",
        "nearest_station": "Bedford Av",
        "nearest_station_routes": "L",
        "nearest_station_ada": 1,
        "nearest_station_gtfs_id": "L08",
        "station_walk_estimate_m": 577.3
      },
      "geometry": {
        "type": "Point",
        "coordinates": [
          -73.96262,
          40.71669
        ]
      }
    },
    {
      "type": "Feature",
      "properties": {
        "id": "nitehawk-prospect-park",
        "name": "Nitehawk Cinema Prospect Park",
        "category": "Film & Media",
        "venue_type": "Independent dine-in cinema",
        "borough": "Brooklyn",
        "neighborhood": "Park Slope",
        "address": "188 Prospect Park West, Brooklyn, NY 11215",
        "description": "A seven-screen neighborhood dine-in cinema showing new releases, repertory programs, family matinees, and special events in a restored movie house.",
        "website": "https://nitehawkcinema.com/prospectpark/",
        "events_url": "https://nitehawkcinema.com/prospectpark/",
        "program_label": "Today's showtimes",
        "schedule_type": "screening",
        "hours_label": "Weekdays from 30 minutes before the first screening; weekends from 11 AM",
        "admission_label": "$18 standard; repertory and special events vary",
        "adult_price": 18,
        "student_price": 18,
        "visit_source": "https://nitehawkcinema.com/prospectpark/directions-2/",
        "screening_times": {
          "2026-08-01": [
            "11:00",
            "11:15",
            "11:30",
            "12:00",
            "12:30",
            "12:45",
            "13:40",
            "13:55",
            "14:10",
            "14:25",
            "14:55",
            "15:25",
            "16:00",
            "16:15",
            "16:30",
            "17:50",
            "18:05",
            "18:20",
            "18:35",
            "18:50",
            "19:05",
            "20:00",
            "20:40",
            "21:15",
            "21:35",
            "21:50",
            "22:05",
            "22:20"
          ]
        },
        "screening_source": "https://nitehawkcinema.com/prospectpark/2026-08-01/0/",
        "visit_checked": "2026-08-01",
        "public_visit_verified": true,
        "data_checked": "2026-08-01",
        "source_note": "Public venue profile checked against the venue's official website and NYC DCLA's public admission guide where listed.",
        "nearest_station": "15 St-Prospect Park",
        "nearest_station_routes": "F G",
        "nearest_station_ada": 0,
        "nearest_station_gtfs_id": "F25",
        "station_walk_estimate_m": 105.7
      },
      "geometry": {
        "type": "Point",
        "coordinates": [
          -73.9805,
          40.66062
        ]
      }
    },
    {
      "type": "Feature",
      "properties": {
        "id": "st-anns-warehouse",
        "name": "St. Ann's Warehouse",
        "category": "Performance & Music",
        "venue_type": "International performing arts venue",
        "borough": "Brooklyn",
        "neighborhood": "DUMBO",
        "address": "45 Water Street, Brooklyn, NY 11201",
        "description": "A waterfront theater presenting international theater, music, and ambitious interdisciplinary productions inside the historic Tobacco Warehouse.",
        "website": "https://stannswarehouse.org/",
        "events_url": "https://stannswarehouse.org/",
        "program_label": "Current productions",
        "schedule_type": "event",
        "hours_label": "Open for scheduled performances; the box office opens around performance times",
        "admission_label": "Tickets are priced by production; recent mainstage tickets have started around $55",
        "visit_source": "https://stannswarehouse.org/about-st-anns-warehouse/contact-us/",
        "visit_checked": "2026-08-01",
        "public_visit_verified": true,
        "data_checked": "2026-08-01",
        "source_note": "Public venue profile checked against the venue's official website and NYC DCLA's public admission guide where listed.",
        "nearest_station": "High St",
        "nearest_station_routes": "A C",
        "nearest_station_ada": 0,
        "nearest_station_gtfs_id": "A40",
        "station_walk_estimate_m": 617.1
      },
      "geometry": {
        "type": "Point",
        "coordinates": [
          -73.992959,
          40.703665
        ]
      }
    },
    {
      "type": "Feature",
      "properties": {
        "id": "tfana-polonsky",
        "name": "Polonsky Shakespeare Center",
        "category": "Performance & Music",
        "venue_type": "Classical and contemporary theater",
        "borough": "Brooklyn",
        "neighborhood": "Fort Greene",
        "address": "262 Ashland Place, Brooklyn, NY 11217",
        "description": "Theatre for a New Audience's flexible Brooklyn home for Shakespeare, classic drama, contemporary reinterpretations, talks, and workshops.",
        "website": "https://tfana.org/",
        "events_url": "https://tfana.org/current-season",
        "program_label": "Current season",
        "schedule_type": "event",
        "hours_label": "Open for scheduled performances; will call begins one hour before curtain",
        "admission_label": "Full-price productions are commonly $95; $20 New Deal tickets for full-time students and visitors 30 or under",
        "adult_price": 95,
        "student_price": 20,
        "under_25_price": 20,
        "visit_source": "https://tfana.org/current-season/20-new-deal-tickets",
        "visit_checked": "2026-08-01",
        "public_visit_verified": true,
        "data_checked": "2026-08-01",
        "source_note": "Public venue profile checked against the venue's official website and NYC DCLA's public admission guide where listed.",
        "nearest_station": "Nevins St",
        "nearest_station_routes": "2 3 4 5",
        "nearest_station_ada": 0,
        "nearest_station_gtfs_id": "234",
        "station_walk_estimate_m": 198.7
      },
      "geometry": {
        "type": "Point",
        "coordinates": [
          -73.978796,
          40.687446
        ]
      }
    },
    {
      "type": "Feature",
      "properties": {
        "id": "brick-theater",
        "name": "The Brick",
        "category": "Performance & Music",
        "venue_type": "Artist-centered experimental theater",
        "borough": "Brooklyn",
        "neighborhood": "Williamsburg",
        "address": "579 Metropolitan Avenue, Brooklyn, NY 11211",
        "description": "A nonprofit incubator for emerging and experimental theater, dance, film, performance art, and cross-disciplinary work.",
        "website": "https://www.bricktheater.com/",
        "events_url": "https://www.bricktheater.com/",
        "program_label": "Coming up",
        "schedule_type": "event",
        "hours_label": "Open for scheduled events; doors generally open 30 minutes before curtain",
        "admission_label": "Sliding-scale and event-specific tickets; current productions commonly list $25-$50 ranges",
        "visit_source": "https://www.bricktheater.com/visit/",
        "visit_checked": "2026-08-01",
        "public_visit_verified": true,
        "data_checked": "2026-08-01",
        "source_note": "Public venue profile checked against the venue's official website and NYC DCLA's public admission guide where listed.",
        "nearest_station": "Lorimer St",
        "nearest_station_routes": "L",
        "nearest_station_ada": 1,
        "nearest_station_gtfs_id": "L10",
        "station_walk_estimate_m": 61.4
      },
      "geometry": {
        "type": "Point",
        "coordinates": [
          -73.949742,
          40.714299
        ]
      }
    },
    {
      "type": "Feature",
      "properties": {
        "id": "jack-arts",
        "name": "JACK",
        "category": "Community Arts",
        "venue_type": "Performance and community arts space",
        "borough": "Brooklyn",
        "neighborhood": "Clinton Hill",
        "address": "20 Putnam Avenue, Brooklyn, NY 11238",
        "description": "A neighborhood arts space connecting experimental performance with community organizing, conversations, music, and artist development.",
        "website": "https://www.jackny.org/",
        "events_url": "https://www.jackny.org/",
        "program_label": "What's on",
        "schedule_type": "event",
        "hours_label": "Open for scheduled performances and community programs",
        "admission_label": "Program-specific admission; recent events include free programs and $15-$20 suggested donations",
        "visit_source": "https://www.jackny.org/visit-us-1",
        "visit_checked": "2026-08-01",
        "public_visit_verified": true,
        "data_checked": "2026-08-01",
        "source_note": "Public venue profile checked against the venue's official website and NYC DCLA's public admission guide where listed.",
        "nearest_station": "Franklin Av",
        "nearest_station_routes": "C",
        "nearest_station_ada": 1,
        "nearest_station_gtfs_id": "A45",
        "station_walk_estimate_m": 448.8
      },
      "geometry": {
        "type": "Point",
        "coordinates": [
          -73.961058,
          40.682608
        ]
      }
    },
    {
      "type": "Feature",
      "properties": {
        "id": "powerhouse-arts",
        "name": "Powerhouse Arts",
        "category": "Art & Exhibitions",
        "venue_type": "Art production center and exhibition venue",
        "borough": "Brooklyn",
        "neighborhood": "Gowanus",
        "address": "322 3rd Avenue, Brooklyn, NY 11215",
        "description": "A restored power station where artists fabricate work, gather, and present large-scale public exhibitions and programs.",
        "website": "https://powerhousearts.org/",
        "events_url": "https://powerhousearts.org/calendar",
        "program_label": "Calendar",
        "schedule_type": "regular",
        "hours": {
          "mon": [
            9,
            19.5
          ],
          "tue": [
            9,
            19.5
          ],
          "wed": [
            9,
            19.5
          ],
          "thu": [
            9,
            19.5
          ],
          "fri": [
            9,
            19.5
          ],
          "sat": [
            10,
            18
          ],
          "sun": [
            10,
            18
          ]
        },
        "hours_label": "Public lobby weekdays 9 AM-7:30 PM and weekends 10 AM-6 PM; exhibition hours may differ",
        "admission_label": "Public lobby access is free; exhibitions and events list any separate admission",
        "adult_price": 0,
        "student_price": 0,
        "visit_source": "https://powerhousearts.org/visit-us",
        "visit_checked": "2026-08-01",
        "public_visit_verified": true,
        "data_checked": "2026-08-01",
        "source_note": "Public venue profile checked against the venue's official website and NYC DCLA's public admission guide where listed.",
        "nearest_station": "Union St",
        "nearest_station_routes": "R",
        "nearest_station_ada": 0,
        "nearest_station_gtfs_id": "R32",
        "station_walk_estimate_m": 552.3
      },
      "geometry": {
        "type": "Point",
        "coordinates": [
          -73.988543,
          40.676457
        ]
      }
    },
    {
      "type": "Feature",
      "properties": {
        "id": "center-for-fiction",
        "name": "The Center for Fiction",
        "category": "Design, Books & Architecture",
        "venue_type": "Literary center, bookstore, and event space",
        "borough": "Brooklyn",
        "neighborhood": "Fort Greene",
        "address": "15 Lafayette Avenue, Brooklyn, NY 11217",
        "description": "A public home for readers and writers with a bookstore, cafe, author events, reading groups, workshops, and a members' library.",
        "website": "https://centerforfiction.org/",
        "events_url": "https://centerforfiction.org/events/",
        "program_label": "Upcoming events",
        "schedule_type": "regular",
        "hours": {
          "mon": [
            9,
            20
          ],
          "tue": [
            9,
            20
          ],
          "wed": [
            9,
            20
          ],
          "thu": [
            9,
            20
          ],
          "fri": [
            9,
            20
          ],
          "sat": [
            9,
            20
          ],
          "sun": [
            9,
            20
          ]
        },
        "hours_label": "Public bookstore and cafe open daily 9 AM-8 PM; event times vary",
        "admission_label": "Public bookstore and cafe entry is free; talks and workshops list separate prices",
        "adult_price": 0,
        "student_price": 0,
        "visit_source": "https://centerforfiction.org/visit/",
        "visit_checked": "2026-08-01",
        "public_visit_verified": true,
        "data_checked": "2026-08-01",
        "source_note": "Public venue profile checked against the venue's official website and NYC DCLA's public admission guide where listed.",
        "nearest_station": "Nevins St",
        "nearest_station_routes": "2 3 4 5",
        "nearest_station_ada": 0,
        "nearest_station_gtfs_id": "234",
        "station_walk_estimate_m": 245.8
      },
      "geometry": {
        "type": "Point",
        "coordinates": [
          -73.978589,
          40.687051
        ]
      }
    },
    {
      "type": "Feature",
      "properties": {
        "id": "transit-museum",
        "name": "New York Transit Museum",
        "category": "Museums & Heritage",
        "venue_type": "Transit history museum",
        "borough": "Brooklyn",
        "neighborhood": "Downtown Brooklyn",
        "address": "99 Schermerhorn Street, Brooklyn, NY 11201",
        "description": "A museum inside a decommissioned subway station with historic train cars, transit artifacts, design history, and exhibitions about moving New York.",
        "website": "https://www.nytransitmuseum.org/",
        "events_url": "https://www.nytransitmuseum.org/programs/",
        "program_label": "Programs",
        "schedule_type": "regular",
        "hours": {
          "mon": null,
          "tue": null,
          "wed": [
            10,
            16
          ],
          "thu": [
            10,
            16
          ],
          "fri": [
            10,
            16
          ],
          "sat": [
            10,
            16
          ],
          "sun": [
            10,
            16
          ]
        },
        "hours_label": "Wednesday-Sunday 10 AM-4 PM; timed reservations are encouraged",
        "admission_label": "$10 adult / $5 senior, child, or visitor with a disability",
        "adult_price": 10,
        "student_price": 10,
        "visit_source": "https://www.nytransitmuseum.org/know-before-you-visit/",
        "visit_checked": "2026-08-01",
        "public_visit_verified": true,
        "data_checked": "2026-08-01",
        "source_note": "Public venue profile checked against the venue's official website and NYC DCLA's public admission guide where listed.",
        "nearest_station": "Borough Hall",
        "nearest_station_routes": "4 5",
        "nearest_station_ada": 1,
        "nearest_station_gtfs_id": "423",
        "station_walk_estimate_m": 210.7
      },
      "geometry": {
        "type": "Point",
        "coordinates": [
          -73.990001,
          40.690802
        ]
      }
    },
    {
      "type": "Feature",
      "properties": {
        "id": "waterfront-museum",
        "name": "Waterfront Museum",
        "category": "Museums & Heritage",
        "venue_type": "Maritime museum and performance barge",
        "borough": "Brooklyn",
        "neighborhood": "Red Hook",
        "address": "290 Conover Street, Brooklyn, NY 11231",
        "description": "A floating museum aboard a historic railroad barge interpreting New York Harbor, maritime labor, and waterfront culture through tours and performances.",
        "website": "https://waterfrontmuseum.org/",
        "events_url": "https://waterfrontmuseum.org/events/",
        "program_label": "Upcoming events",
        "schedule_type": "regular",
        "hours": {
          "mon": null,
          "tue": null,
          "wed": null,
          "thu": [
            16,
            20
          ],
          "fri": null,
          "sat": [
            13,
            17
          ],
          "sun": null
        },
        "hours_label": "Usually Thursday 4-8 PM and Saturday 1-5 PM when the barge is docked",
        "admission_label": "Free public tours; donations support the museum",
        "adult_price": 0,
        "student_price": 0,
        "visit_source": "https://waterfrontmuseum.org/",
        "visit_checked": "2026-08-01",
        "public_visit_verified": true,
        "data_checked": "2026-08-01",
        "source_note": "Public venue profile checked against the venue's official website and NYC DCLA's public admission guide where listed.",
        "nearest_station": "Smith-9 Sts",
        "nearest_station_routes": "F G",
        "nearest_station_ada": 0,
        "nearest_station_gtfs_id": "F22",
        "station_walk_estimate_m": 2237.3
      },
      "geometry": {
        "type": "Point",
        "coordinates": [
          -74.018337,
          40.675222
        ]
      }
    },
    {
      "type": "Feature",
      "properties": {
        "id": "coney-island-museum",
        "name": "Coney Island Museum",
        "category": "Museums & Heritage",
        "venue_type": "Popular culture and amusement history museum",
        "borough": "Brooklyn",
        "neighborhood": "Coney Island",
        "address": "1208 Surf Avenue, Brooklyn, NY 11224",
        "description": "A museum preserving Coney Island's amusement history, vernacular art, performers, architecture, and changing role in New York popular culture.",
        "website": "https://www.coneyislandmuseum.org/",
        "events_url": "https://www.coneyisland.com/",
        "program_label": "Coney Island calendar",
        "schedule_type": "regular",
        "hours": {
          "mon": [
            12,
            17
          ],
          "tue": null,
          "wed": null,
          "thu": null,
          "fri": [
            12,
            17
          ],
          "sat": [
            12,
            17
          ],
          "sun": [
            12,
            17
          ]
        },
        "hours_label": "Seasonal museum hours Friday-Monday 12-5 PM after July 30; special-event closures are possible",
        "admission_label": "$5 adult / $3 senior, child under 12, or resident of ZIP code 11224",
        "adult_price": 5,
        "student_price": 5,
        "ny_resident_price": 5,
        "visit_source": "https://www.coneyisland.com/visitor-information",
        "visit_checked": "2026-08-01",
        "public_visit_verified": true,
        "data_checked": "2026-08-01",
        "source_note": "Public venue profile checked against the venue's official website and NYC DCLA's public admission guide where listed.",
        "nearest_station": "Coney Island-Stillwell Av",
        "nearest_station_routes": "D F N Q",
        "nearest_station_ada": 1,
        "nearest_station_gtfs_id": "D43",
        "station_walk_estimate_m": 318.7
      },
      "geometry": {
        "type": "Point",
        "coordinates": [
          -73.979841,
          40.575235
        ]
      }
    },
    {
      "type": "Feature",
      "properties": {
        "id": "wyckoff-house",
        "name": "Wyckoff House Museum",
        "category": "Museums & Heritage",
        "venue_type": "Historic house and community farm",
        "borough": "Brooklyn",
        "neighborhood": "East Flatbush",
        "address": "5816 Clarendon Road, Brooklyn, NY 11203",
        "description": "New York City's oldest surviving house, interpreted through Dutch colonial history, migration, farming, family programs, and neighborhood events.",
        "website": "https://wyckoffmuseum.org/",
        "events_url": "https://wyckoffmuseum.org/events/",
        "program_label": "Calendar",
        "schedule_type": "regular",
        "hours": {
          "mon": null,
          "tue": null,
          "wed": null,
          "thu": null,
          "fri": null,
          "sat": [
            11,
            14
          ],
          "sun": null
        },
        "hours_label": "Drop-in house tours Saturday 11 AM-2 PM from mid-February through mid-December; grounds have broader seasonal hours",
        "admission_label": "Public house tours are free with donations welcomed",
        "adult_price": 0,
        "student_price": 0,
        "visit_source": "https://wyckoffmuseum.org/visit/",
        "visit_checked": "2026-08-01",
        "public_visit_verified": true,
        "data_checked": "2026-08-01",
        "source_note": "Public venue profile checked against the venue's official website and NYC DCLA's public admission guide where listed.",
        "nearest_station": "Canarsie-Rockaway Pkwy",
        "nearest_station_routes": "L",
        "nearest_station_ada": 1,
        "nearest_station_gtfs_id": "L29",
        "station_walk_estimate_m": 1909.2
      },
      "geometry": {
        "type": "Point",
        "coordinates": [
          -73.920784,
          40.644344
        ]
      }
    },
    {
      "type": "Feature",
      "properties": {
        "id": "kings-theatre",
        "name": "Kings Theatre",
        "category": "Performance & Music",
        "venue_type": "Historic concert and performance hall",
        "borough": "Brooklyn",
        "neighborhood": "Flatbush",
        "address": "1027 Flatbush Avenue, Brooklyn, NY 11226",
        "description": "A restored 1929 movie palace presenting concerts, comedy, dance, family shows, and touring productions for Central Brooklyn audiences.",
        "website": "https://www.kingstheatre.com/",
        "events_url": "https://www.kingstheatre.com/events/",
        "program_label": "Events",
        "schedule_type": "event",
        "hours_label": "Open for scheduled performances; event pages list door and show times",
        "admission_label": "Ticket prices vary by performer, event, and seating section",
        "visit_source": "https://www.kingstheatre.com/box-office/contact-us/",
        "visit_checked": "2026-08-01",
        "public_visit_verified": true,
        "data_checked": "2026-08-01",
        "source_note": "Public venue profile checked against the venue's official website and NYC DCLA's public admission guide where listed.",
        "nearest_station": "Beverley Rd",
        "nearest_station_routes": "Q",
        "nearest_station_ada": 0,
        "nearest_station_gtfs_id": "D29",
        "station_walk_estimate_m": 758.5
      },
      "geometry": {
        "type": "Point",
        "coordinates": [
          -73.957348,
          40.64604
        ]
      }
    },
    {
      "type": "Feature",
      "properties": {
        "id": "bargemusic-boathouse",
        "name": "Bargemusic at the Boathouse",
        "category": "Performance & Music",
        "venue_type": "Community chamber music series",
        "borough": "Brooklyn",
        "neighborhood": "Brooklyn Heights",
        "address": "Pier 5, Brooklyn Bridge Park, Brooklyn, NY 11201",
        "description": "The longtime Brooklyn chamber music series, now presented ashore at the Brooklyn Bridge Park Boathouse with intimate riverfront concerts.",
        "website": "https://www.bargemusic.org/",
        "events_url": "https://www.bargemusic.org/",
        "program_label": "Concert calendar",
        "schedule_type": "event",
        "hours_label": "Open for scheduled concerts, currently concentrated on weekend afternoons",
        "admission_label": "All announced 2026 Boathouse concerts are free",
        "adult_price": 0,
        "student_price": 0,
        "visit_source": "https://www.bargemusic.org/",
        "visit_checked": "2026-08-01",
        "public_visit_verified": true,
        "data_checked": "2026-08-01",
        "source_note": "Public venue profile checked against the venue's official website and NYC DCLA's public admission guide where listed.",
        "nearest_station": "Clark St",
        "nearest_station_routes": "2 3",
        "nearest_station_ada": 0,
        "nearest_station_gtfs_id": "231",
        "station_walk_estimate_m": 640.3
      },
      "geometry": {
        "type": "Point",
        "coordinates": [
          -73.999132,
          40.695792
        ]
      }
    },
    {
      "type": "Feature",
      "properties": {
        "id": "queens-botanical-garden",
        "name": "Queens Botanical Garden",
        "category": "Community Arts",
        "venue_type": "Botanical garden and cultural landscape",
        "borough": "Queens",
        "neighborhood": "Flushing",
        "address": "43-50 Main Street, Flushing, NY 11355",
        "description": "A multilingual community garden connecting plants, ecology, food, migration, seasonal celebrations, public art, and neighborhood culture.",
        "website": "https://queensbotanical.org/",
        "events_url": "https://queensbotanical.org/calendar/",
        "program_label": "Calendar",
        "schedule_type": "regular",
        "hours": {
          "mon": null,
          "tue": [
            8,
            18
          ],
          "wed": [
            8,
            18
          ],
          "thu": [
            8,
            18
          ],
          "fri": [
            8,
            18
          ],
          "sat": [
            8,
            18
          ],
          "sun": [
            8,
            18
          ]
        },
        "hours_label": "April-October Tuesday-Sunday 8 AM-6 PM; winter closing is 4:30 PM",
        "admission_label": "$6 adult / $4 student or senior / $2 child from April 1-December 15; free in winter",
        "adult_price": 6,
        "student_price": 4,
        "visit_source": "https://queensbotanical.org/what-to-do-see/",
        "visit_checked": "2026-08-01",
        "public_visit_verified": true,
        "data_checked": "2026-08-01",
        "source_note": "Public venue profile checked against the venue's official website and NYC DCLA's public admission guide where listed.",
        "nearest_station": "Flushing-Main St",
        "nearest_station_routes": "7",
        "nearest_station_ada": 1,
        "nearest_station_gtfs_id": "701",
        "station_walk_estimate_m": 1140.4
      },
      "geometry": {
        "type": "Point",
        "coordinates": [
          -73.827732,
          40.751085
        ]
      }
    },
    {
      "type": "Feature",
      "properties": {
        "id": "nysci",
        "name": "New York Hall of Science",
        "category": "Museums & Heritage",
        "venue_type": "Interactive science museum",
        "borough": "Queens",
        "neighborhood": "Corona",
        "address": "47-01 111th Street, Corona, NY 11368",
        "description": "An interactive science center originating at the 1964 World's Fair, with hands-on exhibitions, design challenges, films, and community learning programs.",
        "website": "https://nysci.org/",
        "events_url": "https://nysci.org/nysci-events",
        "program_label": "Calendar",
        "schedule_type": "regular",
        "hours": {
          "mon": null,
          "tue": [
            10,
            17
          ],
          "wed": [
            10,
            17
          ],
          "thu": [
            10,
            17
          ],
          "fri": [
            10,
            17
          ],
          "sat": [
            10,
            17
          ],
          "sun": [
            10,
            17
          ]
        },
        "hours_label": "Tuesday-Sunday 10 AM-5 PM, last entry 4 PM; some experiences close earlier",
        "admission_label": "$22 adult / $19 child, student, or senior; free community hours Friday 2-5 PM with same-day reservation",
        "adult_price": 22,
        "student_price": 19,
        "visit_source": "https://nysci.org/visit/",
        "visit_checked": "2026-08-01",
        "public_visit_verified": true,
        "data_checked": "2026-08-01",
        "source_note": "Public venue profile checked against the venue's official website and NYC DCLA's public admission guide where listed.",
        "nearest_station": "111 St",
        "nearest_station_routes": "7",
        "nearest_station_ada": 0,
        "nearest_station_gtfs_id": "705",
        "station_walk_estimate_m": 678.1
      },
      "geometry": {
        "type": "Point",
        "coordinates": [
          -73.851695,
          40.747359
        ]
      }
    },
    {
      "type": "Feature",
      "properties": {
        "id": "queens-theatre",
        "name": "Queens Theatre",
        "category": "Performance & Music",
        "venue_type": "Multi-stage performing arts center",
        "borough": "Queens",
        "neighborhood": "Flushing Meadows Corona Park",
        "address": "14 United Nations Avenue South, Corona, NY 11368",
        "description": "A borough-focused theater presenting diverse local, national, and international drama, dance, music, comedy, and family programs.",
        "website": "https://www.queenstheatre.org/",
        "events_url": "https://www.queenstheatre.org/",
        "program_label": "What's on",
        "schedule_type": "event",
        "hours_label": "Open for scheduled performances; box office Tuesday-Friday 12-6 PM and two hours before most events",
        "admission_label": "Tickets are priced by production; family, community, and free programs appear alongside paid performances",
        "visit_source": "https://www.queenstheatre.org/our-mission-1mrc",
        "visit_checked": "2026-08-01",
        "public_visit_verified": true,
        "data_checked": "2026-08-01",
        "source_note": "Public venue profile checked against the venue's official website and NYC DCLA's public admission guide where listed.",
        "nearest_station": "Mets-Willets Point",
        "nearest_station_routes": "7",
        "nearest_station_ada": 0,
        "nearest_station_gtfs_id": "702",
        "station_walk_estimate_m": 1373.8
      },
      "geometry": {
        "type": "Point",
        "coordinates": [
          -73.844412,
          40.744192
        ]
      }
    },
    {
      "type": "Feature",
      "properties": {
        "id": "chocolate-factory-theater",
        "name": "The Chocolate Factory Theater",
        "category": "Performance & Music",
        "venue_type": "Experimental dance and performance venue",
        "borough": "Queens",
        "neighborhood": "Long Island City",
        "address": "5-49 49th Avenue, Long Island City, NY 11101",
        "description": "An artist-founded incubator for experimental dance, theater, music, video, and interdisciplinary work created through extended residencies.",
        "website": "https://chocolatefactorytheater.org/",
        "events_url": "https://chocolatefactorytheater.org/home",
        "program_label": "Current season",
        "schedule_type": "event",
        "hours_label": "Open for scheduled performances and public programs",
        "admission_label": "Tickets are priced by performance; the venue also presents artist talks and public programs",
        "visit_source": "https://chocolatefactorytheater.org/home",
        "visit_checked": "2026-08-01",
        "public_visit_verified": true,
        "data_checked": "2026-08-01",
        "source_note": "Public venue profile checked against the venue's official website and NYC DCLA's public admission guide where listed.",
        "nearest_station": "Vernon Blvd-Jackson Av",
        "nearest_station_routes": "7",
        "nearest_station_ada": 0,
        "nearest_station_gtfs_id": "721",
        "station_walk_estimate_m": 163.7
      },
      "geometry": {
        "type": "Point",
        "coordinates": [
          -73.954326,
          40.743739
        ]
      }
    },
    {
      "type": "Feature",
      "properties": {
        "id": "thalia-spanish-theatre",
        "name": "Thalia Spanish Theatre",
        "category": "Performance & Music",
        "venue_type": "Bilingual Latino theater",
        "borough": "Queens",
        "neighborhood": "Sunnyside",
        "address": "41-17 Greenpoint Avenue, Sunnyside, NY 11104",
        "description": "A bilingual theater presenting Spanish-language and Latino drama, music, dance, and new work rooted in Queens communities.",
        "website": "https://thaliatheatre.org/",
        "events_url": "https://thaliatheatre.org/buy-tickets/",
        "program_label": "Current productions",
        "schedule_type": "event",
        "hours_label": "Open for scheduled performances; each production lists its curtain time",
        "admission_label": "Ticket prices vary by production and performance date",
        "visit_source": "https://thaliatheatre.org/buy-tickets/",
        "visit_checked": "2026-08-01",
        "public_visit_verified": true,
        "data_checked": "2026-08-01",
        "source_note": "Public venue profile checked against the venue's official website and NYC DCLA's public admission guide where listed.",
        "nearest_station": "40 St-Lowery St",
        "nearest_station_routes": "7",
        "nearest_station_ada": 0,
        "nearest_station_gtfs_id": "715",
        "station_walk_estimate_m": 454.5
      },
      "geometry": {
        "type": "Point",
        "coordinates": [
          -73.923728,
          40.740324
        ]
      }
    },
    {
      "type": "Feature",
      "properties": {
        "id": "kupferberg-center",
        "name": "Kupferberg Center for the Arts",
        "category": "Performance & Music",
        "venue_type": "College performing arts center",
        "borough": "Queens",
        "neighborhood": "Kew Gardens Hills",
        "address": "65-30 Kissena Boulevard, Flushing, NY 11367",
        "description": "Queens College's public arts center, presenting concerts, theater, dance, readings, festivals, and visual art across several campus venues.",
        "website": "https://kupferbergcenter.org/",
        "events_url": "https://kupferbergcenter.org/events/",
        "program_label": "Events",
        "schedule_type": "event",
        "hours_label": "Open for scheduled performances and exhibitions across Queens College venues",
        "admission_label": "Prices vary by event; the calendar also includes free campus and community programs",
        "visit_source": "https://kupferbergcenter.org/",
        "visit_checked": "2026-08-01",
        "public_visit_verified": true,
        "data_checked": "2026-08-01",
        "source_note": "Public venue profile checked against the venue's official website and NYC DCLA's public admission guide where listed.",
        "nearest_station": "75 Av",
        "nearest_station_routes": "E F",
        "nearest_station_ada": 0,
        "nearest_station_gtfs_id": "F07",
        "station_walk_estimate_m": 3149.4
      },
      "geometry": {
        "type": "Point",
        "coordinates": [
          -73.816162,
          40.73619
        ]
      }
    },
    {
      "type": "Feature",
      "properties": {
        "id": "king-manor-museum",
        "name": "King Manor Museum",
        "category": "Museums & Heritage",
        "venue_type": "Historic house and civic history museum",
        "borough": "Queens",
        "neighborhood": "Jamaica",
        "address": "150-03 Jamaica Avenue, Jamaica, NY 11432",
        "description": "A historic house exploring Rufus King's antislavery politics, early American life, and Jamaica's civic history through tours and public programs.",
        "website": "https://www.kingmanor.org/",
        "events_url": "https://www.kingmanor.org/",
        "program_label": "Upcoming events",
        "schedule_type": "regular",
        "hours": {
          "mon": null,
          "tue": [
            12,
            16
          ],
          "wed": [
            12,
            16
          ],
          "thu": [
            12,
            16
          ],
          "fri": [
            12,
            16
          ],
          "sat": [
            12,
            16
          ],
          "sun": null
        },
        "hours_label": "Tuesday-Saturday 12-4 PM with tours on the hour",
        "admission_label": "Suggested admission $5 general / $3 student or senior",
        "adult_price": 5,
        "student_price": 3,
        "visit_source": "https://www.kingmanor.org/",
        "visit_checked": "2026-08-01",
        "public_visit_verified": true,
        "data_checked": "2026-08-01",
        "source_note": "Public venue profile checked against the venue's official website and NYC DCLA's public admission guide where listed.",
        "nearest_station": "Jamaica Center-Parsons/Archer",
        "nearest_station_routes": "E J Z",
        "nearest_station_ada": 1,
        "nearest_station_gtfs_id": "G05",
        "station_walk_estimate_m": 294.1
      },
      "geometry": {
        "type": "Point",
        "coordinates": [
          -73.803769,
          40.703125
        ]
      }
    },
    {
      "type": "Feature",
      "properties": {
        "id": "lewis-latimer-house",
        "name": "Lewis Latimer House Museum",
        "category": "Museums & Heritage",
        "venue_type": "Black history and invention museum",
        "borough": "Queens",
        "neighborhood": "Flushing",
        "address": "34-41 137th Street, Flushing, NY 11354",
        "description": "The preserved home of African American inventor Lewis H. Latimer, connecting technology, art, writing, family history, and STEAM education.",
        "website": "https://www.lewislatimerhouse.org/",
        "events_url": "https://www.lewislatimerhouse.org/events/",
        "program_label": "Programs",
        "schedule_type": "regular",
        "hours": {
          "mon": null,
          "tue": null,
          "wed": null,
          "thu": null,
          "fri": [
            11,
            17
          ],
          "sat": [
            11,
            17
          ],
          "sun": [
            11,
            17
          ]
        },
        "hours_label": "Friday-Sunday 11 AM-5 PM",
        "admission_label": "Self-guided visits are free; guided tours $15 adult / $8 student, senior, veteran, or visitor with a disability",
        "adult_price": 0,
        "student_price": 0,
        "visit_source": "https://www.lewislatimerhouse.org/visit/",
        "visit_checked": "2026-08-01",
        "public_visit_verified": true,
        "data_checked": "2026-08-01",
        "source_note": "Public venue profile checked against the venue's official website and NYC DCLA's public admission guide where listed.",
        "nearest_station": "Flushing-Main St",
        "nearest_station_routes": "7",
        "nearest_station_ada": 1,
        "nearest_station_gtfs_id": "701",
        "station_walk_estimate_m": 941.6
      },
      "geometry": {
        "type": "Point",
        "coordinates": [
          -73.829338,
          40.766757
        ]
      }
    },
    {
      "type": "Feature",
      "properties": {
        "id": "voelker-orth-museum",
        "name": "Voelker Orth Museum",
        "category": "Museums & Heritage",
        "venue_type": "Immigrant history house and Victorian garden",
        "borough": "Queens",
        "neighborhood": "Flushing",
        "address": "149-19 38th Avenue, Flushing, NY 11354",
        "description": "An 1890s immigrant family home, bird sanctuary, and garden presenting local history, horticulture, exhibitions, workshops, and intimate performances.",
        "website": "https://www.vomuseum.org/",
        "events_url": "https://www.vomuseum.org/events-1",
        "program_label": "Upcoming programs",
        "schedule_type": "regular",
        "hours": {
          "mon": null,
          "tue": null,
          "wed": [
            13,
            16
          ],
          "thu": null,
          "fri": null,
          "sat": null,
          "sun": [
            13,
            16
          ]
        },
        "hours_label": "House tours Wednesday and Sunday 1-4 PM; garden weekdays 10 AM-4 PM and Sunday 12-4 PM",
        "admission_label": "$5 suggested donation for house tours; garden entry is free",
        "adult_price": 5,
        "student_price": 5,
        "visit_source": "https://www.vomuseum.org/hours",
        "visit_checked": "2026-08-01",
        "public_visit_verified": true,
        "data_checked": "2026-08-01",
        "source_note": "Public venue profile checked against the venue's official website and NYC DCLA's public admission guide where listed.",
        "nearest_station": "Flushing-Main St",
        "nearest_station_routes": "7",
        "nearest_station_ada": 1,
        "nearest_station_gtfs_id": "701",
        "station_walk_estimate_m": 1536.2
      },
      "geometry": {
        "type": "Point",
        "coordinates": [
          -73.816113,
          40.764696
        ]
      }
    },
    {
      "type": "Feature",
      "properties": {
        "id": "queens-farm",
        "name": "Queens County Farm Museum",
        "category": "Museums & Heritage",
        "venue_type": "Historic working farm and cultural landscape",
        "borough": "Queens",
        "neighborhood": "Glen Oaks",
        "address": "73-50 Little Neck Parkway, Queens, NY 11004",
        "description": "A 47-acre historic working farm with agricultural interpretation, heritage livestock, seasonal festivals, film nights, tours, and cultural events.",
        "website": "https://www.queensfarm.org/",
        "events_url": "https://www.queensfarm.org/events-calendar/month/",
        "program_label": "Events",
        "schedule_type": "regular",
        "hours": {
          "mon": [
            10,
            17
          ],
          "tue": [
            10,
            17
          ],
          "wed": [
            10,
            17
          ],
          "thu": [
            10,
            17
          ],
          "fri": [
            10,
            17
          ],
          "sat": [
            10,
            17
          ],
          "sun": [
            10,
            17
          ]
        },
        "hours_label": "Grounds open daily 10 AM-5 PM except listed holidays and ticketed-event changes",
        "admission_label": "Free general admission on most days; special event days may require tickets",
        "adult_price": 0,
        "student_price": 0,
        "visit_source": "https://www.queensfarm.org/visit/",
        "visit_checked": "2026-08-01",
        "public_visit_verified": true,
        "data_checked": "2026-08-01",
        "source_note": "Public venue profile checked against the venue's official website and NYC DCLA's public admission guide where listed.",
        "nearest_station": "Jamaica-179 St",
        "nearest_station_routes": "F",
        "nearest_station_ada": 1,
        "nearest_station_gtfs_id": "F01",
        "station_walk_estimate_m": 7878.4
      },
      "geometry": {
        "type": "Point",
        "coordinates": [
          -73.720186,
          40.748426
        ]
      }
    },
    {
      "type": "Feature",
      "properties": {
        "id": "knockdown-center",
        "name": "Knockdown Center",
        "category": "Performance & Music",
        "venue_type": "Large-scale music and art venue",
        "borough": "Queens",
        "neighborhood": "Maspeth",
        "address": "52-19 Flushing Avenue, Maspeth, NY 11378",
        "description": "A former industrial complex presenting live music, club programs, experimental performance, outdoor events, and large-scale contemporary art.",
        "website": "https://knockdown.center/",
        "events_url": "https://knockdown.center/",
        "program_label": "Events",
        "schedule_type": "event",
        "hours_label": "Open for scheduled events; each listing provides door and performance times",
        "admission_label": "Ticket prices vary by event and ticket tier",
        "visit_source": "https://knockdown.center/",
        "visit_checked": "2026-08-01",
        "public_visit_verified": true,
        "data_checked": "2026-08-01",
        "source_note": "Public venue profile checked against the venue's official website and NYC DCLA's public admission guide where listed.",
        "nearest_station": "Jefferson St",
        "nearest_station_routes": "L",
        "nearest_station_ada": 0,
        "nearest_station_gtfs_id": "L15",
        "station_walk_estimate_m": 1465.2
      },
      "geometry": {
        "type": "Point",
        "coordinates": [
          -73.91418,
          40.7156
        ]
      }
    },
    {
      "type": "Feature",
      "properties": {
        "id": "qed-astoria",
        "name": "Q.E.D. Astoria",
        "category": "Performance & Music",
        "venue_type": "Neighborhood comedy and variety venue",
        "borough": "Queens",
        "neighborhood": "Astoria",
        "address": "27-16 23rd Avenue, Astoria, NY 11105",
        "description": "A small neighborhood venue hosting comedy, storytelling, screenings, open mics, classes, readings, and community events almost every night.",
        "website": "https://qedastoria.com/",
        "events_url": "https://qedastoria.com/collections/shows",
        "program_label": "Calendar",
        "schedule_type": "regular",
        "hours": {
          "mon": [
            17,
            23.5
          ],
          "tue": [
            17,
            23.5
          ],
          "wed": [
            17,
            23.5
          ],
          "thu": [
            17,
            23.5
          ],
          "fri": [
            16,
            23.5
          ],
          "sat": [
            12,
            23.5
          ],
          "sun": [
            12,
            23.5
          ]
        },
        "hours_label": "Opens 5 PM Monday-Thursday, 4 PM Friday, and noon weekends; closes after the final scheduled event",
        "admission_label": "Tickets are priced by event; many small shows and open mics are low-cost",
        "visit_source": "https://qedastoria.com/pages/faqs",
        "visit_checked": "2026-08-01",
        "public_visit_verified": true,
        "data_checked": "2026-08-01",
        "source_note": "Public venue profile checked against the venue's official website and NYC DCLA's public admission guide where listed.",
        "nearest_station": "Astoria-Ditmars Blvd",
        "nearest_station_routes": "N W",
        "nearest_station_ada": 0,
        "nearest_station_gtfs_id": "R01",
        "station_walk_estimate_m": 296.9
      },
      "geometry": {
        "type": "Point",
        "coordinates": [
          -73.914942,
          40.775556
        ]
      }
    },
    {
      "type": "Feature",
      "properties": {
        "id": "secret-theatre-lic",
        "name": "The Secret Theatre",
        "category": "Performance & Music",
        "venue_type": "Independent theater and multidisciplinary arts hub",
        "borough": "Queens",
        "neighborhood": "Long Island City",
        "address": "10-10 44th Avenue, Long Island City, NY 11101",
        "description": "An independent theater and arts center combining live productions, youth training, artist studios, exhibitions, workshops, and creative development.",
        "website": "https://www.secrettheatre.com/",
        "events_url": "https://www.secrettheatre.com/",
        "program_label": "What's on",
        "schedule_type": "event",
        "hours_label": "Open for scheduled performances, classes, exhibitions, and workshops",
        "admission_label": "Tickets are priced by production; recent festival tickets have been around $25",
        "visit_source": "https://www.secrettheatre.com/",
        "visit_checked": "2026-08-01",
        "public_visit_verified": true,
        "data_checked": "2026-08-01",
        "source_note": "Public venue profile checked against the venue's official website and NYC DCLA's public admission guide where listed.",
        "nearest_station": "Court Sq-23 St",
        "nearest_station_routes": "E F",
        "nearest_station_ada": 2,
        "nearest_station_gtfs_id": "F09",
        "station_walk_estimate_m": 515.5
      },
      "geometry": {
        "type": "Point",
        "coordinates": [
          -73.950322,
          40.750018
        ]
      }
    },
    {
      "type": "Feature",
      "properties": {
        "id": "black-spectrum-theatre",
        "name": "Black Spectrum Theatre",
        "category": "Performance & Music",
        "venue_type": "Black community theater and cultural center",
        "borough": "Queens",
        "neighborhood": "St. Albans",
        "address": "177-01 Baisley Boulevard, Jamaica, NY 11434",
        "description": "A long-running Southeast Queens theater presenting Black stories through plays, concerts, films, comedy, education, and socially engaged community programs.",
        "website": "https://www.blackspectrum.com/",
        "events_url": "https://www.blackspectrum.com/",
        "program_label": "Upcoming shows",
        "schedule_type": "event",
        "hours_label": "Open for scheduled performances; box office Monday-Friday 11 AM-6 PM",
        "admission_label": "Tickets are priced by production; recent mainstage plays have been about $35",
        "visit_source": "https://www.blackspectrum.com/",
        "visit_checked": "2026-08-01",
        "public_visit_verified": true,
        "data_checked": "2026-08-01",
        "source_note": "Public venue profile checked against the venue's official website and NYC DCLA's public admission guide where listed.",
        "nearest_station": "Jamaica-179 St",
        "nearest_station_routes": "F",
        "nearest_station_ada": 1,
        "nearest_station_gtfs_id": "F01",
        "station_walk_estimate_m": 3649.3
      },
      "geometry": {
        "type": "Point",
        "coordinates": [
          -73.769464,
          40.68705
        ]
      }
    },
    {
      "type": "Feature",
      "properties": {
        "id": "gagosian-west-24",
        "name": "Gagosian West 24th Street",
        "category": "Art & Exhibitions",
        "venue_type": "Contemporary commercial gallery",
        "borough": "Manhattan",
        "neighborhood": "Chelsea",
        "address": "541 West 24th Street, New York, NY 10011",
        "description": "A major Chelsea gallery presenting ambitious exhibitions by leading modern and contemporary artists in a large column-free space.",
        "website": "https://gagosian.com/locations/541-west-24th-street-new-york/",
        "events_url": "https://gagosian.com/exhibitions/archive/?locations=541-west-24th-street-new-york",
        "program_label": "Current exhibitions",
        "schedule_type": "regular",
        "hours_label": "Monday-Friday 10 AM-6 PM",
        "adult_price": 0,
        "student_price": 0,
        "admission_label": "Free admission",
        "visit_source": "https://gagosian.com/locations/541-west-24th-street-new-york/",
        "hours": {
          "mon": [
            10,
            18
          ],
          "tue": [
            10,
            18
          ],
          "wed": [
            10,
            18
          ],
          "thu": [
            10,
            18
          ],
          "fri": [
            10,
            18
          ],
          "sat": null,
          "sun": null
        },
        "visit_checked": "2026-08-01",
        "public_visit_verified": true,
        "data_checked": "2026-08-01",
        "source_note": "Public venue profile checked against the venue's official website and NYC DCLA's public admission guide where listed.",
        "nearest_station": "23 St",
        "nearest_station_routes": "C E",
        "nearest_station_ada": 0,
        "nearest_station_gtfs_id": "A30",
        "station_walk_estimate_m": 860.4
      },
      "geometry": {
        "type": "Point",
        "coordinates": [
          -74.0054902,
          40.7492448
        ]
      }
    },
    {
      "type": "Feature",
      "properties": {
        "id": "gladstone-west-21",
        "name": "Gladstone Gallery",
        "category": "Art & Exhibitions",
        "venue_type": "Contemporary commercial gallery",
        "borough": "Manhattan",
        "neighborhood": "Chelsea",
        "address": "530 West 21st Street, New York, NY 10011",
        "description": "An international contemporary gallery known for artist-led installations and influential experimental practices.",
        "website": "https://www.gladstonegallery.com/contact",
        "events_url": "https://www.gladstonegallery.com/exhibitions",
        "program_label": "Current exhibitions",
        "schedule_type": "regular",
        "hours_label": "Monday-Friday 10 AM-6 PM",
        "adult_price": 0,
        "student_price": 0,
        "admission_label": "Free admission",
        "visit_source": "https://www.gladstonegallery.com/about/",
        "hours": {
          "mon": [
            10,
            18
          ],
          "tue": [
            10,
            18
          ],
          "wed": [
            10,
            18
          ],
          "thu": [
            10,
            18
          ],
          "fri": [
            10,
            18
          ],
          "sat": null,
          "sun": null
        },
        "visit_checked": "2026-08-01",
        "public_visit_verified": true,
        "data_checked": "2026-08-01",
        "source_note": "Public venue profile checked against the venue's official website and NYC DCLA's public admission guide where listed.",
        "nearest_station": "23 St",
        "nearest_station_routes": "C E",
        "nearest_station_ada": 0,
        "nearest_station_gtfs_id": "A30",
        "station_walk_estimate_m": 869.3
      },
      "geometry": {
        "type": "Point",
        "coordinates": [
          -74.0066777,
          40.7469471
        ]
      }
    },
    {
      "type": "Feature",
      "properties": {
        "id": "greene-naftali",
        "name": "Greene Naftali",
        "category": "Art & Exhibitions",
        "venue_type": "Contemporary commercial gallery",
        "borough": "Manhattan",
        "neighborhood": "Chelsea",
        "address": "508 West 26th Street, New York, NY 10001",
        "description": "A Chelsea gallery spanning a ground-floor space and an eighth-floor exhibition room, with a program rooted in conceptually rigorous contemporary art.",
        "website": "https://greenenaftaligallery.com/about",
        "events_url": "https://greenenaftaligallery.com/exhibitions",
        "program_label": "Current exhibitions",
        "schedule_type": "exhibition",
        "hours_label": "Open during current public exhibition hours",
        "adult_price": 0,
        "student_price": 0,
        "admission_label": "Free admission",
        "visit_source": "https://greenenaftaligallery.com/about",
        "visit_checked": "2026-08-01",
        "public_visit_verified": true,
        "data_checked": "2026-08-01",
        "source_note": "Public venue profile checked against the venue's official website and NYC DCLA's public admission guide where listed.",
        "nearest_station": "23 St",
        "nearest_station_routes": "C E",
        "nearest_station_ada": 0,
        "nearest_station_gtfs_id": "A30",
        "station_walk_estimate_m": 748.8
      },
      "geometry": {
        "type": "Point",
        "coordinates": [
          -74.0035852,
          40.7497696
        ]
      }
    },
    {
      "type": "Feature",
      "properties": {
        "id": "kasmin-west-27",
        "name": "Kasmin",
        "category": "Art & Exhibitions",
        "venue_type": "Contemporary commercial gallery",
        "borough": "Manhattan",
        "neighborhood": "Hudson Yards",
        "address": "509 West 27th Street, New York, NY 10001",
        "description": "A skylit gallery for contemporary and historical exhibitions, paired with a rooftop sculpture garden visible from the High Line.",
        "website": "https://www.kasmingallery.com/about-index/visit-us/",
        "events_url": "https://www.kasmingallery.com/exhibitions/",
        "program_label": "Current exhibitions",
        "schedule_type": "regular",
        "hours_label": "Monday-Thursday 10 AM-5 PM; Friday 10 AM-4 PM",
        "adult_price": 0,
        "student_price": 0,
        "admission_label": "Free admission",
        "visit_source": "https://www.kasmingallery.com/about-index/visit-us/",
        "hours": {
          "mon": [
            10,
            17
          ],
          "tue": [
            10,
            17
          ],
          "wed": [
            10,
            17
          ],
          "thu": [
            10,
            17
          ],
          "fri": [
            10,
            16
          ],
          "sat": null,
          "sun": null
        },
        "visit_checked": "2026-08-01",
        "public_visit_verified": true,
        "data_checked": "2026-08-01",
        "source_note": "Public venue profile checked against the venue's official website and NYC DCLA's public admission guide where listed.",
        "nearest_station": "34 St-Hudson Yards",
        "nearest_station_routes": "7",
        "nearest_station_ada": 1,
        "nearest_station_gtfs_id": "726",
        "station_walk_estimate_m": 700.8
      },
      "geometry": {
        "type": "Point",
        "coordinates": [
          -74.0029311,
          40.750597
        ]
      }
    },
    {
      "type": "Feature",
      "properties": {
        "id": "luhring-augustine-chelsea",
        "name": "Luhring Augustine Chelsea",
        "category": "Art & Exhibitions",
        "venue_type": "Contemporary commercial gallery",
        "borough": "Manhattan",
        "neighborhood": "Chelsea",
        "address": "531 West 24th Street, New York, NY 10011",
        "description": "A long-running New York gallery presenting intergenerational contemporary and historical exhibitions; the Chelsea space currently requests appointments.",
        "website": "https://www.luhringaugustine.com/contact",
        "events_url": "https://www.luhringaugustine.com/exhibitions",
        "program_label": "Current exhibitions",
        "schedule_type": "appointment",
        "hours_label": "Open by appointment; confirm before visiting",
        "adult_price": 0,
        "student_price": 0,
        "admission_label": "Free admission by appointment",
        "visit_source": "https://www.luhringaugustine.com/contact",
        "visit_checked": "2026-08-01",
        "public_visit_verified": true,
        "data_checked": "2026-08-01",
        "source_note": "Public venue profile checked against the venue's official website and NYC DCLA's public admission guide where listed.",
        "nearest_station": "23 St",
        "nearest_station_routes": "C E",
        "nearest_station_ada": 0,
        "nearest_station_gtfs_id": "A30",
        "station_walk_estimate_m": 816.3
      },
      "geometry": {
        "type": "Point",
        "coordinates": [
          -74.0050793,
          40.7491116
        ]
      }
    },
    {
      "type": "Feature",
      "properties": {
        "id": "sean-kelly-new-york",
        "name": "Sean Kelly",
        "category": "Art & Exhibitions",
        "venue_type": "Contemporary commercial gallery",
        "borough": "Manhattan",
        "neighborhood": "Hudson Yards",
        "address": "475 Tenth Avenue, New York, NY 10018",
        "description": "A large West Side gallery presenting international contemporary artists across installation, photography, sculpture, painting, and time-based media.",
        "website": "https://www.skny.com/",
        "events_url": "https://www.skny.com/exhibitions",
        "program_label": "Current exhibitions",
        "schedule_type": "regular",
        "hours_label": "Summer hours Monday-Friday 10 AM-5 PM",
        "adult_price": 0,
        "student_price": 0,
        "admission_label": "Free admission",
        "visit_source": "https://www.skny.com/news-events",
        "hours": {
          "mon": [
            10,
            17
          ],
          "tue": [
            10,
            17
          ],
          "wed": [
            10,
            17
          ],
          "thu": [
            10,
            17
          ],
          "fri": [
            10,
            17
          ],
          "sat": null,
          "sun": null
        },
        "visit_checked": "2026-08-01",
        "public_visit_verified": true,
        "data_checked": "2026-08-01",
        "source_note": "Public venue profile checked against the venue's official website and NYC DCLA's public admission guide where listed.",
        "nearest_station": "34 St-Hudson Yards",
        "nearest_station_routes": "7",
        "nearest_station_ada": 1,
        "nearest_station_gtfs_id": "726",
        "station_walk_estimate_m": 341.8
      },
      "geometry": {
        "type": "Point",
        "coordinates": [
          -73.998506,
          40.756251
        ]
      }
    },
    {
      "type": "Feature",
      "properties": {
        "id": "lehmann-maupin-chelsea",
        "name": "Lehmann Maupin",
        "category": "Art & Exhibitions",
        "venue_type": "Contemporary commercial gallery",
        "borough": "Manhattan",
        "neighborhood": "Chelsea",
        "address": "501 West 24th Street, New York, NY 10011",
        "description": "An international gallery with a multidisciplinary program and a long record of supporting artists working across cultures and media.",
        "website": "https://www.lehmannmaupin.com/about/contact",
        "events_url": "https://www.lehmannmaupin.com/exhibitions",
        "program_label": "Current exhibitions",
        "schedule_type": "regular",
        "hours_label": "Summer hours Monday-Friday 10 AM-6 PM",
        "adult_price": 0,
        "student_price": 0,
        "admission_label": "Free admission",
        "visit_source": "https://www.lehmannmaupin.com/about/contact",
        "hours": {
          "mon": [
            10,
            18
          ],
          "tue": [
            10,
            18
          ],
          "wed": [
            10,
            18
          ],
          "thu": [
            10,
            18
          ],
          "fri": [
            10,
            18
          ],
          "sat": null,
          "sun": null
        },
        "visit_checked": "2026-08-01",
        "public_visit_verified": true,
        "data_checked": "2026-08-01",
        "source_note": "Public venue profile checked against the venue's official website and NYC DCLA's public admission guide where listed.",
        "nearest_station": "23 St",
        "nearest_station_routes": "C E",
        "nearest_station_ada": 0,
        "nearest_station_gtfs_id": "A30",
        "station_walk_estimate_m": 678.3
      },
      "geometry": {
        "type": "Point",
        "coordinates": [
          -74.00385,
          40.748618
        ]
      }
    },
    {
      "type": "Feature",
      "properties": {
        "id": "marianne-boesky-chelsea",
        "name": "Marianne Boesky Gallery",
        "category": "Art & Exhibitions",
        "venue_type": "Contemporary commercial gallery",
        "borough": "Manhattan",
        "neighborhood": "Chelsea",
        "address": "507 West 24th Street, New York, NY 10011",
        "description": "A Chelsea gallery supporting emerging and established artists through painting, sculpture, installation, and research-driven exhibitions.",
        "website": "https://marianneboeskygallery.com/about/",
        "events_url": "https://marianneboeskygallery.com/exhibitions/",
        "program_label": "Current exhibitions",
        "schedule_type": "regular",
        "hours_label": "Monday-Friday 10 AM-6 PM",
        "adult_price": 0,
        "student_price": 0,
        "admission_label": "Free admission",
        "visit_source": "https://marianneboeskygallery.com/about/",
        "hours": {
          "mon": [
            10,
            18
          ],
          "tue": [
            10,
            18
          ],
          "wed": [
            10,
            18
          ],
          "thu": [
            10,
            18
          ],
          "fri": [
            10,
            18
          ],
          "sat": null,
          "sun": null
        },
        "visit_checked": "2026-08-01",
        "public_visit_verified": true,
        "data_checked": "2026-08-01",
        "source_note": "Public venue profile checked against the venue's official website and NYC DCLA's public admission guide where listed.",
        "nearest_station": "23 St",
        "nearest_station_routes": "C E",
        "nearest_station_ada": 0,
        "nearest_station_gtfs_id": "A30",
        "station_walk_estimate_m": 708.7
      },
      "geometry": {
        "type": "Point",
        "coordinates": [
          -74.004085,
          40.748771
        ]
      }
    },
    {
      "type": "Feature",
      "properties": {
        "id": "perrotin-new-york",
        "name": "Perrotin New York",
        "category": "Art & Exhibitions",
        "venue_type": "Contemporary commercial gallery",
        "borough": "Manhattan",
        "neighborhood": "Lower East Side",
        "address": "130 Orchard Street, New York, NY 10002",
        "description": "A multi-level Lower East Side gallery presenting international contemporary art alongside editions and artist publications.",
        "website": "https://www.perrotin.com/en/locations/new-york",
        "events_url": "https://www.perrotin.com/en/exhibitions",
        "program_label": "Current exhibitions",
        "schedule_type": "regular",
        "hours_label": "Monday-Friday 10 AM-6 PM",
        "adult_price": 0,
        "student_price": 0,
        "admission_label": "Free admission",
        "visit_source": "https://www.perrotin.com/en/locations/new-york",
        "hours": {
          "mon": [
            10,
            18
          ],
          "tue": [
            10,
            18
          ],
          "wed": [
            10,
            18
          ],
          "thu": [
            10,
            18
          ],
          "fri": [
            10,
            18
          ],
          "sat": null,
          "sun": null
        },
        "visit_checked": "2026-08-01",
        "public_visit_verified": true,
        "data_checked": "2026-08-01",
        "source_note": "Public venue profile checked against the venue's official website and NYC DCLA's public admission guide where listed.",
        "nearest_station": "Delancey St-Essex St",
        "nearest_station_routes": "F",
        "nearest_station_ada": 0,
        "nearest_station_gtfs_id": "F15",
        "station_walk_estimate_m": 174.9
      },
      "geometry": {
        "type": "Point",
        "coordinates": [
          -73.989314,
          40.719585
        ]
      }
    },
    {
      "type": "Feature",
      "properties": {
        "id": "uffner-liu",
        "name": "Uffner & Liu",
        "category": "Art & Exhibitions",
        "venue_type": "Contemporary commercial gallery",
        "borough": "Manhattan",
        "neighborhood": "Lower East Side",
        "address": "170 Suffolk Street, New York, NY 10002",
        "description": "A Lower East Side gallery introducing emerging and mid-career artists, with an emphasis on women and internationally rooted practices.",
        "website": "https://uffnerliu.com/contact/",
        "events_url": "https://uffnerliu.com/exhibitions/",
        "program_label": "Current exhibitions",
        "schedule_type": "regular",
        "hours_label": "Summer hours Monday-Friday 10 AM-6 PM",
        "adult_price": 0,
        "student_price": 0,
        "admission_label": "Free admission",
        "visit_source": "https://uffnerliu.com/contact/",
        "hours": {
          "mon": [
            10,
            18
          ],
          "tue": [
            10,
            18
          ],
          "wed": [
            10,
            18
          ],
          "thu": [
            10,
            18
          ],
          "fri": [
            10,
            18
          ],
          "sat": null,
          "sun": null
        },
        "visit_checked": "2026-08-01",
        "public_visit_verified": true,
        "data_checked": "2026-08-01",
        "source_note": "Public venue profile checked against the venue's official website and NYC DCLA's public admission guide where listed.",
        "nearest_station": "Delancey St-Essex St",
        "nearest_station_routes": "M J Z",
        "nearest_station_ada": 0,
        "nearest_station_gtfs_id": "M18",
        "station_walk_estimate_m": 422.9
      },
      "geometry": {
        "type": "Point",
        "coordinates": [
          -73.984836,
          40.720865
        ]
      }
    },
    {
      "type": "Feature",
      "properties": {
        "id": "cuchifritos-gallery",
        "name": "Cuchifritos Gallery + Project Space",
        "category": "Community Arts",
        "venue_type": "Nonprofit community gallery",
        "borough": "Manhattan",
        "neighborhood": "Lower East Side",
        "address": "88 Essex Street, New York, NY 10002",
        "description": "A free nonprofit gallery inside Essex Market that commissions emerging and underrepresented artists and brings experimental work into an everyday public setting.",
        "website": "https://www.artistsallianceinc.org/cuchifritos-gallery/",
        "events_url": "https://www.artistsallianceinc.org/exhibitions/",
        "program_label": "Current exhibitions",
        "schedule_type": "regular",
        "hours_label": "Wednesday-Saturday noon-6 PM",
        "adult_price": 0,
        "student_price": 0,
        "admission_label": "Free admission",
        "visit_source": "https://www.artistsallianceinc.org/exhibitions/",
        "hours": {
          "mon": null,
          "tue": null,
          "wed": [
            12,
            18
          ],
          "thu": [
            12,
            18
          ],
          "fri": [
            12,
            18
          ],
          "sat": [
            12,
            18
          ],
          "sun": null
        },
        "visit_checked": "2026-08-01",
        "public_visit_verified": true,
        "data_checked": "2026-08-01",
        "source_note": "Public venue profile checked against the venue's official website and NYC DCLA's public admission guide where listed.",
        "nearest_station": "Delancey St-Essex St",
        "nearest_station_routes": "M J Z",
        "nearest_station_ada": 0,
        "nearest_station_gtfs_id": "M18",
        "station_walk_estimate_m": 78.9
      },
      "geometry": {
        "type": "Point",
        "coordinates": [
          -73.988044,
          40.717928
        ]
      }
    },
    {
      "type": "Feature",
      "properties": {
        "id": "metropolitan-opera",
        "name": "Metropolitan Opera",
        "category": "Performance & Music",
        "venue_type": "Opera house",
        "borough": "Manhattan",
        "neighborhood": "Lincoln Square",
        "address": "30 Lincoln Center Plaza, New York, NY 10023",
        "description": "New York's principal opera house, presenting large-scale repertory and new productions with orchestra, chorus, singers, designers, and stagecraft under one roof.",
        "website": "https://www.metopera.org/",
        "events_url": "https://www.metopera.org/calendar/",
        "program_label": "Opera calendar",
        "schedule_type": "event",
        "hours_label": "Open for scheduled performances and events",
        "admission_label": "Ticket price varies by event",
        "visit_source": "https://www.metopera.org/calendar/",
        "visit_checked": "2026-08-01",
        "public_visit_verified": true,
        "data_checked": "2026-08-01",
        "source_note": "Public venue profile checked against the venue's official website and NYC DCLA's public admission guide where listed.",
        "nearest_station": "66 St-Lincoln Center",
        "nearest_station_routes": "1",
        "nearest_station_ada": 1,
        "nearest_station_gtfs_id": "124",
        "station_walk_estimate_m": 266.1
      },
      "geometry": {
        "type": "Point",
        "coordinates": [
          -73.984775,
          40.772859
        ]
      }
    },
    {
      "type": "Feature",
      "properties": {
        "id": "carnegie-hall",
        "name": "Carnegie Hall",
        "category": "Performance & Music",
        "venue_type": "Concert hall",
        "borough": "Manhattan",
        "neighborhood": "Midtown",
        "address": "881 Seventh Avenue, New York, NY 10019",
        "description": "A landmark concert complex presenting orchestras, chamber music, recitals, global traditions, experimental work, and music education across three halls.",
        "website": "https://www.carnegiehall.org/",
        "events_url": "https://www.carnegiehall.org/Calendar",
        "program_label": "Concert calendar",
        "schedule_type": "event",
        "hours_label": "Open for scheduled performances and events",
        "admission_label": "Ticket price varies by event",
        "visit_source": "https://www.carnegiehall.org/Calendar",
        "visit_checked": "2026-08-01",
        "public_visit_verified": true,
        "data_checked": "2026-08-01",
        "source_note": "Public venue profile checked against the venue's official website and NYC DCLA's public admission guide where listed.",
        "nearest_station": "57 St-7 Av",
        "nearest_station_routes": "N Q R W",
        "nearest_station_ada": 1,
        "nearest_station_gtfs_id": "R14",
        "station_walk_estimate_m": 86.6
      },
      "geometry": {
        "type": "Point",
        "coordinates": [
          -73.979914,
          40.765007
        ]
      }
    },
    {
      "type": "Feature",
      "properties": {
        "id": "david-geffen-hall",
        "name": "David Geffen Hall",
        "category": "Performance & Music",
        "venue_type": "Concert and performance hall",
        "borough": "Manhattan",
        "neighborhood": "Lincoln Square",
        "address": "10 Lincoln Center Plaza, New York, NY 10023",
        "description": "The home of the New York Philharmonic also hosts contemporary music, film, talks, and Lincoln Center programs in a redesigned public-facing hall.",
        "website": "https://www.lincolncenter.org/venue/david-geffen-hall",
        "events_url": "https://www.lincolncenter.org/venue/david-geffen-hall/v/calendar",
        "program_label": "Current calendar",
        "schedule_type": "event",
        "hours_label": "Open for scheduled performances and events",
        "admission_label": "Ticket price varies by event",
        "visit_source": "https://www.lincolncenter.org/venue/david-geffen-hall/v/calendar",
        "visit_checked": "2026-08-01",
        "public_visit_verified": true,
        "data_checked": "2026-08-01",
        "source_note": "Public venue profile checked against the venue's official website and NYC DCLA's public admission guide where listed.",
        "nearest_station": "66 St-Lincoln Center",
        "nearest_station_routes": "1",
        "nearest_station_ada": 1,
        "nearest_station_gtfs_id": "124",
        "station_walk_estimate_m": 113.9
      },
      "geometry": {
        "type": "Point",
        "coordinates": [
          -73.983019,
          40.772826
        ]
      }
    },
    {
      "type": "Feature",
      "properties": {
        "id": "new-york-city-center",
        "name": "New York City Center",
        "category": "Performance & Music",
        "venue_type": "Dance, musical theater, and performance center",
        "borough": "Manhattan",
        "neighborhood": "Midtown",
        "address": "131 West 55th Street, New York, NY 10019",
        "description": "A historic performance center known for major dance companies, musical theater revivals, artist-led series, and accessible ticket initiatives.",
        "website": "https://www.nycitycenter.org/",
        "events_url": "https://www.nycitycenter.org/events-tickets/",
        "program_label": "Current season",
        "schedule_type": "event",
        "hours_label": "Open for scheduled performances and events",
        "admission_label": "Ticket price varies by event",
        "visit_source": "https://www.nycitycenter.org/events-tickets/",
        "visit_checked": "2026-08-01",
        "public_visit_verified": true,
        "data_checked": "2026-08-01",
        "source_note": "Public venue profile checked against the venue's official website and NYC DCLA's public admission guide where listed.",
        "nearest_station": "57 St-7 Av",
        "nearest_station_routes": "N Q R W",
        "nearest_station_ada": 1,
        "nearest_station_gtfs_id": "R14",
        "station_walk_estimate_m": 160.3
      },
      "geometry": {
        "type": "Point",
        "coordinates": [
          -73.979407,
          40.763893
        ]
      }
    }
  ]
}