{
"type": "FeatureCollection",
"name": "subway_stations",
"crs": { "type": "name", "properties": { "name": "urn:ogc:def:crs:OGC:1.3:CRS84" } },
"features": [
{ "type": "Feature", "properties": { "gtfs_stop_id": "R01", "stop_name": "Astoria-Ditmars Blvd", "daytime_routes": "N W", "ada": 0, "borough": "Q", "complex_id": "1", "structure": "Elevated" }, "geometry": { "type": "Point", "coordinates": [ -73.912034, 40.775036 ] } },
{ "type": "Feature", "properties": { "gtfs_stop_id": "R03", "stop_name": "Astoria Blvd", "daytime_routes": "N W", "ada": 1, "borough": "Q", "complex_id": "2", "structure": "Elevated" }, "geometry": { "type": "Point", "coordinates": [ -73.917843, 40.770258 ] } },
{ "type": "Feature", "properties": { "gtfs_stop_id": "R04", "stop_name": "30 Av", "daytime_routes": "N W", "ada": 0, "borough": "Q", "complex_id": "3", "structure": "Elevated" }, "geometry": { "type": "Point", "coordinates": [ -73.921479, 40.766779 ] } },
{ "type": "Feature", "properties": { "gtfs_stop_id": "R05", "stop_name": "Broadway", "daytime_routes": "N W", "ada": 0, "borough": "Q", "complex_id": "4", "structure": "Elevated" }, "geometry": { "type": "Point", "coordinates": [ -73.925508, 40.76182 ] } },
{ "type": "Feature", "properties": { "gtfs_stop_id": "R06", "stop_name": "36 Av", "daytime_routes": "N W", "ada": 0, "borough": "Q", "complex_id": "5", "structure": "Elevated" }, "geometry": { "type": "Point", "coordinates": [ -73.929575, 40.756804 ] } },
{ "type": "Feature", "properties": { "gtfs_stop_id": "R08", "stop_name": "39 Av-Dutch Kills", "daytime_routes": "N W", "ada": 0, "borough": "Q", "complex_id": "6", "structure": "Elevated" }, "geometry": { "type": "Point", "coordinates": [ -73.932755, 40.752882 ] } },
{ "type": "Feature", "properties": { "gtfs_stop_id": "R11", "stop_name": "Lexington Av/59 St", "daytime_routes": "N R W", "ada": 0, "borough": "M", "complex_id": "613", "structure": "Subway" }, "geometry": { "type": "Point", "coordinates": [ -73.967258, 40.76266 ] } },
{ "type": "Feature", "properties": { "gtfs_stop_id": "R13", "stop_name": "5 Av/59 St", "daytime_routes": "N R W", "ada": 0, "borough": "M", "complex_id": "8", "structure": "Subway" }, "geometry": { "type": "Point", "coordinates": [ -73.973347, 40.764811 ] } },
{ "type": "Feature", "properties": { "gtfs_stop_id": "R14", "stop_name": "57 St-7 Av", "daytime_routes": "N Q R W", "ada": 1, "borough": "M", "complex_id": "9", "structure": "Subway" }, "geometry": { "type": "Point", "coordinates": [ -73.980658, 40.764664 ] } },
{ "type": "Feature", "properties": { "gtfs_stop_id": "R15", "stop_name": "49 St", "daytime_routes": "N R W", "ada": 2, "borough": "M", "complex_id": "10", "structure": "Subway" }, "geometry": { "type": "Point", "coordinates": [ -73.984139, 40.759901 ] } },
{ "type": "Feature", "properties": { "gtfs_stop_id": "R16", "stop_name": "Times Sq-42 St", "daytime_routes": "N Q R W", "ada": 1, "borough": "M", "complex_id": "611", "structure": "Subway" }, "geometry": { "type": "Point", "coordinates": [ -73.986754, 40.754672 ] } },
{ "type": "Feature", "properties": { "gtfs_stop_id": "R17", "stop_name": "34 St-Herald Sq", "daytime_routes": "N Q R W", "ada": 1, "borough": "M", "complex_id": "607", "structure": "Subway" }, "geometry": { "type": "Point", "coordinates": [ -73.98795, 40.749567 ] } },
{ "type": "Feature", "properties": { "gtfs_stop_id": "R18", "stop_name": "28 St", "daytime_routes": "R W", "ada": 0, "borough": "M", "complex_id": "13", "structure": "Subway" }, "geometry": { "type": "Point", "coordinates": [ -73.988691, 40.745494 ] } },
{ "type": "Feature", "properties": { "gtfs_stop_id": "R19", "stop_name": "23 St", "daytime_routes": "R W", "ada": 0, "borough": "M", "complex_id": "14", "structure": "Subway" }, "geometry": { "type": "Point", "coordinates": [ -73.989344, 40.741303 ] } },
{ "type": "Feature", "properties": { "gtfs_stop_id": "R20", "stop_name": "14 St-Union Sq", "daytime_routes": "N Q R W", "ada": 1, "borough": "M", "complex_id": "602", "structure": "Subway" }, "geometry": { "type": "Point", "coordinates": [ -73.990568, 40.735736 ] } },
{ "type": "Feature", "properties": { "gtfs_stop_id": "R21", "stop_name": "8 St-NYU", "daytime_routes": "R W", "ada": 0, "borough": "M", "complex_id": "16", "structure": "Subway" }, "geometry": { "type": "Point", "coordinates": [ -73.992629, 40.730328 ] } },
{ "type": "Feature", "properties": { "gtfs_stop_id": "R22", "stop_name": "Prince St", "daytime_routes": "R W", "ada": 0, "borough": "M", "complex_id": "17", "structure": "Subway" }, "geometry": { "type": "Point", "coordinates": [ -73.997702, 40.724329 ] } },
{ "type": "Feature", "properties": { "gtfs_stop_id": "R23", "stop_name": "Canal St", "daytime_routes": "R W", "ada": 0, "borough": "M", "complex_id": "623", "structure": "Subway" }, "geometry": { "type": "Point", "coordinates": [ -74.001775, 40.719527 ] } },
{ "type": "Feature", "properties": { "gtfs_stop_id": "Q01", "stop_name": "Canal St", "daytime_routes": "N Q", "ada": 0, "borough": "M", "complex_id": "623", "structure": "Subway" }, "geometry": { "type": "Point", "coordinates": [ -74.00046, 40.718383 ] } },
{ "type": "Feature", "properties": { "gtfs_stop_id": "R24", "stop_name": "City Hall", "daytime_routes": "R W", "ada": 0, "borough": "M", "complex_id": "20", "structure": "Subway" }, "geometry": { "type": "Point", "coordinates": [ -74.006978, 40.713282 ] } },
{ "type": "Feature", "properties": { "gtfs_stop_id": "R25", "stop_name": "Cortlandt St", "daytime_routes": "R W", "ada": 1, "borough": "M", "complex_id": "624", "structure": "Subway" }, "geometry": { "type": "Point", "coordinates": [ -74.011029, 40.710668 ] } },
{ "type": "Feature", "properties": { "gtfs_stop_id": "R26", "stop_name": "Rector St", "daytime_routes": "R W", "ada": 0, "borough": "M", "complex_id": "22", "structure": "Subway" }, "geometry": { "type": "Point", "coordinates": [ -74.013342, 40.70722 ] } },
{ "type": "Feature", "properties": { "gtfs_stop_id": "R27", "stop_name": "Whitehall St-South Ferry", "daytime_routes": "R W", "ada": 0, "borough": "M", "complex_id": "635", "structure": "Subway" }, "geometry": { "type": "Point", "coordinates": [ -74.012994, 40.703087 ] } },
{ "type": "Feature", "properties": { "gtfs_stop_id": "R28", "stop_name": "Court St", "daytime_routes": "R", "ada": 0, "borough": "Bk", "complex_id": "620", "structure": "Subway" }, "geometry": { "type": "Point", "coordinates": [ -73.991777, 40.6941 ] } },
{ "type": "Feature", "properties": { "gtfs_stop_id": "R29", "stop_name": "Jay St-MetroTech", "daytime_routes": "R", "ada": 1, "borough": "Bk", "complex_id": "636", "structure": "Subway" }, "geometry": { "type": "Point", "coordinates": [ -73.985942, 40.69218 ] } },
{ "type": "Feature", "properties": { "gtfs_stop_id": "R30", "stop_name": "DeKalb Av", "daytime_routes": "B Q R", "ada": 1, "borough": "Bk", "complex_id": "26", "structure": "Subway" }, "geometry": { "type": "Point", "coordinates": [ -73.981824, 40.690635 ] } },
{ "type": "Feature", "properties": { "gtfs_stop_id": "R31", "stop_name": "Atlantic Av-Barclays Ctr", "daytime_routes": "D N R", "ada": 1, "borough": "Bk", "complex_id": "617", "structure": "Subway" }, "geometry": { "type": "Point", "coordinates": [ -73.97881, 40.683666 ] } },
{ "type": "Feature", "properties": { "gtfs_stop_id": "R32", "stop_name": "Union St", "daytime_routes": "R", "ada": 0, "borough": "Bk", "complex_id": "28", "structure": "Subway" }, "geometry": { "type": "Point", "coordinates": [ -73.98311, 40.677316 ] } },
{ "type": "Feature", "properties": { "gtfs_stop_id": "R33", "stop_name": "4 Av-9 St", "daytime_routes": "R", "ada": 0, "borough": "Bk", "complex_id": "608", "structure": "Subway" }, "geometry": { "type": "Point", "coordinates": [ -73.988302, 40.670847 ] } },
{ "type": "Feature", "properties": { "gtfs_stop_id": "R34", "stop_name": "Prospect Av", "daytime_routes": "R", "ada": 0, "borough": "Bk", "complex_id": "30", "structure": "Subway" }, "geometry": { "type": "Point", "coordinates": [ -73.992872, 40.665414 ] } },
{ "type": "Feature", "properties": { "gtfs_stop_id": "R35", "stop_name": "25 St", "daytime_routes": "R", "ada": 0, "borough": "Bk", "complex_id": "31", "structure": "Subway" }, "geometry": { "type": "Point", "coordinates": [ -73.998091, 40.660397 ] } },
{ "type": "Feature", "properties": { "gtfs_stop_id": "R36", "stop_name": "36 St", "daytime_routes": "D N R", "ada": 0, "borough": "Bk", "complex_id": "32", "structure": "Subway" }, "geometry": { "type": "Point", "coordinates": [ -74.003549, 40.655144 ] } },
{ "type": "Feature", "properties": { "gtfs_stop_id": "R39", "stop_name": "45 St", "daytime_routes": "R", "ada": 0, "borough": "Bk", "complex_id": "33", "structure": "Subway" }, "geometry": { "type": "Point", "coordinates": [ -74.010006, 40.648939 ] } },
{ "type": "Feature", "properties": { "gtfs_stop_id": "R40", "stop_name": "53 St", "daytime_routes": "R", "ada": 0, "borough": "Bk", "complex_id": "34", "structure": "Subway" }, "geometry": { "type": "Point", "coordinates": [ -74.014034, 40.645069 ] } },
{ "type": "Feature", "properties": { "gtfs_stop_id": "R41", "stop_name": "59 St", "daytime_routes": "N R", "ada": 1, "borough": "Bk", "complex_id": "35", "structure": "Subway" }, "geometry": { "type": "Point", "coordinates": [ -74.017881, 40.641362 ] } },
{ "type": "Feature", "properties": { "gtfs_stop_id": "R42", "stop_name": "Bay Ridge Av", "daytime_routes": "R", "ada": 0, "borough": "Bk", "complex_id": "36", "structure": "Subway" }, "geometry": { "type": "Point", "coordinates": [ -74.023377, 40.634967 ] } },
{ "type": "Feature", "properties": { "gtfs_stop_id": "R43", "stop_name": "77 St", "daytime_routes": "R", "ada": 0, "borough": "Bk", "complex_id": "37", "structure": "Subway" }, "geometry": { "type": "Point", "coordinates": [ -74.02551, 40.629742 ] } },
{ "type": "Feature", "properties": { "gtfs_stop_id": "R44", "stop_name": "86 St", "daytime_routes": "R", "ada": 1, "borough": "Bk", "complex_id": "38", "structure": "Subway" }, "geometry": { "type": "Point", "coordinates": [ -74.028398, 40.622687 ] } },
{ "type": "Feature", "properties": { "gtfs_stop_id": "R45", "stop_name": "Bay Ridge-95 St", "daytime_routes": "R", "ada": 1, "borough": "Bk", "complex_id": "39", "structure": "Subway" }, "geometry": { "type": "Point", "coordinates": [ -74.030876, 40.616622 ] } },
{ "type": "Feature", "properties": { "gtfs_stop_id": "D24", "stop_name": "Atlantic Av-Barclays Ctr", "daytime_routes": "B Q", "ada": 1, "borough": "Bk", "complex_id": "617", "structure": "Subway" }, "geometry": { "type": "Point", "coordinates": [ -73.97689, 40.68446 ] } },
{ "type": "Feature", "properties": { "gtfs_stop_id": "D25", "stop_name": "7 Av", "daytime_routes": "B Q", "ada": 0, "borough": "Bk", "complex_id": "41", "structure": "Subway" }, "geometry": { "type": "Point", "coordinates": [ -73.972367, 40.67705 ] } },
{ "type": "Feature", "properties": { "gtfs_stop_id": "D26", "stop_name": "Prospect Park", "daytime_routes": "B Q S", "ada": 1, "borough": "Bk", "complex_id": "42", "structure": "Open Cut" }, "geometry": { "type": "Point", "coordinates": [ -73.962246, 40.661614 ] } },
{ "type": "Feature", "properties": { "gtfs_stop_id": "D27", "stop_name": "Parkside Av", "daytime_routes": "Q", "ada": 0, "borough": "Bk", "complex_id": "43", "structure": "Open Cut" }, "geometry": { "type": "Point", "coordinates": [ -73.961495, 40.655292 ] } },
{ "type": "Feature", "properties": { "gtfs_stop_id": "D28", "stop_name": "Church Av", "daytime_routes": "B Q", "ada": 1, "borough": "Bk", "complex_id": "44", "structure": "Open Cut" }, "geometry": { "type": "Point", "coordinates": [ -73.962982, 40.650527 ] } },
{ "type": "Feature", "properties": { "gtfs_stop_id": "D29", "stop_name": "Beverley Rd", "daytime_routes": "Q", "ada": 0, "borough": "Bk", "complex_id": "45", "structure": "Open Cut" }, "geometry": { "type": "Point", "coordinates": [ -73.964492, 40.644031 ] } },
{ "type": "Feature", "properties": { "gtfs_stop_id": "D30", "stop_name": "Cortelyou Rd", "daytime_routes": "Q", "ada": 0, "borough": "Bk", "complex_id": "46", "structure": "Open Cut" }, "geometry": { "type": "Point", "coordinates": [ -73.963891, 40.640927 ] } },
{ "type": "Feature", "properties": { "gtfs_stop_id": "D31", "stop_name": "Newkirk Plaza", "daytime_routes": "B Q", "ada": 0, "borough": "Bk", "complex_id": "47", "structure": "Open Cut" }, "geometry": { "type": "Point", "coordinates": [ -73.962793, 40.635082 ] } },
{ "type": "Feature", "properties": { "gtfs_stop_id": "D32", "stop_name": "Avenue H", "daytime_routes": "Q", "ada": 1, "borough": "Bk", "complex_id": "48", "structure": "Open Cut" }, "geometry": { "type": "Point", "coordinates": [ -73.961639, 40.62927 ] } },
{ "type": "Feature", "properties": { "gtfs_stop_id": "D33", "stop_name": "Avenue J", "daytime_routes": "Q", "ada": 0, "borough": "Bk", "complex_id": "49", "structure": "Open Cut" }, "geometry": { "type": "Point", "coordinates": [ -73.960803, 40.625039 ] } },
{ "type": "Feature", "properties": { "gtfs_stop_id": "D34", "stop_name": "Avenue M", "daytime_routes": "Q", "ada": 0, "borough": "Bk", "complex_id": "50", "structure": "Open Cut" }, "geometry": { "type": "Point", "coordinates": [ -73.959399, 40.617618 ] } },
{ "type": "Feature", "properties": { "gtfs_stop_id": "D35", "stop_name": "Kings Hwy", "daytime_routes": "B Q", "ada": 1, "borough": "Bk", "complex_id": "51", "structure": "Open Cut" }, "geometry": { "type": "Point", "coordinates": [ -73.957734, 40.60867 ] } },
{ "type": "Feature", "properties": { "gtfs_stop_id": "D37", "stop_name": "Avenue U", "daytime_routes": "Q", "ada": 0, "borough": "Bk", "complex_id": "52", "structure": "Open Cut" }, "geometry": { "type": "Point", "coordinates": [ -73.955929, 40.5993 ] } },
{ "type": "Feature", "properties": { "gtfs_stop_id": "D38", "stop_name": "Neck Rd", "daytime_routes": "Q", "ada": 0, "borough": "Bk", "complex_id": "53", "structure": "Open Cut" }, "geometry": { "type": "Point", "coordinates": [ -73.955161, 40.595246 ] } },
{ "type": "Feature", "properties": { "gtfs_stop_id": "D39", "stop_name": "Sheepshead Bay", "daytime_routes": "B Q", "ada": 1, "borough": "Bk", "complex_id": "54", "structure": "Open Cut" }, "geometry": { "type": "Point", "coordinates": [ -73.954155, 40.586896 ] } },
{ "type": "Feature", "properties": { "gtfs_stop_id": "D40", "stop_name": "Brighton Beach", "daytime_routes": "B Q", "ada": 0, "borough": "Bk", "complex_id": "55", "structure": "Elevated" }, "geometry": { "type": "Point", "coordinates": [ -73.961376, 40.577621 ] } },
{ "type": "Feature", "properties": { "gtfs_stop_id": "D41", "stop_name": "Ocean Pkwy", "daytime_routes": "Q", "ada": 0, "borough": "Bk", "complex_id": "56", "structure": "Elevated" }, "geometry": { "type": "Point", "coordinates": [ -73.968501, 40.576312 ] } },
{ "type": "Feature", "properties": { "gtfs_stop_id": "D42", "stop_name": "W 8 St-NY Aquarium", "daytime_routes": "F Q", "ada": 0, "borough": "Bk", "complex_id": "57", "structure": "Elevated" }, "geometry": { "type": "Point", "coordinates": [ -73.975939, 40.576127 ] } },
{ "type": "Feature", "properties": { "gtfs_stop_id": "D43", "stop_name": "Coney Island-Stillwell Av", "daytime_routes": "D F N Q", "ada": 1, "borough": "Bk", "complex_id": "58", "structure": "Viaduct" }, "geometry": { "type": "Point", "coordinates": [ -73.981233, 40.577422 ] } },
{ "type": "Feature", "properties": { "gtfs_stop_id": "B12", "stop_name": "9 Av", "daytime_routes": "D", "ada": 0, "borough": "Bk", "complex_id": "59", "structure": "Open Cut" }, "geometry": { "type": "Point", "coordinates": [ -73.994324, 40.646292 ] } },
{ "type": "Feature", "properties": { "gtfs_stop_id": "B13", "stop_name": "Fort Hamilton Pkwy", "daytime_routes": "D", "ada": 0, "borough": "Bk", "complex_id": "60", "structure": "Elevated" }, "geometry": { "type": "Point", "coordinates": [ -73.994304, 40.640914 ] } },
{ "type": "Feature", "properties": { "gtfs_stop_id": "B14", "stop_name": "50 St", "daytime_routes": "D", "ada": 0, "borough": "Bk", "complex_id": "61", "structure": "Elevated" }, "geometry": { "type": "Point", "coordinates": [ -73.994791, 40.63626 ] } },
{ "type": "Feature", "properties": { "gtfs_stop_id": "B15", "stop_name": "55 St", "daytime_routes": "D", "ada": 0, "borough": "Bk", "complex_id": "62", "structure": "Elevated" }, "geometry": { "type": "Point", "coordinates": [ -73.995476, 40.631435 ] } },
{ "type": "Feature", "properties": { "gtfs_stop_id": "B16", "stop_name": "62 St", "daytime_routes": "D", "ada": 1, "borough": "Bk", "complex_id": "615", "structure": "Elevated" }, "geometry": { "type": "Point", "coordinates": [ -73.996895, 40.626472 ] } },
{ "type": "Feature", "properties": { "gtfs_stop_id": "B17", "stop_name": "71 St", "daytime_routes": "D", "ada": 0, "borough": "Bk", "complex_id": "64", "structure": "Elevated" }, "geometry": { "type": "Point", "coordinates": [ -73.998864, 40.619589 ] } },
{ "type": "Feature", "properties": { "gtfs_stop_id": "B18", "stop_name": "79 St", "daytime_routes": "D", "ada": 0, "borough": "Bk", "complex_id": "65", "structure": "Elevated" }, "geometry": { "type": "Point", "coordinates": [ -74.00061, 40.613501 ] } },
{ "type": "Feature", "properties": { "gtfs_stop_id": "B19", "stop_name": "18 Av", "daytime_routes": "D", "ada": 0, "borough": "Bk", "complex_id": "66", "structure": "Elevated" }, "geometry": { "type": "Point", "coordinates": [ -74.001736, 40.607954 ] } },
{ "type": "Feature", "properties": { "gtfs_stop_id": "B20", "stop_name": "20 Av", "daytime_routes": "D", "ada": 0, "borough": "Bk", "complex_id": "67", "structure": "Elevated" }, "geometry": { "type": "Point", "coordinates": [ -73.998168, 40.604556 ] } },
{ "type": "Feature", "properties": { "gtfs_stop_id": "B21", "stop_name": "Bay Pkwy", "daytime_routes": "D", "ada": 1, "borough": "Bk", "complex_id": "68", "structure": "Elevated" }, "geometry": { "type": "Point", "coordinates": [ -73.993728, 40.601875 ] } },
{ "type": "Feature", "properties": { "gtfs_stop_id": "B22", "stop_name": "25 Av", "daytime_routes": "D", "ada": 0, "borough": "Bk", "complex_id": "69", "structure": "Elevated" }, "geometry": { "type": "Point", "coordinates": [ -73.986829, 40.597704 ] } },
{ "type": "Feature", "properties": { "gtfs_stop_id": "B23", "stop_name": "Bay 50 St", "daytime_routes": "D", "ada": 0, "borough": "Bk", "complex_id": "70", "structure": "Elevated" }, "geometry": { "type": "Point", "coordinates": [ -73.983765, 40.588841 ] } },
{ "type": "Feature", "properties": { "gtfs_stop_id": "N02", "stop_name": "8 Av", "daytime_routes": "N", "ada": 1, "borough": "Bk", "complex_id": "71", "structure": "Open Cut" }, "geometry": { "type": "Point", "coordinates": [ -74.011719, 40.635064 ] } },
{ "type": "Feature", "properties": { "gtfs_stop_id": "N03", "stop_name": "Fort Hamilton Pkwy", "daytime_routes": "N", "ada": 0, "borough": "Bk", "complex_id": "72", "structure": "Open Cut" }, "geometry": { "type": "Point", "coordinates": [ -74.005351, 40.631386 ] } },
{ "type": "Feature", "properties": { "gtfs_stop_id": "N04", "stop_name": "New Utrecht Av", "daytime_routes": "N", "ada": 1, "borough": "Bk", "complex_id": "615", "structure": "Open Cut" }, "geometry": { "type": "Point", "coordinates": [ -73.996353, 40.624842 ] } },
{ "type": "Feature", "properties": { "gtfs_stop_id": "N05", "stop_name": "18 Av", "daytime_routes": "N", "ada": 0, "borough": "Bk", "complex_id": "74", "structure": "Open Cut" }, "geometry": { "type": "Point", "coordinates": [ -73.990414, 40.620671 ] } },
{ "type": "Feature", "properties": { "gtfs_stop_id": "N06", "stop_name": "20 Av", "daytime_routes": "N", "ada": 0, "borough": "Bk", "complex_id": "75", "structure": "Open Cut" }, "geometry": { "type": "Point", "coordinates": [ -73.985026, 40.61741 ] } },
{ "type": "Feature", "properties": { "gtfs_stop_id": "N07", "stop_name": "Bay Pkwy", "daytime_routes": "N", "ada": 0, "borough": "Bk", "complex_id": "76", "structure": "Open Cut" }, "geometry": { "type": "Point", "coordinates": [ -73.981848, 40.611815 ] } },
{ "type": "Feature", "properties": { "gtfs_stop_id": "N08", "stop_name": "Kings Hwy", "daytime_routes": "N", "ada": 0, "borough": "Bk", "complex_id": "77", "structure": "Open Cut" }, "geometry": { "type": "Point", "coordinates": [ -73.980353, 40.603923 ] } },
{ "type": "Feature", "properties": { "gtfs_stop_id": "N09", "stop_name": "Avenue U", "daytime_routes": "N", "ada": 0, "borough": "Bk", "complex_id": "78", "structure": "Open Cut" }, "geometry": { "type": "Point", "coordinates": [ -73.979137, 40.597473 ] } },
{ "type": "Feature", "properties": { "gtfs_stop_id": "N10", "stop_name": "86 St", "daytime_routes": "N", "ada": 0, "borough": "Bk", "complex_id": "79", "structure": "Open Cut" }, "geometry": { "type": "Point", "coordinates": [ -73.97823, 40.592721 ] } },
{ "type": "Feature", "properties": { "gtfs_stop_id": "J12", "stop_name": "121 St", "daytime_routes": "J Z", "ada": 0, "borough": "Q", "complex_id": "80", "structure": "Elevated" }, "geometry": { "type": "Point", "coordinates": [ -73.828294, 40.700492 ] } },
{ "type": "Feature", "properties": { "gtfs_stop_id": "J13", "stop_name": "111 St", "daytime_routes": "J", "ada": 0, "borough": "Q", "complex_id": "81", "structure": "Elevated" }, "geometry": { "type": "Point", "coordinates": [ -73.836345, 40.697418 ] } },
{ "type": "Feature", "properties": { "gtfs_stop_id": "J14", "stop_name": "104 St", "daytime_routes": "J Z", "ada": 0, "borough": "Q", "complex_id": "82", "structure": "Elevated" }, "geometry": { "type": "Point", "coordinates": [ -73.84433, 40.695178 ] } },
{ "type": "Feature", "properties": { "gtfs_stop_id": "J15", "stop_name": "Woodhaven Blvd", "daytime_routes": "J Z", "ada": 1, "borough": "Q", "complex_id": "83", "structure": "Elevated" }, "geometry": { "type": "Point", "coordinates": [ -73.851576, 40.693879 ] } },
{ "type": "Feature", "properties": { "gtfs_stop_id": "J16", "stop_name": "85 St-Forest Pkwy", "daytime_routes": "J", "ada": 0, "borough": "Q", "complex_id": "84", "structure": "Elevated" }, "geometry": { "type": "Point", "coordinates": [ -73.86001, 40.692435 ] } },
{ "type": "Feature", "properties": { "gtfs_stop_id": "J17", "stop_name": "75 St-Elderts Ln", "daytime_routes": "J Z", "ada": 0, "borough": "Q", "complex_id": "85", "structure": "Elevated" }, "geometry": { "type": "Point", "coordinates": [ -73.867139, 40.691324 ] } },
{ "type": "Feature", "properties": { "gtfs_stop_id": "J19", "stop_name": "Cypress Hills", "daytime_routes": "J", "ada": 0, "borough": "Bk", "complex_id": "86", "structure": "Elevated" }, "geometry": { "type": "Point", "coordinates": [ -73.87255, 40.689941 ] } },
{ "type": "Feature", "properties": { "gtfs_stop_id": "J20", "stop_name": "Crescent St", "daytime_routes": "J Z", "ada": 0, "borough": "Bk", "complex_id": "87", "structure": "Elevated" }, "geometry": { "type": "Point", "coordinates": [ -73.873785, 40.683194 ] } },
{ "type": "Feature", "properties": { "gtfs_stop_id": "J21", "stop_name": "Norwood Av", "daytime_routes": "J Z", "ada": 0, "borough": "Bk", "complex_id": "88", "structure": "Elevated" }, "geometry": { "type": "Point", "coordinates": [ -73.880039, 40.68141 ] } },
{ "type": "Feature", "properties": { "gtfs_stop_id": "J22", "stop_name": "Cleveland St", "daytime_routes": "J", "ada": 0, "borough": "Bk", "complex_id": "89", "structure": "Elevated" }, "geometry": { "type": "Point", "coordinates": [ -73.884639, 40.679947 ] } },
{ "type": "Feature", "properties": { "gtfs_stop_id": "J23", "stop_name": "Van Siclen Av", "daytime_routes": "J Z", "ada": 0, "borough": "Bk", "complex_id": "90", "structure": "Elevated" }, "geometry": { "type": "Point", "coordinates": [ -73.891688, 40.678024 ] } },
{ "type": "Feature", "properties": { "gtfs_stop_id": "J24", "stop_name": "Alabama Av", "daytime_routes": "J Z", "ada": 0, "borough": "Bk", "complex_id": "91", "structure": "Elevated" }, "geometry": { "type": "Point", "coordinates": [ -73.898654, 40.676992 ] } },
{ "type": "Feature", "properties": { "gtfs_stop_id": "J27", "stop_name": "Broadway Junction", "daytime_routes": "J Z", "ada": 0, "borough": "Bk", "complex_id": "621", "structure": "Elevated" }, "geometry": { "type": "Point", "coordinates": [ -73.904512, 40.679498 ] } },
{ "type": "Feature", "properties": { "gtfs_stop_id": "J28", "stop_name": "Chauncey St", "daytime_routes": "J Z", "ada": 0, "borough": "Bk", "complex_id": "93", "structure": "Elevated" }, "geometry": { "type": "Point", "coordinates": [ -73.910456, 40.682893 ] } },
{ "type": "Feature", "properties": { "gtfs_stop_id": "J29", "stop_name": "Halsey St", "daytime_routes": "J", "ada": 0, "borough": "Bk", "complex_id": "94", "structure": "Elevated" }, "geometry": { "type": "Point", "coordinates": [ -73.916559, 40.68637 ] } },
{ "type": "Feature", "properties": { "gtfs_stop_id": "J30", "stop_name": "Gates Av", "daytime_routes": "J Z", "ada": 0, "borough": "Bk", "complex_id": "95", "structure": "Elevated" }, "geometry": { "type": "Point", "coordinates": [ -73.92227, 40.68963 ] } },
{ "type": "Feature", "properties": { "gtfs_stop_id": "J31", "stop_name": "Kosciuszko St", "daytime_routes": "J", "ada": 0, "borough": "Bk", "complex_id": "96", "structure": "Elevated" }, "geometry": { "type": "Point", "coordinates": [ -73.928814, 40.693342 ] } },
{ "type": "Feature", "properties": { "gtfs_stop_id": "M11", "stop_name": "Myrtle Av", "daytime_routes": "M J Z", "ada": 0, "borough": "Bk", "complex_id": "97", "structure": "Elevated" }, "geometry": { "type": "Point", "coordinates": [ -73.935657, 40.697207 ] } },
{ "type": "Feature", "properties": { "gtfs_stop_id": "M12", "stop_name": "Flushing Av", "daytime_routes": "M J", "ada": 1, "borough": "Bk", "complex_id": "98", "structure": "Elevated" }, "geometry": { "type": "Point", "coordinates": [ -73.941126, 40.70026 ] } },
{ "type": "Feature", "properties": { "gtfs_stop_id": "M13", "stop_name": "Lorimer St", "daytime_routes": "M J", "ada": 0, "borough": "Bk", "complex_id": "99", "structure": "Elevated" }, "geometry": { "type": "Point", "coordinates": [ -73.947408, 40.703869 ] } },
{ "type": "Feature", "properties": { "gtfs_stop_id": "M14", "stop_name": "Hewes St", "daytime_routes": "M J", "ada": 0, "borough": "Bk", "complex_id": "100", "structure": "Elevated" }, "geometry": { "type": "Point", "coordinates": [ -73.953431, 40.70687 ] } },
{ "type": "Feature", "properties": { "gtfs_stop_id": "M16", "stop_name": "Marcy Av", "daytime_routes": "M J Z", "ada": 1, "borough": "Bk", "complex_id": "101", "structure": "Elevated" }, "geometry": { "type": "Point", "coordinates": [ -73.957757, 40.708359 ] } },
{ "type": "Feature", "properties": { "gtfs_stop_id": "M18", "stop_name": "Delancey St-Essex St", "daytime_routes": "M J Z", "ada": 0, "borough": "M", "complex_id": "625", "structure": "Subway" }, "geometry": { "type": "Point", "coordinates": [ -73.987437, 40.718315 ] } },
{ "type": "Feature", "properties": { "gtfs_stop_id": "M19", "stop_name": "Bowery", "daytime_routes": "J Z", "ada": 0, "borough": "M", "complex_id": "103", "structure": "Subway" }, "geometry": { "type": "Point", "coordinates": [ -73.993915, 40.72028 ] } },
{ "type": "Feature", "properties": { "gtfs_stop_id": "M20", "stop_name": "Canal St", "daytime_routes": "J Z", "ada": 0, "borough": "M", "complex_id": "623", "structure": "Subway" }, "geometry": { "type": "Point", "coordinates": [ -73.999892, 40.718092 ] } },
{ "type": "Feature", "properties": { "gtfs_stop_id": "M21", "stop_name": "Chambers St", "daytime_routes": "J Z", "ada": 1, "borough": "M", "complex_id": "622", "structure": "Subway" }, "geometry": { "type": "Point", "coordinates": [ -74.003401, 40.713243 ] } },
{ "type": "Feature", "properties": { "gtfs_stop_id": "M22", "stop_name": "Fulton St", "daytime_routes": "J Z", "ada": 1, "borough": "M", "complex_id": "628", "structure": "Subway" }, "geometry": { "type": "Point", "coordinates": [ -74.007582, 40.710374 ] } },
{ "type": "Feature", "properties": { "gtfs_stop_id": "M23", "stop_name": "Broad St", "daytime_routes": "J Z", "ada": 0, "borough": "M", "complex_id": "107", "structure": "Subway" }, "geometry": { "type": "Point", "coordinates": [ -74.011056, 40.706476 ] } },
{ "type": "Feature", "properties": { "gtfs_stop_id": "M01", "stop_name": "Middle Village-Metropolitan Av", "daytime_routes": "M", "ada": 1, "borough": "Q", "complex_id": "108", "structure": "Elevated" }, "geometry": { "type": "Point", "coordinates": [ -73.889601, 40.711396 ] } },
{ "type": "Feature", "properties": { "gtfs_stop_id": "M04", "stop_name": "Fresh Pond Rd", "daytime_routes": "M", "ada": 0, "borough": "Q", "complex_id": "109", "structure": "Elevated" }, "geometry": { "type": "Point", "coordinates": [ -73.895877, 40.706186 ] } },
{ "type": "Feature", "properties": { "gtfs_stop_id": "M05", "stop_name": "Forest Av", "daytime_routes": "M", "ada": 0, "borough": "Q", "complex_id": "110", "structure": "Elevated" }, "geometry": { "type": "Point", "coordinates": [ -73.903077, 40.704423 ] } },
{ "type": "Feature", "properties": { "gtfs_stop_id": "M06", "stop_name": "Seneca Av", "daytime_routes": "M", "ada": 0, "borough": "Q", "complex_id": "111", "structure": "Elevated" }, "geometry": { "type": "Point", "coordinates": [ -73.90774, 40.702762 ] } },
{ "type": "Feature", "properties": { "gtfs_stop_id": "M08", "stop_name": "Myrtle-Wyckoff Avs", "daytime_routes": "M", "ada": 1, "borough": "Bk", "complex_id": "630", "structure": "Elevated" }, "geometry": { "type": "Point", "coordinates": [ -73.912385, 40.69943 ] } },
{ "type": "Feature", "properties": { "gtfs_stop_id": "M09", "stop_name": "Knickerbocker Av", "daytime_routes": "M", "ada": 0, "borough": "Bk", "complex_id": "113", "structure": "Elevated" }, "geometry": { "type": "Point", "coordinates": [ -73.919711, 40.698664 ] } },
{ "type": "Feature", "properties": { "gtfs_stop_id": "M10", "stop_name": "Central Av", "daytime_routes": "M", "ada": 0, "borough": "Bk", "complex_id": "114", "structure": "Elevated" }, "geometry": { "type": "Point", "coordinates": [ -73.927397, 40.697857 ] } },
{ "type": "Feature", "properties": { "gtfs_stop_id": "L01", "stop_name": "8 Av", "daytime_routes": "L", "ada": 1, "borough": "M", "complex_id": "618", "structure": "Subway" }, "geometry": { "type": "Point", "coordinates": [ -74.002578, 40.739777 ] } },
{ "type": "Feature", "properties": { "gtfs_stop_id": "L02", "stop_name": "6 Av", "daytime_routes": "L", "ada": 1, "borough": "M", "complex_id": "601", "structure": "Subway" }, "geometry": { "type": "Point", "coordinates": [ -73.996786, 40.737335 ] } },
{ "type": "Feature", "properties": { "gtfs_stop_id": "L03", "stop_name": "14 St-Union Sq", "daytime_routes": "L", "ada": 1, "borough": "M", "complex_id": "602", "structure": "Subway" }, "geometry": { "type": "Point", "coordinates": [ -73.99073, 40.734789 ] } },
{ "type": "Feature", "properties": { "gtfs_stop_id": "L05", "stop_name": "3 Av", "daytime_routes": "L", "ada": 0, "borough": "M", "complex_id": "118", "structure": "Subway" }, "geometry": { "type": "Point", "coordinates": [ -73.986122, 40.732849 ] } },
{ "type": "Feature", "properties": { "gtfs_stop_id": "L06", "stop_name": "1 Av", "daytime_routes": "L", "ada": 1, "borough": "M", "complex_id": "119", "structure": "Subway" }, "geometry": { "type": "Point", "coordinates": [ -73.981628, 40.730953 ] } },
{ "type": "Feature", "properties": { "gtfs_stop_id": "L08", "stop_name": "Bedford Av", "daytime_routes": "L", "ada": 1, "borough": "Bk", "complex_id": "120", "structure": "Subway" }, "geometry": { "type": "Point", "coordinates": [ -73.956872, 40.717304 ] } },
{ "type": "Feature", "properties": { "gtfs_stop_id": "L10", "stop_name": "Lorimer St", "daytime_routes": "L", "ada": 1, "borough": "Bk", "complex_id": "629", "structure": "Subway" }, "geometry": { "type": "Point", "coordinates": [ -73.950275, 40.714063 ] } },
{ "type": "Feature", "properties": { "gtfs_stop_id": "L11", "stop_name": "Graham Av", "daytime_routes": "L", "ada": 0, "borough": "Bk", "complex_id": "122", "structure": "Subway" }, "geometry": { "type": "Point", "coordinates": [ -73.944053, 40.714565 ] } },
{ "type": "Feature", "properties": { "gtfs_stop_id": "L12", "stop_name": "Grand St", "daytime_routes": "L", "ada": 1, "borough": "Bk", "complex_id": "123", "structure": "Subway" }, "geometry": { "type": "Point", "coordinates": [ -73.94067, 40.711926 ] } },
{ "type": "Feature", "properties": { "gtfs_stop_id": "L13", "stop_name": "Montrose Av", "daytime_routes": "L", "ada": 0, "borough": "Bk", "complex_id": "124", "structure": "Subway" }, "geometry": { "type": "Point", "coordinates": [ -73.93985, 40.707739 ] } },
{ "type": "Feature", "properties": { "gtfs_stop_id": "L14", "stop_name": "Morgan Av", "daytime_routes": "L", "ada": 0, "borough": "Bk", "complex_id": "125", "structure": "Subway" }, "geometry": { "type": "Point", "coordinates": [ -73.933147, 40.706152 ] } },
{ "type": "Feature", "properties": { "gtfs_stop_id": "L15", "stop_name": "Jefferson St", "daytime_routes": "L", "ada": 0, "borough": "Bk", "complex_id": "126", "structure": "Subway" }, "geometry": { "type": "Point", "coordinates": [ -73.922913, 40.706607 ] } },
{ "type": "Feature", "properties": { "gtfs_stop_id": "L16", "stop_name": "DeKalb Av", "daytime_routes": "L", "ada": 0, "borough": "Bk", "complex_id": "127", "structure": "Subway" }, "geometry": { "type": "Point", "coordinates": [ -73.918425, 40.703811 ] } },
{ "type": "Feature", "properties": { "gtfs_stop_id": "L17", "stop_name": "Myrtle-Wyckoff Avs", "daytime_routes": "L", "ada": 1, "borough": "Bk", "complex_id": "630", "structure": "Subway" }, "geometry": { "type": "Point", "coordinates": [ -73.911586, 40.699814 ] } },
{ "type": "Feature", "properties": { "gtfs_stop_id": "L19", "stop_name": "Halsey St", "daytime_routes": "L", "ada": 0, "borough": "Q", "complex_id": "129", "structure": "Subway" }, "geometry": { "type": "Point", "coordinates": [ -73.904084, 40.695602 ] } },
{ "type": "Feature", "properties": { "gtfs_stop_id": "L20", "stop_name": "Wilson Av", "daytime_routes": "L", "ada": 2, "borough": "Bk", "complex_id": "130", "structure": "Subway" }, "geometry": { "type": "Point", "coordinates": [ -73.904046, 40.688764 ] } },
{ "type": "Feature", "properties": { "gtfs_stop_id": "L21", "stop_name": "Bushwick Av-Aberdeen St", "daytime_routes": "L", "ada": 0, "borough": "Bk", "complex_id": "131", "structure": "Subway" }, "geometry": { "type": "Point", "coordinates": [ -73.905249, 40.682829 ] } },
{ "type": "Feature", "properties": { "gtfs_stop_id": "L22", "stop_name": "Broadway Junction", "daytime_routes": "L", "ada": 0, "borough": "Bk", "complex_id": "621", "structure": "Elevated" }, "geometry": { "type": "Point", "coordinates": [ -73.90324, 40.678856 ] } },
{ "type": "Feature", "properties": { "gtfs_stop_id": "L24", "stop_name": "Atlantic Av", "daytime_routes": "L", "ada": 0, "borough": "Bk", "complex_id": "133", "structure": "Elevated" }, "geometry": { "type": "Point", "coordinates": [ -73.903097, 40.675345 ] } },
{ "type": "Feature", "properties": { "gtfs_stop_id": "L25", "stop_name": "Sutter Av", "daytime_routes": "L", "ada": 0, "borough": "Bk", "complex_id": "134", "structure": "Elevated" }, "geometry": { "type": "Point", "coordinates": [ -73.901975, 40.669367 ] } },
{ "type": "Feature", "properties": { "gtfs_stop_id": "L26", "stop_name": "Livonia Av", "daytime_routes": "L", "ada": 1, "borough": "Bk", "complex_id": "135", "structure": "Elevated" }, "geometry": { "type": "Point", "coordinates": [ -73.900571, 40.664038 ] } },
{ "type": "Feature", "properties": { "gtfs_stop_id": "L27", "stop_name": "New Lots Av", "daytime_routes": "L", "ada": 0, "borough": "Bk", "complex_id": "136", "structure": "Elevated" }, "geometry": { "type": "Point", "coordinates": [ -73.899232, 40.658733 ] } },
{ "type": "Feature", "properties": { "gtfs_stop_id": "L28", "stop_name": "East 105 St", "daytime_routes": "L", "ada": 0, "borough": "Bk", "complex_id": "137", "structure": "At Grade" }, "geometry": { "type": "Point", "coordinates": [ -73.899485, 40.650573 ] } },
{ "type": "Feature", "properties": { "gtfs_stop_id": "L29", "stop_name": "Canarsie-Rockaway Pkwy", "daytime_routes": "L", "ada": 1, "borough": "Bk", "complex_id": "138", "structure": "At Grade" }, "geometry": { "type": "Point", "coordinates": [ -73.90185, 40.646654 ] } },
{ "type": "Feature", "properties": { "gtfs_stop_id": "S01", "stop_name": "Franklin Av", "daytime_routes": "S", "ada": 1, "borough": "Bk", "complex_id": "627", "structure": "Elevated" }, "geometry": { "type": "Point", "coordinates": [ -73.955827, 40.680596 ] } },
{ "type": "Feature", "properties": { "gtfs_stop_id": "S03", "stop_name": "Park Pl", "daytime_routes": "S", "ada": 1, "borough": "Bk", "complex_id": "141", "structure": "Open Cut" }, "geometry": { "type": "Point", "coordinates": [ -73.957624, 40.674772 ] } },
{ "type": "Feature", "properties": { "gtfs_stop_id": "S04", "stop_name": "Botanic Garden", "daytime_routes": "S", "ada": 0, "borough": "Bk", "complex_id": "626", "structure": "Open Cut" }, "geometry": { "type": "Point", "coordinates": [ -73.959245, 40.670343 ] } },
{ "type": "Feature", "properties": { "gtfs_stop_id": "A02", "stop_name": "Inwood-207 St", "daytime_routes": "A", "ada": 1, "borough": "M", "complex_id": "143", "structure": "Subway" }, "geometry": { "type": "Point", "coordinates": [ -73.919899, 40.868072 ] } },
{ "type": "Feature", "properties": { "gtfs_stop_id": "A03", "stop_name": "Dyckman St", "daytime_routes": "A", "ada": 0, "borough": "M", "complex_id": "144", "structure": "Subway" }, "geometry": { "type": "Point", "coordinates": [ -73.927271, 40.865491 ] } },
{ "type": "Feature", "properties": { "gtfs_stop_id": "A05", "stop_name": "190 St", "daytime_routes": "A", "ada": 0, "borough": "M", "complex_id": "145", "structure": "Subway" }, "geometry": { "type": "Point", "coordinates": [ -73.93418, 40.859022 ] } },
{ "type": "Feature", "properties": { "gtfs_stop_id": "A06", "stop_name": "181 St", "daytime_routes": "A", "ada": 1, "borough": "M", "complex_id": "146", "structure": "Subway" }, "geometry": { "type": "Point", "coordinates": [ -73.937969, 40.851695 ] } },
{ "type": "Feature", "properties": { "gtfs_stop_id": "A07", "stop_name": "175 St", "daytime_routes": "A", "ada": 1, "borough": "M", "complex_id": "147", "structure": "Subway" }, "geometry": { "type": "Point", "coordinates": [ -73.939704, 40.847391 ] } },
{ "type": "Feature", "properties": { "gtfs_stop_id": "A09", "stop_name": "168 St", "daytime_routes": "A C", "ada": 1, "borough": "M", "complex_id": "605", "structure": "Subway" }, "geometry": { "type": "Point", "coordinates": [ -73.939561, 40.840719 ] } },
{ "type": "Feature", "properties": { "gtfs_stop_id": "A10", "stop_name": "163 St-Amsterdam Av", "daytime_routes": "C", "ada": 0, "borough": "M", "complex_id": "149", "structure": "Subway" }, "geometry": { "type": "Point", "coordinates": [ -73.939892, 40.836013 ] } },
{ "type": "Feature", "properties": { "gtfs_stop_id": "A11", "stop_name": "155 St", "daytime_routes": "C", "ada": 0, "borough": "M", "complex_id": "150", "structure": "Subway" }, "geometry": { "type": "Point", "coordinates": [ -73.941514, 40.830518 ] } },
{ "type": "Feature", "properties": { "gtfs_stop_id": "A12", "stop_name": "145 St", "daytime_routes": "A C", "ada": 0, "borough": "M", "complex_id": "151", "structure": "Subway" }, "geometry": { "type": "Point", "coordinates": [ -73.944216, 40.824783 ] } },
{ "type": "Feature", "properties": { "gtfs_stop_id": "D13", "stop_name": "145 St", "daytime_routes": "B D", "ada": 0, "borough": "M", "complex_id": "151", "structure": "Subway" }, "geometry": { "type": "Point", "coordinates": [ -73.944216, 40.824783 ] } },
{ "type": "Feature", "properties": { "gtfs_stop_id": "A14", "stop_name": "135 St", "daytime_routes": "C B", "ada": 0, "borough": "M", "complex_id": "152", "structure": "Subway" }, "geometry": { "type": "Point", "coordinates": [ -73.947649, 40.817894 ] } },
{ "type": "Feature", "properties": { "gtfs_stop_id": "A15", "stop_name": "125 St", "daytime_routes": "A C B D", "ada": 1, "borough": "M", "complex_id": "153", "structure": "Subway" }, "geometry": { "type": "Point", "coordinates": [ -73.952343, 40.811109 ] } },
{ "type": "Feature", "properties": { "gtfs_stop_id": "A16", "stop_name": "116 St", "daytime_routes": "C B", "ada": 0, "borough": "M", "complex_id": "154", "structure": "Subway" }, "geometry": { "type": "Point", "coordinates": [ -73.954882, 40.805085 ] } },
{ "type": "Feature", "properties": { "gtfs_stop_id": "A17", "stop_name": "Cathedral Pkwy (110 St)", "daytime_routes": "C B", "ada": 0, "borough": "M", "complex_id": "155", "structure": "Subway" }, "geometry": { "type": "Point", "coordinates": [ -73.958161, 40.800603 ] } },
{ "type": "Feature", "properties": { "gtfs_stop_id": "A18", "stop_name": "103 St", "daytime_routes": "C B", "ada": 0, "borough": "M", "complex_id": "156", "structure": "Subway" }, "geometry": { "type": "Point", "coordinates": [ -73.961454, 40.796092 ] } },
{ "type": "Feature", "properties": { "gtfs_stop_id": "A19", "stop_name": "96 St", "daytime_routes": "C B", "ada": 0, "borough": "M", "complex_id": "157", "structure": "Subway" }, "geometry": { "type": "Point", "coordinates": [ -73.964696, 40.791642 ] } },
{ "type": "Feature", "properties": { "gtfs_stop_id": "A20", "stop_name": "86 St", "daytime_routes": "C B", "ada": 0, "borough": "M", "complex_id": "158", "structure": "Subway" }, "geometry": { "type": "Point", "coordinates": [ -73.968916, 40.785868 ] } },
{ "type": "Feature", "properties": { "gtfs_stop_id": "A21", "stop_name": "81 St-Museum of Natural History", "daytime_routes": "C B", "ada": 0, "borough": "M", "complex_id": "159", "structure": "Subway" }, "geometry": { "type": "Point", "coordinates": [ -73.972143, 40.781433 ] } },
{ "type": "Feature", "properties": { "gtfs_stop_id": "A22", "stop_name": "72 St", "daytime_routes": "C B", "ada": 0, "borough": "M", "complex_id": "160", "structure": "Subway" }, "geometry": { "type": "Point", "coordinates": [ -73.97641, 40.775594 ] } },
{ "type": "Feature", "properties": { "gtfs_stop_id": "A24", "stop_name": "59 St-Columbus Circle", "daytime_routes": "A C B D", "ada": 1, "borough": "M", "complex_id": "614", "structure": "Subway" }, "geometry": { "type": "Point", "coordinates": [ -73.981736, 40.768296 ] } },
{ "type": "Feature", "properties": { "gtfs_stop_id": "A25", "stop_name": "50 St", "daytime_routes": "C E", "ada": 2, "borough": "M", "complex_id": "162", "structure": "Subway" }, "geometry": { "type": "Point", "coordinates": [ -73.985984, 40.762456 ] } },
{ "type": "Feature", "properties": { "gtfs_stop_id": "A27", "stop_name": "42 St-Port Authority Bus Terminal", "daytime_routes": "A C E", "ada": 1, "borough": "M", "complex_id": "611", "structure": "Subway" }, "geometry": { "type": "Point", "coordinates": [ -73.989735, 40.757308 ] } },
{ "type": "Feature", "properties": { "gtfs_stop_id": "A28", "stop_name": "34 St-Penn Station", "daytime_routes": "A C E", "ada": 1, "borough": "M", "complex_id": "164", "structure": "Subway" }, "geometry": { "type": "Point", "coordinates": [ -73.993391, 40.752287 ] } },
{ "type": "Feature", "properties": { "gtfs_stop_id": "A30", "stop_name": "23 St", "daytime_routes": "C E", "ada": 0, "borough": "M", "complex_id": "165", "structure": "Subway" }, "geometry": { "type": "Point", "coordinates": [ -73.998041, 40.745906 ] } },
{ "type": "Feature", "properties": { "gtfs_stop_id": "A31", "stop_name": "14 St", "daytime_routes": "A C E", "ada": 1, "borough": "M", "complex_id": "618", "structure": "Subway" }, "geometry": { "type": "Point", "coordinates": [ -74.00169, 40.740893 ] } },
{ "type": "Feature", "properties": { "gtfs_stop_id": "A32", "stop_name": "W 4 St-Wash Sq", "daytime_routes": "A C E", "ada": 1, "borough": "M", "complex_id": "167", "structure": "Subway" }, "geometry": { "type": "Point", "coordinates": [ -74.000495, 40.732338 ] } },
{ "type": "Feature", "properties": { "gtfs_stop_id": "D20", "stop_name": "W 4 St-Wash Sq", "daytime_routes": "B D F M", "ada": 1, "borough": "M", "complex_id": "167", "structure": "Subway" }, "geometry": { "type": "Point", "coordinates": [ -74.000495, 40.732338 ] } },
{ "type": "Feature", "properties": { "gtfs_stop_id": "A33", "stop_name": "Spring St", "daytime_routes": "C E", "ada": 2, "borough": "M", "complex_id": "168", "structure": "Subway" }, "geometry": { "type": "Point", "coordinates": [ -74.003739, 40.726227 ] } },
{ "type": "Feature", "properties": { "gtfs_stop_id": "A34", "stop_name": "Canal St", "daytime_routes": "A C E", "ada": 0, "borough": "M", "complex_id": "169", "structure": "Subway" }, "geometry": { "type": "Point", "coordinates": [ -74.005229, 40.720824 ] } },
{ "type": "Feature", "properties": { "gtfs_stop_id": "A36", "stop_name": "Chambers St", "daytime_routes": "A C", "ada": 0, "borough": "M", "complex_id": "624", "structure": "Subway" }, "geometry": { "type": "Point", "coordinates": [ -74.008585, 40.714111 ] } },
{ "type": "Feature", "properties": { "gtfs_stop_id": "E01", "stop_name": "World Trade Center", "daytime_routes": "E", "ada": 1, "borough": "M", "complex_id": "624", "structure": "Subway" }, "geometry": { "type": "Point", "coordinates": [ -74.009781, 40.712582 ] } },
{ "type": "Feature", "properties": { "gtfs_stop_id": "A38", "stop_name": "Fulton St", "daytime_routes": "A C", "ada": 1, "borough": "M", "complex_id": "628", "structure": "Subway" }, "geometry": { "type": "Point", "coordinates": [ -74.007691, 40.710197 ] } },
{ "type": "Feature", "properties": { "gtfs_stop_id": "A40", "stop_name": "High St", "daytime_routes": "A C", "ada": 0, "borough": "Bk", "complex_id": "173", "structure": "Subway" }, "geometry": { "type": "Point", "coordinates": [ -73.990531, 40.699337 ] } },
{ "type": "Feature", "properties": { "gtfs_stop_id": "A41", "stop_name": "Jay St-MetroTech", "daytime_routes": "A C F", "ada": 1, "borough": "Bk", "complex_id": "636", "structure": "Subway" }, "geometry": { "type": "Point", "coordinates": [ -73.987342, 40.692338 ] } },
{ "type": "Feature", "properties": { "gtfs_stop_id": "A42", "stop_name": "Hoyt-Schermerhorn Sts", "daytime_routes": "A C G", "ada": 0, "borough": "Bk", "complex_id": "175", "structure": "Subway" }, "geometry": { "type": "Point", "coordinates": [ -73.985001, 40.688484 ] } },
{ "type": "Feature", "properties": { "gtfs_stop_id": "A43", "stop_name": "Lafayette Av", "daytime_routes": "C", "ada": 0, "borough": "Bk", "complex_id": "176", "structure": "Subway" }, "geometry": { "type": "Point", "coordinates": [ -73.973946, 40.686113 ] } },
{ "type": "Feature", "properties": { "gtfs_stop_id": "A44", "stop_name": "Clinton-Washington Avs", "daytime_routes": "C", "ada": 0, "borough": "Bk", "complex_id": "177", "structure": "Subway" }, "geometry": { "type": "Point", "coordinates": [ -73.965838, 40.683263 ] } },
{ "type": "Feature", "properties": { "gtfs_stop_id": "A45", "stop_name": "Franklin Av", "daytime_routes": "C", "ada": 1, "borough": "Bk", "complex_id": "627", "structure": "Subway" }, "geometry": { "type": "Point", "coordinates": [ -73.956848, 40.68138 ] } },
{ "type": "Feature", "properties": { "gtfs_stop_id": "A46", "stop_name": "Nostrand Av", "daytime_routes": "A C", "ada": 0, "borough": "Bk", "complex_id": "179", "structure": "Subway" }, "geometry": { "type": "Point", "coordinates": [ -73.950426, 40.680438 ] } },
{ "type": "Feature", "properties": { "gtfs_stop_id": "A47", "stop_name": "Kingston-Throop Avs", "daytime_routes": "C", "ada": 0, "borough": "Bk", "complex_id": "180", "structure": "Subway" }, "geometry": { "type": "Point", "coordinates": [ -73.940858, 40.679921 ] } },
{ "type": "Feature", "properties": { "gtfs_stop_id": "A48", "stop_name": "Utica Av", "daytime_routes": "A C", "ada": 1, "borough": "Bk", "complex_id": "181", "structure": "Subway" }, "geometry": { "type": "Point", "coordinates": [ -73.930729, 40.679364 ] } },
{ "type": "Feature", "properties": { "gtfs_stop_id": "A49", "stop_name": "Ralph Av", "daytime_routes": "C", "ada": 0, "borough": "Bk", "complex_id": "182", "structure": "Subway" }, "geometry": { "type": "Point", "coordinates": [ -73.920786, 40.678822 ] } },
{ "type": "Feature", "properties": { "gtfs_stop_id": "A50", "stop_name": "Rockaway Av", "daytime_routes": "C", "ada": 0, "borough": "Bk", "complex_id": "183", "structure": "Subway" }, "geometry": { "type": "Point", "coordinates": [ -73.911946, 40.67834 ] } },
{ "type": "Feature", "properties": { "gtfs_stop_id": "A51", "stop_name": "Broadway Junction", "daytime_routes": "A C", "ada": 0, "borough": "Bk", "complex_id": "621", "structure": "Subway" }, "geometry": { "type": "Point", "coordinates": [ -73.905316, 40.678334 ] } },
{ "type": "Feature", "properties": { "gtfs_stop_id": "A52", "stop_name": "Liberty Av", "daytime_routes": "C", "ada": 0, "borough": "Bk", "complex_id": "185", "structure": "Subway" }, "geometry": { "type": "Point", "coordinates": [ -73.896548, 40.674542 ] } },
{ "type": "Feature", "properties": { "gtfs_stop_id": "A53", "stop_name": "Van Siclen Av", "daytime_routes": "C", "ada": 0, "borough": "Bk", "complex_id": "186", "structure": "Subway" }, "geometry": { "type": "Point", "coordinates": [ -73.890358, 40.67271 ] } },
{ "type": "Feature", "properties": { "gtfs_stop_id": "A54", "stop_name": "Shepherd Av", "daytime_routes": "C", "ada": 0, "borough": "Bk", "complex_id": "187", "structure": "Subway" }, "geometry": { "type": "Point", "coordinates": [ -73.88075, 40.67413 ] } },
{ "type": "Feature", "properties": { "gtfs_stop_id": "A55", "stop_name": "Euclid Av", "daytime_routes": "A C", "ada": 1, "borough": "Bk", "complex_id": "188", "structure": "Subway" }, "geometry": { "type": "Point", "coordinates": [ -73.872106, 40.675377 ] } },
{ "type": "Feature", "properties": { "gtfs_stop_id": "A57", "stop_name": "Grant Av", "daytime_routes": "A", "ada": 0, "borough": "Bk", "complex_id": "189", "structure": "Subway" }, "geometry": { "type": "Point", "coordinates": [ -73.86505, 40.677044 ] } },
{ "type": "Feature", "properties": { "gtfs_stop_id": "A59", "stop_name": "80 St", "daytime_routes": "A", "ada": 0, "borough": "Q", "complex_id": "190", "structure": "Elevated" }, "geometry": { "type": "Point", "coordinates": [ -73.858992, 40.679371 ] } },
{ "type": "Feature", "properties": { "gtfs_stop_id": "A60", "stop_name": "88 St", "daytime_routes": "A", "ada": 0, "borough": "Q", "complex_id": "191", "structure": "Elevated" }, "geometry": { "type": "Point", "coordinates": [ -73.85147, 40.679843 ] } },
{ "type": "Feature", "properties": { "gtfs_stop_id": "A61", "stop_name": "Rockaway Blvd", "daytime_routes": "A", "ada": 1, "borough": "Q", "complex_id": "192", "structure": "Elevated" }, "geometry": { "type": "Point", "coordinates": [ -73.843853, 40.680429 ] } },
{ "type": "Feature", "properties": { "gtfs_stop_id": "A63", "stop_name": "104 St", "daytime_routes": "A", "ada": 0, "borough": "Q", "complex_id": "193", "structure": "Elevated" }, "geometry": { "type": "Point", "coordinates": [ -73.837683, 40.681711 ] } },
{ "type": "Feature", "properties": { "gtfs_stop_id": "A64", "stop_name": "111 St", "daytime_routes": "A", "ada": 0, "borough": "Q", "complex_id": "194", "structure": "Elevated" }, "geometry": { "type": "Point", "coordinates": [ -73.832163, 40.684331 ] } },
{ "type": "Feature", "properties": { "gtfs_stop_id": "A65", "stop_name": "Ozone Park-Lefferts Blvd", "daytime_routes": "A", "ada": 1, "borough": "Q", "complex_id": "195", "structure": "Elevated" }, "geometry": { "type": "Point", "coordinates": [ -73.825798, 40.685951 ] } },
{ "type": "Feature", "properties": { "gtfs_stop_id": "H01", "stop_name": "Aqueduct Racetrack", "daytime_routes": "A", "ada": 1, "borough": "Q", "complex_id": "196", "structure": "At Grade" }, "geometry": { "type": "Point", "coordinates": [ -73.835919, 40.672097 ] } },
{ "type": "Feature", "properties": { "gtfs_stop_id": "H02", "stop_name": "Aqueduct-N Conduit Av", "daytime_routes": "A", "ada": 0, "borough": "Q", "complex_id": "197", "structure": "At Grade" }, "geometry": { "type": "Point", "coordinates": [ -73.834058, 40.668234 ] } },
{ "type": "Feature", "properties": { "gtfs_stop_id": "H03", "stop_name": "Howard Beach-JFK Airport", "daytime_routes": "A", "ada": 1, "borough": "Q", "complex_id": "198", "structure": "At Grade" }, "geometry": { "type": "Point", "coordinates": [ -73.830301, 40.660476 ] } },
{ "type": "Feature", "properties": { "gtfs_stop_id": "H04", "stop_name": "Broad Channel", "daytime_routes": "A S", "ada": 0, "borough": "Q", "complex_id": "199", "structure": "At Grade" }, "geometry": { "type": "Point", "coordinates": [ -73.815925, 40.608382 ] } },
{ "type": "Feature", "properties": { "gtfs_stop_id": "H12", "stop_name": "Beach 90 St", "daytime_routes": "A S", "ada": 0, "borough": "Q", "complex_id": "200", "structure": "Viaduct" }, "geometry": { "type": "Point", "coordinates": [ -73.813641, 40.588034 ] } },
{ "type": "Feature", "properties": { "gtfs_stop_id": "H13", "stop_name": "Beach 98 St", "daytime_routes": "A S", "ada": 0, "borough": "Q", "complex_id": "201", "structure": "Viaduct" }, "geometry": { "type": "Point", "coordinates": [ -73.820558, 40.585307 ] } },
{ "type": "Feature", "properties": { "gtfs_stop_id": "H14", "stop_name": "Beach 105 St", "daytime_routes": "A S", "ada": 0, "borough": "Q", "complex_id": "202", "structure": "Viaduct" }, "geometry": { "type": "Point", "coordinates": [ -73.827559, 40.583209 ] } },
{ "type": "Feature", "properties": { "gtfs_stop_id": "H15", "stop_name": "Rockaway Park-Beach 116 St", "daytime_routes": "A S", "ada": 1, "borough": "Q", "complex_id": "203", "structure": "At Grade" }, "geometry": { "type": "Point", "coordinates": [ -73.835592, 40.580903 ] } },
{ "type": "Feature", "properties": { "gtfs_stop_id": "H06", "stop_name": "Beach 67 St", "daytime_routes": "A", "ada": 1, "borough": "Q", "complex_id": "204", "structure": "Viaduct" }, "geometry": { "type": "Point", "coordinates": [ -73.796924, 40.590927 ] } },
{ "type": "Feature", "properties": { "gtfs_stop_id": "H07", "stop_name": "Beach 60 St", "daytime_routes": "A", "ada": 0, "borough": "Q", "complex_id": "205", "structure": "Viaduct" }, "geometry": { "type": "Point", "coordinates": [ -73.788522, 40.592374 ] } },
{ "type": "Feature", "properties": { "gtfs_stop_id": "H08", "stop_name": "Beach 44 St", "daytime_routes": "A", "ada": 0, "borough": "Q", "complex_id": "206", "structure": "Viaduct" }, "geometry": { "type": "Point", "coordinates": [ -73.776013, 40.592943 ] } },
{ "type": "Feature", "properties": { "gtfs_stop_id": "H09", "stop_name": "Beach 36 St", "daytime_routes": "A", "ada": 0, "borough": "Q", "complex_id": "207", "structure": "Viaduct" }, "geometry": { "type": "Point", "coordinates": [ -73.768175, 40.595398 ] } },
{ "type": "Feature", "properties": { "gtfs_stop_id": "H10", "stop_name": "Beach 25 St", "daytime_routes": "A", "ada": 0, "borough": "Q", "complex_id": "208", "structure": "Viaduct" }, "geometry": { "type": "Point", "coordinates": [ -73.761353, 40.600066 ] } },
{ "type": "Feature", "properties": { "gtfs_stop_id": "H11", "stop_name": "Far Rockaway-Mott Av", "daytime_routes": "A", "ada": 1, "borough": "Q", "complex_id": "209", "structure": "Viaduct" }, "geometry": { "type": "Point", "coordinates": [ -73.755405, 40.603995 ] } },
{ "type": "Feature", "properties": { "gtfs_stop_id": "D01", "stop_name": "Norwood-205 St", "daytime_routes": "D", "ada": 0, "borough": "Bx", "complex_id": "210", "structure": "Subway" }, "geometry": { "type": "Point", "coordinates": [ -73.878855, 40.874811 ] } },
{ "type": "Feature", "properties": { "gtfs_stop_id": "D03", "stop_name": "Bedford Park Blvd", "daytime_routes": "B D", "ada": 1, "borough": "Bx", "complex_id": "211", "structure": "Subway" }, "geometry": { "type": "Point", "coordinates": [ -73.887138, 40.873244 ] } },
{ "type": "Feature", "properties": { "gtfs_stop_id": "D04", "stop_name": "Kingsbridge Rd", "daytime_routes": "B D", "ada": 1, "borough": "Bx", "complex_id": "212", "structure": "Subway" }, "geometry": { "type": "Point", "coordinates": [ -73.893509, 40.866978 ] } },
{ "type": "Feature", "properties": { "gtfs_stop_id": "D05", "stop_name": "Fordham Rd", "daytime_routes": "B D", "ada": 0, "borough": "Bx", "complex_id": "213", "structure": "Subway" }, "geometry": { "type": "Point", "coordinates": [ -73.897749, 40.861296 ] } },
{ "type": "Feature", "properties": { "gtfs_stop_id": "D06", "stop_name": "182-183 Sts", "daytime_routes": "B D", "ada": 0, "borough": "Bx", "complex_id": "214", "structure": "Subway" }, "geometry": { "type": "Point", "coordinates": [ -73.900741, 40.856093 ] } },
{ "type": "Feature", "properties": { "gtfs_stop_id": "D07", "stop_name": "Tremont Av", "daytime_routes": "B D", "ada": 1, "borough": "Bx", "complex_id": "215", "structure": "Subway" }, "geometry": { "type": "Point", "coordinates": [ -73.905227, 40.85041 ] } },
{ "type": "Feature", "properties": { "gtfs_stop_id": "D08", "stop_name": "174-175 Sts", "daytime_routes": "B D", "ada": 0, "borough": "Bx", "complex_id": "216", "structure": "Subway" }, "geometry": { "type": "Point", "coordinates": [ -73.910136, 40.8459 ] } },
{ "type": "Feature", "properties": { "gtfs_stop_id": "D09", "stop_name": "170 St", "daytime_routes": "B D", "ada": 0, "borough": "Bx", "complex_id": "217", "structure": "Subway" }, "geometry": { "type": "Point", "coordinates": [ -73.9134, 40.839306 ] } },
{ "type": "Feature", "properties": { "gtfs_stop_id": "D10", "stop_name": "167 St", "daytime_routes": "B D", "ada": 0, "borough": "Bx", "complex_id": "218", "structure": "Subway" }, "geometry": { "type": "Point", "coordinates": [ -73.91844, 40.833771 ] } },
{ "type": "Feature", "properties": { "gtfs_stop_id": "D11", "stop_name": "161 St-Yankee Stadium", "daytime_routes": "B D", "ada": 1, "borough": "Bx", "complex_id": "604", "structure": "Subway" }, "geometry": { "type": "Point", "coordinates": [ -73.925651, 40.827905 ] } },
{ "type": "Feature", "properties": { "gtfs_stop_id": "D12", "stop_name": "155 St", "daytime_routes": "B D", "ada": 0, "borough": "M", "complex_id": "220", "structure": "Subway" }, "geometry": { "type": "Point", "coordinates": [ -73.938209, 40.830135 ] } },
{ "type": "Feature", "properties": { "gtfs_stop_id": "B04", "stop_name": "21 St-Queensbridge", "daytime_routes": "M", "ada": 1, "borough": "Q", "complex_id": "221", "structure": "Subway" }, "geometry": { "type": "Point", "coordinates": [ -73.942836, 40.754203 ] } },
{ "type": "Feature", "properties": { "gtfs_stop_id": "B06", "stop_name": "Roosevelt Island", "daytime_routes": "M", "ada": 1, "borough": "M", "complex_id": "222", "structure": "Subway" }, "geometry": { "type": "Point", "coordinates": [ -73.95326, 40.759145 ] } },
{ "type": "Feature", "properties": { "gtfs_stop_id": "B08", "stop_name": "Lexington Av/63 St", "daytime_routes": "M Q", "ada": 1, "borough": "M", "complex_id": "223", "structure": "Subway" }, "geometry": { "type": "Point", "coordinates": [ -73.966113, 40.764629 ] } },
{ "type": "Feature", "properties": { "gtfs_stop_id": "B10", "stop_name": "57 St", "daytime_routes": "M", "ada": 1, "borough": "M", "complex_id": "224", "structure": "Subway" }, "geometry": { "type": "Point", "coordinates": [ -73.97745, 40.763972 ] } },
{ "type": "Feature", "properties": { "gtfs_stop_id": "D15", "stop_name": "47-50 Sts-Rockefeller Ctr", "daytime_routes": "B D F M", "ada": 1, "borough": "M", "complex_id": "225", "structure": "Subway" }, "geometry": { "type": "Point", "coordinates": [ -73.981329, 40.758663 ] } },
{ "type": "Feature", "properties": { "gtfs_stop_id": "D16", "stop_name": "42 St-Bryant Pk", "daytime_routes": "B D F M", "ada": 0, "borough": "M", "complex_id": "609", "structure": "Subway" }, "geometry": { "type": "Point", "coordinates": [ -73.984569, 40.754222 ] } },
{ "type": "Feature", "properties": { "gtfs_stop_id": "D17", "stop_name": "34 St-Herald Sq", "daytime_routes": "B D F M", "ada": 1, "borough": "M", "complex_id": "607", "structure": "Subway" }, "geometry": { "type": "Point", "coordinates": [ -73.987823, 40.749719 ] } },
{ "type": "Feature", "properties": { "gtfs_stop_id": "D18", "stop_name": "23 St", "daytime_routes": "F M", "ada": 0, "borough": "M", "complex_id": "228", "structure": "Subway" }, "geometry": { "type": "Point", "coordinates": [ -73.992821, 40.742878 ] } },
{ "type": "Feature", "properties": { "gtfs_stop_id": "D19", "stop_name": "14 St", "daytime_routes": "F M", "ada": 1, "borough": "M", "complex_id": "601", "structure": "Subway" }, "geometry": { "type": "Point", "coordinates": [ -73.996209, 40.738228 ] } },
{ "type": "Feature", "properties": { "gtfs_stop_id": "D21", "stop_name": "Broadway-Lafayette St", "daytime_routes": "B D F M", "ada": 1, "borough": "M", "complex_id": "619", "structure": "Subway" }, "geometry": { "type": "Point", "coordinates": [ -73.996204, 40.725297 ] } },
{ "type": "Feature", "properties": { "gtfs_stop_id": "D22", "stop_name": "Grand St", "daytime_routes": "B D", "ada": 0, "borough": "M", "complex_id": "231", "structure": "Subway" }, "geometry": { "type": "Point", "coordinates": [ -73.993753, 40.718267 ] } },
{ "type": "Feature", "properties": { "gtfs_stop_id": "F14", "stop_name": "2 Av", "daytime_routes": "F", "ada": 0, "borough": "M", "complex_id": "232", "structure": "Subway" }, "geometry": { "type": "Point", "coordinates": [ -73.989938, 40.723402 ] } },
{ "type": "Feature", "properties": { "gtfs_stop_id": "F15", "stop_name": "Delancey St-Essex St", "daytime_routes": "F", "ada": 0, "borough": "M", "complex_id": "625", "structure": "Subway" }, "geometry": { "type": "Point", "coordinates": [ -73.988114, 40.718611 ] } },
{ "type": "Feature", "properties": { "gtfs_stop_id": "F16", "stop_name": "East Broadway", "daytime_routes": "F", "ada": 0, "borough": "M", "complex_id": "234", "structure": "Subway" }, "geometry": { "type": "Point", "coordinates": [ -73.990173, 40.713715 ] } },
{ "type": "Feature", "properties": { "gtfs_stop_id": "F18", "stop_name": "York St", "daytime_routes": "F", "ada": 0, "borough": "Bk", "complex_id": "235", "structure": "Subway" }, "geometry": { "type": "Point", "coordinates": [ -73.986751, 40.701397 ] } },
{ "type": "Feature", "properties": { "gtfs_stop_id": "F20", "stop_name": "Bergen St", "daytime_routes": "F G", "ada": 0, "borough": "Bk", "complex_id": "236", "structure": "Subway" }, "geometry": { "type": "Point", "coordinates": [ -73.990862, 40.686145 ] } },
{ "type": "Feature", "properties": { "gtfs_stop_id": "F21", "stop_name": "Carroll St", "daytime_routes": "F G", "ada": 0, "borough": "Bk", "complex_id": "237", "structure": "Subway" }, "geometry": { "type": "Point", "coordinates": [ -73.995048, 40.680303 ] } },
{ "type": "Feature", "properties": { "gtfs_stop_id": "F22", "stop_name": "Smith-9 Sts", "daytime_routes": "F G", "ada": 0, "borough": "Bk", "complex_id": "238", "structure": "Viaduct" }, "geometry": { "type": "Point", "coordinates": [ -73.995959, 40.67358 ] } },
{ "type": "Feature", "properties": { "gtfs_stop_id": "F23", "stop_name": "4 Av-9 St", "daytime_routes": "F G", "ada": 0, "borough": "Bk", "complex_id": "608", "structure": "Viaduct" }, "geometry": { "type": "Point", "coordinates": [ -73.989779, 40.670272 ] } },
{ "type": "Feature", "properties": { "gtfs_stop_id": "F24", "stop_name": "7 Av", "daytime_routes": "F G", "ada": 1, "borough": "Bk", "complex_id": "240", "structure": "Subway" }, "geometry": { "type": "Point", "coordinates": [ -73.980305, 40.666271 ] } },
{ "type": "Feature", "properties": { "gtfs_stop_id": "F25", "stop_name": "15 St-Prospect Park", "daytime_routes": "F G", "ada": 0, "borough": "Bk", "complex_id": "241", "structure": "Subway" }, "geometry": { "type": "Point", "coordinates": [ -73.979493, 40.660365 ] } },
{ "type": "Feature", "properties": { "gtfs_stop_id": "F26", "stop_name": "Fort Hamilton Pkwy", "daytime_routes": "F G", "ada": 0, "borough": "Bk", "complex_id": "242", "structure": "Subway" }, "geometry": { "type": "Point", "coordinates": [ -73.975776, 40.650782 ] } },
{ "type": "Feature", "properties": { "gtfs_stop_id": "F27", "stop_name": "Church Av", "daytime_routes": "F G", "ada": 1, "borough": "Bk", "complex_id": "243", "structure": "Subway" }, "geometry": { "type": "Point", "coordinates": [ -73.979678, 40.644041 ] } },
{ "type": "Feature", "properties": { "gtfs_stop_id": "F29", "stop_name": "Ditmas Av", "daytime_routes": "F", "ada": 0, "borough": "Bk", "complex_id": "244", "structure": "Elevated" }, "geometry": { "type": "Point", "coordinates": [ -73.978172, 40.636119 ] } },
{ "type": "Feature", "properties": { "gtfs_stop_id": "F30", "stop_name": "18 Av", "daytime_routes": "F", "ada": 0, "borough": "Bk", "complex_id": "245", "structure": "Elevated" }, "geometry": { "type": "Point", "coordinates": [ -73.976971, 40.629755 ] } },
{ "type": "Feature", "properties": { "gtfs_stop_id": "F31", "stop_name": "Avenue I", "daytime_routes": "F", "ada": 0, "borough": "Bk", "complex_id": "246", "structure": "Elevated" }, "geometry": { "type": "Point", "coordinates": [ -73.976127, 40.625322 ] } },
{ "type": "Feature", "properties": { "gtfs_stop_id": "F32", "stop_name": "Bay Pkwy", "daytime_routes": "F", "ada": 0, "borough": "Bk", "complex_id": "247", "structure": "Elevated" }, "geometry": { "type": "Point", "coordinates": [ -73.975264, 40.620769 ] } },
{ "type": "Feature", "properties": { "gtfs_stop_id": "F33", "stop_name": "Avenue N", "daytime_routes": "F", "ada": 0, "borough": "Bk", "complex_id": "248", "structure": "Elevated" }, "geometry": { "type": "Point", "coordinates": [ -73.974197, 40.61514 ] } },
{ "type": "Feature", "properties": { "gtfs_stop_id": "F34", "stop_name": "Avenue P", "daytime_routes": "F", "ada": 0, "borough": "Bk", "complex_id": "249", "structure": "Elevated" }, "geometry": { "type": "Point", "coordinates": [ -73.973022, 40.608944 ] } },
{ "type": "Feature", "properties": { "gtfs_stop_id": "F35", "stop_name": "Kings Hwy", "daytime_routes": "F", "ada": 0, "borough": "Bk", "complex_id": "250", "structure": "Elevated" }, "geometry": { "type": "Point", "coordinates": [ -73.972361, 40.603217 ] } },
{ "type": "Feature", "properties": { "gtfs_stop_id": "F36", "stop_name": "Avenue U", "daytime_routes": "F", "ada": 0, "borough": "Bk", "complex_id": "251", "structure": "Elevated" }, "geometry": { "type": "Point", "coordinates": [ -73.973357, 40.596063 ] } },
{ "type": "Feature", "properties": { "gtfs_stop_id": "F38", "stop_name": "Avenue X", "daytime_routes": "F", "ada": 0, "borough": "Bk", "complex_id": "252", "structure": "Elevated" }, "geometry": { "type": "Point", "coordinates": [ -73.97425, 40.58962 ] } },
{ "type": "Feature", "properties": { "gtfs_stop_id": "F39", "stop_name": "Neptune Av", "daytime_routes": "F", "ada": 0, "borough": "Bk", "complex_id": "253", "structure": "Elevated" }, "geometry": { "type": "Point", "coordinates": [ -73.974574, 40.581011 ] } },
{ "type": "Feature", "properties": { "gtfs_stop_id": "F01", "stop_name": "Jamaica-179 St", "daytime_routes": "F", "ada": 1, "borough": "Q", "complex_id": "254", "structure": "Subway" }, "geometry": { "type": "Point", "coordinates": [ -73.783817, 40.712646 ] } },
{ "type": "Feature", "properties": { "gtfs_stop_id": "F02", "stop_name": "169 St", "daytime_routes": "F", "ada": 0, "borough": "Q", "complex_id": "255", "structure": "Subway" }, "geometry": { "type": "Point", "coordinates": [ -73.793604, 40.71047 ] } },
{ "type": "Feature", "properties": { "gtfs_stop_id": "F03", "stop_name": "Parsons Blvd", "daytime_routes": "F", "ada": 0, "borough": "Q", "complex_id": "256", "structure": "Subway" }, "geometry": { "type": "Point", "coordinates": [ -73.803326, 40.707564 ] } },
{ "type": "Feature", "properties": { "gtfs_stop_id": "F04", "stop_name": "Sutphin Blvd", "daytime_routes": "F", "ada": 0, "borough": "Q", "complex_id": "257", "structure": "Subway" }, "geometry": { "type": "Point", "coordinates": [ -73.810708, 40.70546 ] } },
{ "type": "Feature", "properties": { "gtfs_stop_id": "F05", "stop_name": "Briarwood", "daytime_routes": "E F", "ada": 0, "borough": "Q", "complex_id": "258", "structure": "Subway" }, "geometry": { "type": "Point", "coordinates": [ -73.820574, 40.709179 ] } },
{ "type": "Feature", "properties": { "gtfs_stop_id": "F06", "stop_name": "Kew Gardens-Union Tpke", "daytime_routes": "E F", "ada": 1, "borough": "Q", "complex_id": "259", "structure": "Subway" }, "geometry": { "type": "Point", "coordinates": [ -73.831008, 40.714441 ] } },
{ "type": "Feature", "properties": { "gtfs_stop_id": "F07", "stop_name": "75 Av", "daytime_routes": "E F", "ada": 0, "borough": "Q", "complex_id": "260", "structure": "Subway" }, "geometry": { "type": "Point", "coordinates": [ -73.837324, 40.718331 ] } },
{ "type": "Feature", "properties": { "gtfs_stop_id": "G08", "stop_name": "Forest Hills-71 Av", "daytime_routes": "E F M R", "ada": 1, "borough": "Q", "complex_id": "261", "structure": "Subway" }, "geometry": { "type": "Point", "coordinates": [ -73.844521, 40.721691 ] } },
{ "type": "Feature", "properties": { "gtfs_stop_id": "G09", "stop_name": "67 Av", "daytime_routes": "M R", "ada": 0, "borough": "Q", "complex_id": "262", "structure": "Subway" }, "geometry": { "type": "Point", "coordinates": [ -73.852719, 40.726523 ] } },
{ "type": "Feature", "properties": { "gtfs_stop_id": "G10", "stop_name": "63 Dr-Rego Park", "daytime_routes": "M R", "ada": 0, "borough": "Q", "complex_id": "263", "structure": "Subway" }, "geometry": { "type": "Point", "coordinates": [ -73.861604, 40.729846 ] } },
{ "type": "Feature", "properties": { "gtfs_stop_id": "G11", "stop_name": "Woodhaven Blvd", "daytime_routes": "M R", "ada": 0, "borough": "Q", "complex_id": "264", "structure": "Subway" }, "geometry": { "type": "Point", "coordinates": [ -73.869229, 40.733106 ] } },
{ "type": "Feature", "properties": { "gtfs_stop_id": "G12", "stop_name": "Grand Av-Newtown", "daytime_routes": "M R", "ada": 0, "borough": "Q", "complex_id": "265", "structure": "Subway" }, "geometry": { "type": "Point", "coordinates": [ -73.877223, 40.737015 ] } },
{ "type": "Feature", "properties": { "gtfs_stop_id": "G13", "stop_name": "Elmhurst Av", "daytime_routes": "M R", "ada": 0, "borough": "Q", "complex_id": "266", "structure": "Subway" }, "geometry": { "type": "Point", "coordinates": [ -73.882017, 40.742454 ] } },
{ "type": "Feature", "properties": { "gtfs_stop_id": "G14", "stop_name": "Jackson Hts-Roosevelt Av", "daytime_routes": "E F M R", "ada": 1, "borough": "Q", "complex_id": "616", "structure": "Subway" }, "geometry": { "type": "Point", "coordinates": [ -73.891338, 40.746644 ] } },
{ "type": "Feature", "properties": { "gtfs_stop_id": "G15", "stop_name": "65 St", "daytime_routes": "M R", "ada": 0, "borough": "Q", "complex_id": "268", "structure": "Subway" }, "geometry": { "type": "Point", "coordinates": [ -73.898453, 40.749669 ] } },
{ "type": "Feature", "properties": { "gtfs_stop_id": "G16", "stop_name": "Northern Blvd", "daytime_routes": "M R", "ada": 1, "borough": "Q", "complex_id": "269", "structure": "Subway" }, "geometry": { "type": "Point", "coordinates": [ -73.906006, 40.752885 ] } },
{ "type": "Feature", "properties": { "gtfs_stop_id": "G18", "stop_name": "46 St", "daytime_routes": "M R", "ada": 0, "borough": "Q", "complex_id": "270", "structure": "Subway" }, "geometry": { "type": "Point", "coordinates": [ -73.913333, 40.756312 ] } },
{ "type": "Feature", "properties": { "gtfs_stop_id": "G19", "stop_name": "Steinway St", "daytime_routes": "M R", "ada": 0, "borough": "Q", "complex_id": "271", "structure": "Subway" }, "geometry": { "type": "Point", "coordinates": [ -73.92074, 40.756879 ] } },
{ "type": "Feature", "properties": { "gtfs_stop_id": "G20", "stop_name": "36 St", "daytime_routes": "M R", "ada": 0, "borough": "Q", "complex_id": "272", "structure": "Subway" }, "geometry": { "type": "Point", "coordinates": [ -73.928781, 40.752039 ] } },
{ "type": "Feature", "properties": { "gtfs_stop_id": "G21", "stop_name": "Queens Plaza", "daytime_routes": "E F R", "ada": 1, "borough": "Q", "complex_id": "273", "structure": "Subway" }, "geometry": { "type": "Point", "coordinates": [ -73.937243, 40.748973 ] } },
{ "type": "Feature", "properties": { "gtfs_stop_id": "F09", "stop_name": "Court Sq-23 St", "daytime_routes": "E F", "ada": 2, "borough": "Q", "complex_id": "606", "structure": "Subway" }, "geometry": { "type": "Point", "coordinates": [ -73.946, 40.747846 ] } },
{ "type": "Feature", "properties": { "gtfs_stop_id": "F11", "stop_name": "Lexington Av/53 St", "daytime_routes": "E F", "ada": 1, "borough": "M", "complex_id": "612", "structure": "Subway" }, "geometry": { "type": "Point", "coordinates": [ -73.969055, 40.757552 ] } },
{ "type": "Feature", "properties": { "gtfs_stop_id": "F12", "stop_name": "5 Av/53 St", "daytime_routes": "E F", "ada": 0, "borough": "M", "complex_id": "276", "structure": "Subway" }, "geometry": { "type": "Point", "coordinates": [ -73.975224, 40.760167 ] } },
{ "type": "Feature", "properties": { "gtfs_stop_id": "D14", "stop_name": "7 Av", "daytime_routes": "E B D", "ada": 0, "borough": "M", "complex_id": "277", "structure": "Subway" }, "geometry": { "type": "Point", "coordinates": [ -73.981637, 40.762862 ] } },
{ "type": "Feature", "properties": { "gtfs_stop_id": "G05", "stop_name": "Jamaica Center-Parsons/Archer", "daytime_routes": "E J Z", "ada": 1, "borough": "Q", "complex_id": "278", "structure": "Subway" }, "geometry": { "type": "Point", "coordinates": [ -73.801109, 40.702147 ] } },
{ "type": "Feature", "properties": { "gtfs_stop_id": "G06", "stop_name": "Sutphin Blvd-Archer Av-JFK Airport", "daytime_routes": "E J Z", "ada": 1, "borough": "Q", "complex_id": "279", "structure": "Subway" }, "geometry": { "type": "Point", "coordinates": [ -73.807969, 40.700486 ] } },
{ "type": "Feature", "properties": { "gtfs_stop_id": "G07", "stop_name": "Jamaica-Van Wyck", "daytime_routes": "E", "ada": 1, "borough": "Q", "complex_id": "280", "structure": "Subway" }, "geometry": { "type": "Point", "coordinates": [ -73.816859, 40.702566 ] } },
{ "type": "Feature", "properties": { "gtfs_stop_id": "G22", "stop_name": "Court Sq", "daytime_routes": "G", "ada": 1, "borough": "Q", "complex_id": "606", "structure": "Subway" }, "geometry": { "type": "Point", "coordinates": [ -73.943832, 40.746554 ] } },
{ "type": "Feature", "properties": { "gtfs_stop_id": "G24", "stop_name": "21 St", "daytime_routes": "G", "ada": 0, "borough": "Q", "complex_id": "282", "structure": "Subway" }, "geometry": { "type": "Point", "coordinates": [ -73.949724, 40.744065 ] } },
{ "type": "Feature", "properties": { "gtfs_stop_id": "G26", "stop_name": "Greenpoint Av", "daytime_routes": "G", "ada": 1, "borough": "Bk", "complex_id": "283", "structure": "Subway" }, "geometry": { "type": "Point", "coordinates": [ -73.954449, 40.731352 ] } },
{ "type": "Feature", "properties": { "gtfs_stop_id": "G28", "stop_name": "Nassau Av", "daytime_routes": "G", "ada": 0, "borough": "Bk", "complex_id": "284", "structure": "Subway" }, "geometry": { "type": "Point", "coordinates": [ -73.951277, 40.724635 ] } },
{ "type": "Feature", "properties": { "gtfs_stop_id": "G29", "stop_name": "Metropolitan Av", "daytime_routes": "G", "ada": 1, "borough": "Bk", "complex_id": "629", "structure": "Subway" }, "geometry": { "type": "Point", "coordinates": [ -73.951418, 40.712792 ] } },
{ "type": "Feature", "properties": { "gtfs_stop_id": "G30", "stop_name": "Broadway", "daytime_routes": "G", "ada": 0, "borough": "Bk", "complex_id": "286", "structure": "Subway" }, "geometry": { "type": "Point", "coordinates": [ -73.950308, 40.706092 ] } },
{ "type": "Feature", "properties": { "gtfs_stop_id": "G31", "stop_name": "Flushing Av", "daytime_routes": "G", "ada": 0, "borough": "Bk", "complex_id": "287", "structure": "Subway" }, "geometry": { "type": "Point", "coordinates": [ -73.950234, 40.700377 ] } },
{ "type": "Feature", "properties": { "gtfs_stop_id": "G32", "stop_name": "Myrtle-Willoughby Avs", "daytime_routes": "G", "ada": 0, "borough": "Bk", "complex_id": "288", "structure": "Subway" }, "geometry": { "type": "Point", "coordinates": [ -73.949046, 40.694568 ] } },
{ "type": "Feature", "properties": { "gtfs_stop_id": "G33", "stop_name": "Bedford-Nostrand Avs", "daytime_routes": "G", "ada": 0, "borough": "Bk", "complex_id": "289", "structure": "Subway" }, "geometry": { "type": "Point", "coordinates": [ -73.953522, 40.689627 ] } },
{ "type": "Feature", "properties": { "gtfs_stop_id": "G34", "stop_name": "Classon Av", "daytime_routes": "G", "ada": 0, "borough": "Bk", "complex_id": "290", "structure": "Subway" }, "geometry": { "type": "Point", "coordinates": [ -73.96007, 40.688873 ] } },
{ "type": "Feature", "properties": { "gtfs_stop_id": "G35", "stop_name": "Clinton-Washington Avs", "daytime_routes": "G", "ada": 0, "borough": "Bk", "complex_id": "291", "structure": "Subway" }, "geometry": { "type": "Point", "coordinates": [ -73.966839, 40.688089 ] } },
{ "type": "Feature", "properties": { "gtfs_stop_id": "G36", "stop_name": "Fulton St", "daytime_routes": "G", "ada": 0, "borough": "Bk", "complex_id": "292", "structure": "Subway" }, "geometry": { "type": "Point", "coordinates": [ -73.975375, 40.687119 ] } },
{ "type": "Feature", "properties": { "gtfs_stop_id": "101", "stop_name": "Van Cortlandt Park-242 St", "daytime_routes": "1", "ada": 0, "borough": "Bx", "complex_id": "293", "structure": "Elevated" }, "geometry": { "type": "Point", "coordinates": [ -73.898583, 40.889248 ] } },
{ "type": "Feature", "properties": { "gtfs_stop_id": "103", "stop_name": "238 St", "daytime_routes": "1", "ada": 0, "borough": "Bx", "complex_id": "294", "structure": "Elevated" }, "geometry": { "type": "Point", "coordinates": [ -73.90087, 40.884667 ] } },
{ "type": "Feature", "properties": { "gtfs_stop_id": "104", "stop_name": "231 St", "daytime_routes": "1", "ada": 1, "borough": "Bx", "complex_id": "295", "structure": "Elevated" }, "geometry": { "type": "Point", "coordinates": [ -73.904834, 40.878856 ] } },
{ "type": "Feature", "properties": { "gtfs_stop_id": "106", "stop_name": "Marble Hill-225 St", "daytime_routes": "1", "ada": 0, "borough": "M", "complex_id": "296", "structure": "Elevated" }, "geometry": { "type": "Point", "coordinates": [ -73.909831, 40.874561 ] } },
{ "type": "Feature", "properties": { "gtfs_stop_id": "107", "stop_name": "215 St", "daytime_routes": "1", "ada": 0, "borough": "M", "complex_id": "297", "structure": "Elevated" }, "geometry": { "type": "Point", "coordinates": [ -73.915279, 40.869444 ] } },
{ "type": "Feature", "properties": { "gtfs_stop_id": "108", "stop_name": "207 St", "daytime_routes": "1", "ada": 0, "borough": "M", "complex_id": "298", "structure": "Elevated" }, "geometry": { "type": "Point", "coordinates": [ -73.918822, 40.864621 ] } },
{ "type": "Feature", "properties": { "gtfs_stop_id": "109", "stop_name": "Dyckman St", "daytime_routes": "1", "ada": 1, "borough": "M", "complex_id": "299", "structure": "Elevated" }, "geometry": { "type": "Point", "coordinates": [ -73.925536, 40.860531 ] } },
{ "type": "Feature", "properties": { "gtfs_stop_id": "110", "stop_name": "191 St", "daytime_routes": "1", "ada": 0, "borough": "M", "complex_id": "300", "structure": "Subway" }, "geometry": { "type": "Point", "coordinates": [ -73.929412, 40.855225 ] } },
{ "type": "Feature", "properties": { "gtfs_stop_id": "111", "stop_name": "181 St", "daytime_routes": "1", "ada": 0, "borough": "M", "complex_id": "301", "structure": "Subway" }, "geometry": { "type": "Point", "coordinates": [ -73.933596, 40.849505 ] } },
{ "type": "Feature", "properties": { "gtfs_stop_id": "112", "stop_name": "168 St-Washington Hts", "daytime_routes": "1", "ada": 0, "borough": "M", "complex_id": "605", "structure": "Subway" }, "geometry": { "type": "Point", "coordinates": [ -73.940133, 40.840556 ] } },
{ "type": "Feature", "properties": { "gtfs_stop_id": "113", "stop_name": "157 St", "daytime_routes": "1", "ada": 0, "borough": "M", "complex_id": "303", "structure": "Subway" }, "geometry": { "type": "Point", "coordinates": [ -73.94489, 40.834041 ] } },
{ "type": "Feature", "properties": { "gtfs_stop_id": "114", "stop_name": "145 St", "daytime_routes": "1", "ada": 0, "borough": "M", "complex_id": "304", "structure": "Subway" }, "geometry": { "type": "Point", "coordinates": [ -73.95036, 40.826551 ] } },
{ "type": "Feature", "properties": { "gtfs_stop_id": "115", "stop_name": "137 St-City College", "daytime_routes": "1", "ada": 2, "borough": "M", "complex_id": "305", "structure": "Subway" }, "geometry": { "type": "Point", "coordinates": [ -73.953676, 40.822008 ] } },
{ "type": "Feature", "properties": { "gtfs_stop_id": "116", "stop_name": "125 St", "daytime_routes": "1", "ada": 0, "borough": "M", "complex_id": "306", "structure": "Elevated" }, "geometry": { "type": "Point", "coordinates": [ -73.958372, 40.815581 ] } },
{ "type": "Feature", "properties": { "gtfs_stop_id": "117", "stop_name": "116 St-Columbia University", "daytime_routes": "1", "ada": 0, "borough": "M", "complex_id": "307", "structure": "Subway" }, "geometry": { "type": "Point", "coordinates": [ -73.96411, 40.807722 ] } },
{ "type": "Feature", "properties": { "gtfs_stop_id": "118", "stop_name": "Cathedral Pkwy (110 St)", "daytime_routes": "1", "ada": 0, "borough": "M", "complex_id": "308", "structure": "Subway" }, "geometry": { "type": "Point", "coordinates": [ -73.966847, 40.803967 ] } },
{ "type": "Feature", "properties": { "gtfs_stop_id": "119", "stop_name": "103 St", "daytime_routes": "1", "ada": 0, "borough": "M", "complex_id": "309", "structure": "Subway" }, "geometry": { "type": "Point", "coordinates": [ -73.968379, 40.799446 ] } },
{ "type": "Feature", "properties": { "gtfs_stop_id": "120", "stop_name": "96 St", "daytime_routes": "1 2 3", "ada": 1, "borough": "M", "complex_id": "310", "structure": "Subway" }, "geometry": { "type": "Point", "coordinates": [ -73.972323, 40.793919 ] } },
{ "type": "Feature", "properties": { "gtfs_stop_id": "121", "stop_name": "86 St", "daytime_routes": "1", "ada": 0, "borough": "M", "complex_id": "311", "structure": "Subway" }, "geometry": { "type": "Point", "coordinates": [ -73.976218, 40.788644 ] } },
{ "type": "Feature", "properties": { "gtfs_stop_id": "122", "stop_name": "79 St", "daytime_routes": "1", "ada": 0, "borough": "M", "complex_id": "312", "structure": "Subway" }, "geometry": { "type": "Point", "coordinates": [ -73.979917, 40.783934 ] } },
{ "type": "Feature", "properties": { "gtfs_stop_id": "123", "stop_name": "72 St", "daytime_routes": "1 2 3", "ada": 1, "borough": "M", "complex_id": "313", "structure": "Subway" }, "geometry": { "type": "Point", "coordinates": [ -73.98197, 40.778453 ] } },
{ "type": "Feature", "properties": { "gtfs_stop_id": "124", "stop_name": "66 St-Lincoln Center", "daytime_routes": "1", "ada": 1, "borough": "M", "complex_id": "314", "structure": "Subway" }, "geometry": { "type": "Point", "coordinates": [ -73.982209, 40.77344 ] } },
{ "type": "Feature", "properties": { "gtfs_stop_id": "125", "stop_name": "59 St-Columbus Circle", "daytime_routes": "1", "ada": 1, "borough": "M", "complex_id": "614", "structure": "Subway" }, "geometry": { "type": "Point", "coordinates": [ -73.981929, 40.768247 ] } },
{ "type": "Feature", "properties": { "gtfs_stop_id": "126", "stop_name": "50 St", "daytime_routes": "1", "ada": 0, "borough": "M", "complex_id": "316", "structure": "Subway" }, "geometry": { "type": "Point", "coordinates": [ -73.983849, 40.761728 ] } },
{ "type": "Feature", "properties": { "gtfs_stop_id": "127", "stop_name": "Times Sq-42 St", "daytime_routes": "1 2 3", "ada": 1, "borough": "M", "complex_id": "611", "structure": "Subway" }, "geometry": { "type": "Point", "coordinates": [ -73.987495, 40.75529 ] } },
{ "type": "Feature", "properties": { "gtfs_stop_id": "128", "stop_name": "34 St-Penn Station", "daytime_routes": "1 2 3", "ada": 1, "borough": "M", "complex_id": "318", "structure": "Subway" }, "geometry": { "type": "Point", "coordinates": [ -73.991057, 40.750373 ] } },
{ "type": "Feature", "properties": { "gtfs_stop_id": "129", "stop_name": "28 St", "daytime_routes": "1", "ada": 0, "borough": "M", "complex_id": "319", "structure": "Subway" }, "geometry": { "type": "Point", "coordinates": [ -73.993365, 40.747215 ] } },
{ "type": "Feature", "properties": { "gtfs_stop_id": "130", "stop_name": "23 St", "daytime_routes": "1", "ada": 0, "borough": "M", "complex_id": "320", "structure": "Subway" }, "geometry": { "type": "Point", "coordinates": [ -73.995657, 40.744081 ] } },
{ "type": "Feature", "properties": { "gtfs_stop_id": "131", "stop_name": "18 St", "daytime_routes": "1", "ada": 0, "borough": "M", "complex_id": "321", "structure": "Subway" }, "geometry": { "type": "Point", "coordinates": [ -73.997871, 40.74104 ] } },
{ "type": "Feature", "properties": { "gtfs_stop_id": "132", "stop_name": "14 St", "daytime_routes": "1 2 3", "ada": 1, "borough": "M", "complex_id": "601", "structure": "Subway" }, "geometry": { "type": "Point", "coordinates": [ -74.000201, 40.737826 ] } },
{ "type": "Feature", "properties": { "gtfs_stop_id": "133", "stop_name": "Christopher St-Stonewall", "daytime_routes": "1", "ada": 0, "borough": "M", "complex_id": "323", "structure": "Subway" }, "geometry": { "type": "Point", "coordinates": [ -74.002906, 40.733422 ] } },
{ "type": "Feature", "properties": { "gtfs_stop_id": "134", "stop_name": "Houston St", "daytime_routes": "1", "ada": 0, "borough": "M", "complex_id": "324", "structure": "Subway" }, "geometry": { "type": "Point", "coordinates": [ -74.005367, 40.728251 ] } },
{ "type": "Feature", "properties": { "gtfs_stop_id": "135", "stop_name": "Canal St", "daytime_routes": "1", "ada": 0, "borough": "M", "complex_id": "325", "structure": "Subway" }, "geometry": { "type": "Point", "coordinates": [ -74.006277, 40.722854 ] } },
{ "type": "Feature", "properties": { "gtfs_stop_id": "136", "stop_name": "Franklin St", "daytime_routes": "1", "ada": 0, "borough": "M", "complex_id": "326", "structure": "Subway" }, "geometry": { "type": "Point", "coordinates": [ -74.006886, 40.719318 ] } },
{ "type": "Feature", "properties": { "gtfs_stop_id": "137", "stop_name": "Chambers St", "daytime_routes": "1 2 3", "ada": 1, "borough": "M", "complex_id": "327", "structure": "Subway" }, "geometry": { "type": "Point", "coordinates": [ -74.009266, 40.715478 ] } },
{ "type": "Feature", "properties": { "gtfs_stop_id": "138", "stop_name": "WTC Cortlandt", "daytime_routes": "1", "ada": 1, "borough": "M", "complex_id": "328", "structure": "Subway" }, "geometry": { "type": "Point", "coordinates": [ -74.012188, 40.711835 ] } },
{ "type": "Feature", "properties": { "gtfs_stop_id": "139", "stop_name": "Rector St", "daytime_routes": "1", "ada": 0, "borough": "M", "complex_id": "329", "structure": "Subway" }, "geometry": { "type": "Point", "coordinates": [ -74.013783, 40.707513 ] } },
{ "type": "Feature", "properties": { "gtfs_stop_id": "142", "stop_name": "South Ferry", "daytime_routes": "1", "ada": 1, "borough": "M", "complex_id": "635", "structure": "Subway" }, "geometry": { "type": "Point", "coordinates": [ -74.013664, 40.702068 ] } },
{ "type": "Feature", "properties": { "gtfs_stop_id": "228", "stop_name": "Park Place", "daytime_routes": "2 3", "ada": 0, "borough": "M", "complex_id": "624", "structure": "Subway" }, "geometry": { "type": "Point", "coordinates": [ -74.008811, 40.713051 ] } },
{ "type": "Feature", "properties": { "gtfs_stop_id": "229", "stop_name": "Fulton St", "daytime_routes": "2 3", "ada": 1, "borough": "M", "complex_id": "628", "structure": "Subway" }, "geometry": { "type": "Point", "coordinates": [ -74.006571, 40.709416 ] } },
{ "type": "Feature", "properties": { "gtfs_stop_id": "230", "stop_name": "Wall St", "daytime_routes": "2 3", "ada": 0, "borough": "M", "complex_id": "333", "structure": "Subway" }, "geometry": { "type": "Point", "coordinates": [ -74.0091, 40.706821 ] } },
{ "type": "Feature", "properties": { "gtfs_stop_id": "231", "stop_name": "Clark St", "daytime_routes": "2 3", "ada": 0, "borough": "Bk", "complex_id": "334", "structure": "Subway" }, "geometry": { "type": "Point", "coordinates": [ -73.993086, 40.697466 ] } },
{ "type": "Feature", "properties": { "gtfs_stop_id": "232", "stop_name": "Borough Hall", "daytime_routes": "2 3", "ada": 1, "borough": "Bk", "complex_id": "620", "structure": "Subway" }, "geometry": { "type": "Point", "coordinates": [ -73.989998, 40.693219 ] } },
{ "type": "Feature", "properties": { "gtfs_stop_id": "233", "stop_name": "Hoyt St", "daytime_routes": "2 3", "ada": 2, "borough": "Bk", "complex_id": "336", "structure": "Subway" }, "geometry": { "type": "Point", "coordinates": [ -73.985065, 40.690545 ] } },
{ "type": "Feature", "properties": { "gtfs_stop_id": "234", "stop_name": "Nevins St", "daytime_routes": "2 3 4 5", "ada": 0, "borough": "Bk", "complex_id": "337", "structure": "Subway" }, "geometry": { "type": "Point", "coordinates": [ -73.980492, 40.688246 ] } },
{ "type": "Feature", "properties": { "gtfs_stop_id": "235", "stop_name": "Atlantic Av-Barclays Ctr", "daytime_routes": "2 3 4 5", "ada": 1, "borough": "Bk", "complex_id": "617", "structure": "Subway" }, "geometry": { "type": "Point", "coordinates": [ -73.977666, 40.684359 ] } },
{ "type": "Feature", "properties": { "gtfs_stop_id": "236", "stop_name": "Bergen St", "daytime_routes": "2 3", "ada": 0, "borough": "Bk", "complex_id": "339", "structure": "Subway" }, "geometry": { "type": "Point", "coordinates": [ -73.975098, 40.680829 ] } },
{ "type": "Feature", "properties": { "gtfs_stop_id": "237", "stop_name": "Grand Army Plaza", "daytime_routes": "2 3", "ada": 0, "borough": "Bk", "complex_id": "340", "structure": "Subway" }, "geometry": { "type": "Point", "coordinates": [ -73.971046, 40.675235 ] } },
{ "type": "Feature", "properties": { "gtfs_stop_id": "238", "stop_name": "Eastern Pkwy-Brooklyn Museum", "daytime_routes": "2 3", "ada": 1, "borough": "Bk", "complex_id": "341", "structure": "Subway" }, "geometry": { "type": "Point", "coordinates": [ -73.964375, 40.671987 ] } },
{ "type": "Feature", "properties": { "gtfs_stop_id": "239", "stop_name": "Franklin Av-Medgar Evers College", "daytime_routes": "2 3 4 5", "ada": 0, "borough": "Bk", "complex_id": "626", "structure": "Subway" }, "geometry": { "type": "Point", "coordinates": [ -73.958131, 40.670682 ] } },
{ "type": "Feature", "properties": { "gtfs_stop_id": "248", "stop_name": "Nostrand Av", "daytime_routes": "3", "ada": 0, "borough": "Bk", "complex_id": "343", "structure": "Subway" }, "geometry": { "type": "Point", "coordinates": [ -73.950466, 40.669847 ] } },
{ "type": "Feature", "properties": { "gtfs_stop_id": "249", "stop_name": "Kingston Av", "daytime_routes": "3", "ada": 0, "borough": "Bk", "complex_id": "344", "structure": "Subway" }, "geometry": { "type": "Point", "coordinates": [ -73.942161, 40.669399 ] } },
{ "type": "Feature", "properties": { "gtfs_stop_id": "250", "stop_name": "Crown Hts-Utica Av", "daytime_routes": "3 4", "ada": 1, "borough": "Bk", "complex_id": "345", "structure": "Subway" }, "geometry": { "type": "Point", "coordinates": [ -73.932942, 40.668897 ] } },
{ "type": "Feature", "properties": { "gtfs_stop_id": "251", "stop_name": "Sutter Av-Rutland Rd", "daytime_routes": "3", "ada": 0, "borough": "Bk", "complex_id": "346", "structure": "Elevated" }, "geometry": { "type": "Point", "coordinates": [ -73.92261, 40.664717 ] } },
{ "type": "Feature", "properties": { "gtfs_stop_id": "252", "stop_name": "Saratoga Av", "daytime_routes": "3", "ada": 0, "borough": "Bk", "complex_id": "347", "structure": "Elevated" }, "geometry": { "type": "Point", "coordinates": [ -73.916327, 40.661453 ] } },
{ "type": "Feature", "properties": { "gtfs_stop_id": "253", "stop_name": "Rockaway Av", "daytime_routes": "3", "ada": 0, "borough": "Bk", "complex_id": "348", "structure": "Elevated" }, "geometry": { "type": "Point", "coordinates": [ -73.908946, 40.662549 ] } },
{ "type": "Feature", "properties": { "gtfs_stop_id": "254", "stop_name": "Junius St", "daytime_routes": "3", "ada": 0, "borough": "Bk", "complex_id": "349", "structure": "Elevated" }, "geometry": { "type": "Point", "coordinates": [ -73.902447, 40.663515 ] } },
{ "type": "Feature", "properties": { "gtfs_stop_id": "255", "stop_name": "Pennsylvania Av", "daytime_routes": "3", "ada": 0, "borough": "Bk", "complex_id": "350", "structure": "Elevated" }, "geometry": { "type": "Point", "coordinates": [ -73.894895, 40.664635 ] } },
{ "type": "Feature", "properties": { "gtfs_stop_id": "256", "stop_name": "Van Siclen Av", "daytime_routes": "3", "ada": 0, "borough": "Bk", "complex_id": "351", "structure": "Elevated" }, "geometry": { "type": "Point", "coordinates": [ -73.889395, 40.665449 ] } },
{ "type": "Feature", "properties": { "gtfs_stop_id": "257", "stop_name": "New Lots Av", "daytime_routes": "3", "ada": 0, "borough": "Bk", "complex_id": "352", "structure": "Elevated" }, "geometry": { "type": "Point", "coordinates": [ -73.884079, 40.666235 ] } },
{ "type": "Feature", "properties": { "gtfs_stop_id": "241", "stop_name": "President St-Medgar Evers College", "daytime_routes": "2 5", "ada": 0, "borough": "Bk", "complex_id": "353", "structure": "Subway" }, "geometry": { "type": "Point", "coordinates": [ -73.950683, 40.667883 ] } },
{ "type": "Feature", "properties": { "gtfs_stop_id": "242", "stop_name": "Sterling St", "daytime_routes": "2 5", "ada": 0, "borough": "Bk", "complex_id": "354", "structure": "Subway" }, "geometry": { "type": "Point", "coordinates": [ -73.95085, 40.662742 ] } },
{ "type": "Feature", "properties": { "gtfs_stop_id": "243", "stop_name": "Winthrop St", "daytime_routes": "2 5", "ada": 0, "borough": "Bk", "complex_id": "355", "structure": "Subway" }, "geometry": { "type": "Point", "coordinates": [ -73.9502, 40.656652 ] } },
{ "type": "Feature", "properties": { "gtfs_stop_id": "244", "stop_name": "Church Av", "daytime_routes": "2 5", "ada": 1, "borough": "Bk", "complex_id": "356", "structure": "Subway" }, "geometry": { "type": "Point", "coordinates": [ -73.949575, 40.650843 ] } },
{ "type": "Feature", "properties": { "gtfs_stop_id": "245", "stop_name": "Beverly Rd", "daytime_routes": "2 5", "ada": 0, "borough": "Bk", "complex_id": "357", "structure": "Subway" }, "geometry": { "type": "Point", "coordinates": [ -73.948959, 40.645098 ] } },
{ "type": "Feature", "properties": { "gtfs_stop_id": "246", "stop_name": "Newkirk Av-Little Haiti", "daytime_routes": "2 5", "ada": 0, "borough": "Bk", "complex_id": "358", "structure": "Subway" }, "geometry": { "type": "Point", "coordinates": [ -73.948411, 40.639967 ] } },
{ "type": "Feature", "properties": { "gtfs_stop_id": "247", "stop_name": "Flatbush Av-Brooklyn College", "daytime_routes": "2 5", "ada": 1, "borough": "Bk", "complex_id": "359", "structure": "Subway" }, "geometry": { "type": "Point", "coordinates": [ -73.947642, 40.632836 ] } },
{ "type": "Feature", "properties": { "gtfs_stop_id": "601", "stop_name": "Pelham Bay Park", "daytime_routes": "6", "ada": 1, "borough": "Bx", "complex_id": "360", "structure": "Elevated" }, "geometry": { "type": "Point", "coordinates": [ -73.828121, 40.852462 ] } },
{ "type": "Feature", "properties": { "gtfs_stop_id": "602", "stop_name": "Buhre Av", "daytime_routes": "6", "ada": 0, "borough": "Bx", "complex_id": "361", "structure": "Elevated" }, "geometry": { "type": "Point", "coordinates": [ -73.832569, 40.84681 ] } },
{ "type": "Feature", "properties": { "gtfs_stop_id": "603", "stop_name": "Middletown Rd", "daytime_routes": "6", "ada": 0, "borough": "Bx", "complex_id": "362", "structure": "Elevated" }, "geometry": { "type": "Point", "coordinates": [ -73.836322, 40.843863 ] } },
{ "type": "Feature", "properties": { "gtfs_stop_id": "604", "stop_name": "Westchester Sq-E Tremont Av", "daytime_routes": "6", "ada": 1, "borough": "Bx", "complex_id": "363", "structure": "Elevated" }, "geometry": { "type": "Point", "coordinates": [ -73.842952, 40.839892 ] } },
{ "type": "Feature", "properties": { "gtfs_stop_id": "606", "stop_name": "Zerega Av", "daytime_routes": "6", "ada": 0, "borough": "Bx", "complex_id": "364", "structure": "Elevated" }, "geometry": { "type": "Point", "coordinates": [ -73.847036, 40.836488 ] } },
{ "type": "Feature", "properties": { "gtfs_stop_id": "607", "stop_name": "Castle Hill Av", "daytime_routes": "6", "ada": 0, "borough": "Bx", "complex_id": "365", "structure": "Elevated" }, "geometry": { "type": "Point", "coordinates": [ -73.851222, 40.834255 ] } },
{ "type": "Feature", "properties": { "gtfs_stop_id": "608", "stop_name": "Parkchester", "daytime_routes": "6", "ada": 1, "borough": "Bx", "complex_id": "366", "structure": "Elevated" }, "geometry": { "type": "Point", "coordinates": [ -73.860816, 40.833226 ] } },
{ "type": "Feature", "properties": { "gtfs_stop_id": "609", "stop_name": "St Lawrence Av", "daytime_routes": "6", "ada": 0, "borough": "Bx", "complex_id": "367", "structure": "Elevated" }, "geometry": { "type": "Point", "coordinates": [ -73.867618, 40.831509 ] } },
{ "type": "Feature", "properties": { "gtfs_stop_id": "610", "stop_name": "Morrison Av-Soundview", "daytime_routes": "6", "ada": 0, "borough": "Bx", "complex_id": "368", "structure": "Elevated" }, "geometry": { "type": "Point", "coordinates": [ -73.874516, 40.829521 ] } },
{ "type": "Feature", "properties": { "gtfs_stop_id": "611", "stop_name": "Elder Av", "daytime_routes": "6", "ada": 0, "borough": "Bx", "complex_id": "369", "structure": "Elevated" }, "geometry": { "type": "Point", "coordinates": [ -73.879159, 40.828584 ] } },
{ "type": "Feature", "properties": { "gtfs_stop_id": "612", "stop_name": "Whitlock Av", "daytime_routes": "6", "ada": 0, "borough": "Bx", "complex_id": "370", "structure": "Elevated" }, "geometry": { "type": "Point", "coordinates": [ -73.886283, 40.826525 ] } },
{ "type": "Feature", "properties": { "gtfs_stop_id": "613", "stop_name": "Hunts Point Av", "daytime_routes": "6", "ada": 1, "borough": "Bx", "complex_id": "371", "structure": "Subway" }, "geometry": { "type": "Point", "coordinates": [ -73.890549, 40.820948 ] } },
{ "type": "Feature", "properties": { "gtfs_stop_id": "614", "stop_name": "Longwood Av", "daytime_routes": "6", "ada": 0, "borough": "Bx", "complex_id": "372", "structure": "Subway" }, "geometry": { "type": "Point", "coordinates": [ -73.896435, 40.816104 ] } },
{ "type": "Feature", "properties": { "gtfs_stop_id": "615", "stop_name": "E 149 St", "daytime_routes": "6", "ada": 1, "borough": "Bx", "complex_id": "373", "structure": "Subway" }, "geometry": { "type": "Point", "coordinates": [ -73.904098, 40.812118 ] } },
{ "type": "Feature", "properties": { "gtfs_stop_id": "616", "stop_name": "E 143 St-St Mary's St", "daytime_routes": "6", "ada": 0, "borough": "Bx", "complex_id": "374", "structure": "Subway" }, "geometry": { "type": "Point", "coordinates": [ -73.907657, 40.808719 ] } },
{ "type": "Feature", "properties": { "gtfs_stop_id": "617", "stop_name": "Cypress Av", "daytime_routes": "6", "ada": 0, "borough": "Bx", "complex_id": "375", "structure": "Subway" }, "geometry": { "type": "Point", "coordinates": [ -73.914042, 40.805368 ] } },
{ "type": "Feature", "properties": { "gtfs_stop_id": "618", "stop_name": "Brook Av", "daytime_routes": "6", "ada": 0, "borough": "Bx", "complex_id": "376", "structure": "Subway" }, "geometry": { "type": "Point", "coordinates": [ -73.91924, 40.807566 ] } },
{ "type": "Feature", "properties": { "gtfs_stop_id": "619", "stop_name": "3 Av-138 St", "daytime_routes": "6", "ada": 0, "borough": "Bx", "complex_id": "377", "structure": "Subway" }, "geometry": { "type": "Point", "coordinates": [ -73.926138, 40.810476 ] } },
{ "type": "Feature", "properties": { "gtfs_stop_id": "401", "stop_name": "Woodlawn", "daytime_routes": "4", "ada": 0, "borough": "Bx", "complex_id": "378", "structure": "Elevated" }, "geometry": { "type": "Point", "coordinates": [ -73.878751, 40.886037 ] } },
{ "type": "Feature", "properties": { "gtfs_stop_id": "402", "stop_name": "Mosholu Pkwy", "daytime_routes": "4", "ada": 1, "borough": "Bx", "complex_id": "379", "structure": "Elevated" }, "geometry": { "type": "Point", "coordinates": [ -73.884655, 40.87975 ] } },
{ "type": "Feature", "properties": { "gtfs_stop_id": "405", "stop_name": "Bedford Park Blvd-Lehman College", "daytime_routes": "4", "ada": 0, "borough": "Bx", "complex_id": "380", "structure": "Elevated" }, "geometry": { "type": "Point", "coordinates": [ -73.890064, 40.873412 ] } },
{ "type": "Feature", "properties": { "gtfs_stop_id": "406", "stop_name": "Kingsbridge Rd", "daytime_routes": "4", "ada": 0, "borough": "Bx", "complex_id": "381", "structure": "Elevated" }, "geometry": { "type": "Point", "coordinates": [ -73.897174, 40.86776 ] } },
{ "type": "Feature", "properties": { "gtfs_stop_id": "407", "stop_name": "Fordham Rd", "daytime_routes": "4", "ada": 1, "borough": "Bx", "complex_id": "382", "structure": "Elevated" }, "geometry": { "type": "Point", "coordinates": [ -73.901034, 40.862803 ] } },
{ "type": "Feature", "properties": { "gtfs_stop_id": "408", "stop_name": "183 St", "daytime_routes": "4", "ada": 0, "borough": "Bx", "complex_id": "383", "structure": "Elevated" }, "geometry": { "type": "Point", "coordinates": [ -73.903879, 40.858407 ] } },
{ "type": "Feature", "properties": { "gtfs_stop_id": "409", "stop_name": "Burnside Av", "daytime_routes": "4", "ada": 0, "borough": "Bx", "complex_id": "384", "structure": "Elevated" }, "geometry": { "type": "Point", "coordinates": [ -73.907684, 40.853453 ] } },
{ "type": "Feature", "properties": { "gtfs_stop_id": "410", "stop_name": "176 St", "daytime_routes": "4", "ada": 0, "borough": "Bx", "complex_id": "385", "structure": "Elevated" }, "geometry": { "type": "Point", "coordinates": [ -73.911794, 40.84848 ] } },
{ "type": "Feature", "properties": { "gtfs_stop_id": "411", "stop_name": "Mt Eden Av", "daytime_routes": "4", "ada": 0, "borough": "Bx", "complex_id": "386", "structure": "Elevated" }, "geometry": { "type": "Point", "coordinates": [ -73.914685, 40.844434 ] } },
{ "type": "Feature", "properties": { "gtfs_stop_id": "412", "stop_name": "170 St", "daytime_routes": "4", "ada": 1, "borough": "Bx", "complex_id": "387", "structure": "Elevated" }, "geometry": { "type": "Point", "coordinates": [ -73.917791, 40.840075 ] } },
{ "type": "Feature", "properties": { "gtfs_stop_id": "413", "stop_name": "167 St", "daytime_routes": "4", "ada": 0, "borough": "Bx", "complex_id": "388", "structure": "Elevated" }, "geometry": { "type": "Point", "coordinates": [ -73.9214, 40.835537 ] } },
{ "type": "Feature", "properties": { "gtfs_stop_id": "414", "stop_name": "161 St-Yankee Stadium", "daytime_routes": "4", "ada": 1, "borough": "Bx", "complex_id": "604", "structure": "Elevated" }, "geometry": { "type": "Point", "coordinates": [ -73.925831, 40.827994 ] } },
{ "type": "Feature", "properties": { "gtfs_stop_id": "415", "stop_name": "149 St-Grand Concourse", "daytime_routes": "4", "ada": 0, "borough": "Bx", "complex_id": "603", "structure": "Subway" }, "geometry": { "type": "Point", "coordinates": [ -73.927351, 40.818375 ] } },
{ "type": "Feature", "properties": { "gtfs_stop_id": "416", "stop_name": "138 St-Grand Concourse", "daytime_routes": "4 5", "ada": 0, "borough": "Bx", "complex_id": "391", "structure": "Subway" }, "geometry": { "type": "Point", "coordinates": [ -73.929849, 40.813224 ] } },
{ "type": "Feature", "properties": { "gtfs_stop_id": "621", "stop_name": "125 St", "daytime_routes": "4 5 6", "ada": 1, "borough": "M", "complex_id": "392", "structure": "Subway" }, "geometry": { "type": "Point", "coordinates": [ -73.937594, 40.804138 ] } },
{ "type": "Feature", "properties": { "gtfs_stop_id": "622", "stop_name": "116 St", "daytime_routes": "6", "ada": 0, "borough": "M", "complex_id": "393", "structure": "Subway" }, "geometry": { "type": "Point", "coordinates": [ -73.941617, 40.798629 ] } },
{ "type": "Feature", "properties": { "gtfs_stop_id": "623", "stop_name": "110 St", "daytime_routes": "6", "ada": 0, "borough": "M", "complex_id": "394", "structure": "Subway" }, "geometry": { "type": "Point", "coordinates": [ -73.94425, 40.79502 ] } },
{ "type": "Feature", "properties": { "gtfs_stop_id": "624", "stop_name": "103 St", "daytime_routes": "6", "ada": 0, "borough": "M", "complex_id": "395", "structure": "Subway" }, "geometry": { "type": "Point", "coordinates": [ -73.947478, 40.7906 ] } },
{ "type": "Feature", "properties": { "gtfs_stop_id": "625", "stop_name": "96 St", "daytime_routes": "6", "ada": 0, "borough": "M", "complex_id": "396", "structure": "Subway" }, "geometry": { "type": "Point", "coordinates": [ -73.95107, 40.785672 ] } },
{ "type": "Feature", "properties": { "gtfs_stop_id": "626", "stop_name": "86 St", "daytime_routes": "4 5 6", "ada": 2, "borough": "M", "complex_id": "397", "structure": "Subway" }, "geometry": { "type": "Point", "coordinates": [ -73.955589, 40.779492 ] } },
{ "type": "Feature", "properties": { "gtfs_stop_id": "627", "stop_name": "77 St", "daytime_routes": "6", "ada": 0, "borough": "M", "complex_id": "398", "structure": "Subway" }, "geometry": { "type": "Point", "coordinates": [ -73.959874, 40.77362 ] } },
{ "type": "Feature", "properties": { "gtfs_stop_id": "628", "stop_name": "68 St-Hunter College", "daytime_routes": "6", "ada": 1, "borough": "M", "complex_id": "399", "structure": "Subway" }, "geometry": { "type": "Point", "coordinates": [ -73.96387, 40.768141 ] } },
{ "type": "Feature", "properties": { "gtfs_stop_id": "629", "stop_name": "59 St", "daytime_routes": "4 5 6", "ada": 0, "borough": "M", "complex_id": "613", "structure": "Subway" }, "geometry": { "type": "Point", "coordinates": [ -73.967967, 40.762526 ] } },
{ "type": "Feature", "properties": { "gtfs_stop_id": "630", "stop_name": "51 St", "daytime_routes": "6", "ada": 1, "borough": "M", "complex_id": "612", "structure": "Subway" }, "geometry": { "type": "Point", "coordinates": [ -73.97192, 40.757107 ] } },
{ "type": "Feature", "properties": { "gtfs_stop_id": "631", "stop_name": "Grand Central-42 St", "daytime_routes": "4 5 6", "ada": 1, "borough": "M", "complex_id": "610", "structure": "Subway" }, "geometry": { "type": "Point", "coordinates": [ -73.976848, 40.751776 ] } },
{ "type": "Feature", "properties": { "gtfs_stop_id": "632", "stop_name": "33 St", "daytime_routes": "6", "ada": 0, "borough": "M", "complex_id": "403", "structure": "Subway" }, "geometry": { "type": "Point", "coordinates": [ -73.982076, 40.746081 ] } },
{ "type": "Feature", "properties": { "gtfs_stop_id": "633", "stop_name": "28 St", "daytime_routes": "6", "ada": 2, "borough": "M", "complex_id": "404", "structure": "Subway" }, "geometry": { "type": "Point", "coordinates": [ -73.984264, 40.74307 ] } },
{ "type": "Feature", "properties": { "gtfs_stop_id": "634", "stop_name": "23 St-Baruch College", "daytime_routes": "6", "ada": 1, "borough": "M", "complex_id": "405", "structure": "Subway" }, "geometry": { "type": "Point", "coordinates": [ -73.986599, 40.739864 ] } },
{ "type": "Feature", "properties": { "gtfs_stop_id": "635", "stop_name": "14 St-Union Sq", "daytime_routes": "4 5 6", "ada": 0, "borough": "M", "complex_id": "602", "structure": "Subway" }, "geometry": { "type": "Point", "coordinates": [ -73.989951, 40.734673 ] } },
{ "type": "Feature", "properties": { "gtfs_stop_id": "636", "stop_name": "Astor Pl", "daytime_routes": "6", "ada": 0, "borough": "M", "complex_id": "407", "structure": "Subway" }, "geometry": { "type": "Point", "coordinates": [ -73.99107, 40.730054 ] } },
{ "type": "Feature", "properties": { "gtfs_stop_id": "637", "stop_name": "Bleecker St", "daytime_routes": "6", "ada": 1, "borough": "M", "complex_id": "619", "structure": "Subway" }, "geometry": { "type": "Point", "coordinates": [ -73.994659, 40.725915 ] } },
{ "type": "Feature", "properties": { "gtfs_stop_id": "638", "stop_name": "Spring St", "daytime_routes": "6", "ada": 0, "borough": "M", "complex_id": "409", "structure": "Subway" }, "geometry": { "type": "Point", "coordinates": [ -73.997141, 40.722301 ] } },
{ "type": "Feature", "properties": { "gtfs_stop_id": "639", "stop_name": "Canal St", "daytime_routes": "6", "ada": 1, "borough": "M", "complex_id": "623", "structure": "Subway" }, "geometry": { "type": "Point", "coordinates": [ -74.000193, 40.718803 ] } },
{ "type": "Feature", "properties": { "gtfs_stop_id": "640", "stop_name": "Brooklyn Bridge-City Hall", "daytime_routes": "4 5 6", "ada": 1, "borough": "M", "complex_id": "622", "structure": "Subway" }, "geometry": { "type": "Point", "coordinates": [ -74.004131, 40.713065 ] } },
{ "type": "Feature", "properties": { "gtfs_stop_id": "418", "stop_name": "Fulton St", "daytime_routes": "4 5", "ada": 1, "borough": "M", "complex_id": "628", "structure": "Subway" }, "geometry": { "type": "Point", "coordinates": [ -74.009509, 40.710368 ] } },
{ "type": "Feature", "properties": { "gtfs_stop_id": "419", "stop_name": "Wall St", "daytime_routes": "4 5", "ada": 0, "borough": "M", "complex_id": "413", "structure": "Subway" }, "geometry": { "type": "Point", "coordinates": [ -74.011862, 40.707557 ] } },
{ "type": "Feature", "properties": { "gtfs_stop_id": "420", "stop_name": "Bowling Green", "daytime_routes": "4 5", "ada": 1, "borough": "M", "complex_id": "414", "structure": "Subway" }, "geometry": { "type": "Point", "coordinates": [ -74.014065, 40.704817 ] } },
{ "type": "Feature", "properties": { "gtfs_stop_id": "423", "stop_name": "Borough Hall", "daytime_routes": "4 5", "ada": 1, "borough": "Bk", "complex_id": "620", "structure": "Subway" }, "geometry": { "type": "Point", "coordinates": [ -73.990151, 40.692404 ] } },
{ "type": "Feature", "properties": { "gtfs_stop_id": "201", "stop_name": "Wakefield-241 St", "daytime_routes": "2", "ada": 0, "borough": "Bx", "complex_id": "416", "structure": "Elevated" }, "geometry": { "type": "Point", "coordinates": [ -73.85062, 40.903125 ] } },
{ "type": "Feature", "properties": { "gtfs_stop_id": "204", "stop_name": "Nereid Av", "daytime_routes": "2 5", "ada": 0, "borough": "Bx", "complex_id": "417", "structure": "Elevated" }, "geometry": { "type": "Point", "coordinates": [ -73.854376, 40.898379 ] } },
{ "type": "Feature", "properties": { "gtfs_stop_id": "205", "stop_name": "233 St", "daytime_routes": "2 5", "ada": 1, "borough": "Bx", "complex_id": "418", "structure": "Elevated" }, "geometry": { "type": "Point", "coordinates": [ -73.857473, 40.893193 ] } },
{ "type": "Feature", "properties": { "gtfs_stop_id": "206", "stop_name": "225 St", "daytime_routes": "2 5", "ada": 0, "borough": "Bx", "complex_id": "419", "structure": "Elevated" }, "geometry": { "type": "Point", "coordinates": [ -73.860341, 40.888022 ] } },
{ "type": "Feature", "properties": { "gtfs_stop_id": "207", "stop_name": "219 St", "daytime_routes": "2 5", "ada": 0, "borough": "Bx", "complex_id": "420", "structure": "Elevated" }, "geometry": { "type": "Point", "coordinates": [ -73.862633, 40.883895 ] } },
{ "type": "Feature", "properties": { "gtfs_stop_id": "208", "stop_name": "Gun Hill Rd", "daytime_routes": "2 5", "ada": 1, "borough": "Bx", "complex_id": "421", "structure": "Elevated" }, "geometry": { "type": "Point", "coordinates": [ -73.866256, 40.87785 ] } },
{ "type": "Feature", "properties": { "gtfs_stop_id": "209", "stop_name": "Burke Av", "daytime_routes": "2 5", "ada": 0, "borough": "Bx", "complex_id": "422", "structure": "Elevated" }, "geometry": { "type": "Point", "coordinates": [ -73.867164, 40.871356 ] } },
{ "type": "Feature", "properties": { "gtfs_stop_id": "210", "stop_name": "Allerton Av", "daytime_routes": "2 5", "ada": 0, "borough": "Bx", "complex_id": "423", "structure": "Elevated" }, "geometry": { "type": "Point", "coordinates": [ -73.867352, 40.865462 ] } },
{ "type": "Feature", "properties": { "gtfs_stop_id": "211", "stop_name": "Pelham Pkwy", "daytime_routes": "2 5", "ada": 1, "borough": "Bx", "complex_id": "424", "structure": "Elevated" }, "geometry": { "type": "Point", "coordinates": [ -73.867615, 40.857192 ] } },
{ "type": "Feature", "properties": { "gtfs_stop_id": "212", "stop_name": "Bronx Park East", "daytime_routes": "2 5", "ada": 0, "borough": "Bx", "complex_id": "425", "structure": "Elevated" }, "geometry": { "type": "Point", "coordinates": [ -73.868457, 40.848828 ] } },
{ "type": "Feature", "properties": { "gtfs_stop_id": "213", "stop_name": "E 180 St", "daytime_routes": "2 5", "ada": 1, "borough": "Bx", "complex_id": "426", "structure": "Elevated" }, "geometry": { "type": "Point", "coordinates": [ -73.873488, 40.841894 ] } },
{ "type": "Feature", "properties": { "gtfs_stop_id": "214", "stop_name": "West Farms Sq-E Tremont Av", "daytime_routes": "2 5", "ada": 0, "borough": "Bx", "complex_id": "427", "structure": "Elevated" }, "geometry": { "type": "Point", "coordinates": [ -73.880049, 40.840295 ] } },
{ "type": "Feature", "properties": { "gtfs_stop_id": "215", "stop_name": "174 St", "daytime_routes": "2 5", "ada": 0, "borough": "Bx", "complex_id": "428", "structure": "Elevated" }, "geometry": { "type": "Point", "coordinates": [ -73.887734, 40.837288 ] } },
{ "type": "Feature", "properties": { "gtfs_stop_id": "216", "stop_name": "Freeman St", "daytime_routes": "2 5", "ada": 0, "borough": "Bx", "complex_id": "429", "structure": "Elevated" }, "geometry": { "type": "Point", "coordinates": [ -73.891865, 40.829993 ] } },
{ "type": "Feature", "properties": { "gtfs_stop_id": "217", "stop_name": "Simpson St", "daytime_routes": "2 5", "ada": 1, "borough": "Bx", "complex_id": "430", "structure": "Elevated" }, "geometry": { "type": "Point", "coordinates": [ -73.893064, 40.824073 ] } },
{ "type": "Feature", "properties": { "gtfs_stop_id": "218", "stop_name": "Intervale Av", "daytime_routes": "2 5", "ada": 0, "borough": "Bx", "complex_id": "431", "structure": "Elevated" }, "geometry": { "type": "Point", "coordinates": [ -73.896736, 40.822181 ] } },
{ "type": "Feature", "properties": { "gtfs_stop_id": "219", "stop_name": "Prospect Av", "daytime_routes": "2 5", "ada": 0, "borough": "Bx", "complex_id": "432", "structure": "Elevated" }, "geometry": { "type": "Point", "coordinates": [ -73.90177, 40.819585 ] } },
{ "type": "Feature", "properties": { "gtfs_stop_id": "220", "stop_name": "Jackson Av", "daytime_routes": "2 5", "ada": 0, "borough": "Bx", "complex_id": "433", "structure": "Elevated" }, "geometry": { "type": "Point", "coordinates": [ -73.907807, 40.81649 ] } },
{ "type": "Feature", "properties": { "gtfs_stop_id": "221", "stop_name": "3 Av-149 St", "daytime_routes": "2 5", "ada": 1, "borough": "Bx", "complex_id": "434", "structure": "Subway" }, "geometry": { "type": "Point", "coordinates": [ -73.917757, 40.816109 ] } },
{ "type": "Feature", "properties": { "gtfs_stop_id": "222", "stop_name": "149 St-Grand Concourse", "daytime_routes": "2 5", "ada": 0, "borough": "Bx", "complex_id": "603", "structure": "Subway" }, "geometry": { "type": "Point", "coordinates": [ -73.926718, 40.81841 ] } },
{ "type": "Feature", "properties": { "gtfs_stop_id": "301", "stop_name": "Harlem-148 St", "daytime_routes": "3", "ada": 1, "borough": "M", "complex_id": "436", "structure": "Subway" }, "geometry": { "type": "Point", "coordinates": [ -73.93647, 40.82388 ] } },
{ "type": "Feature", "properties": { "gtfs_stop_id": "302", "stop_name": "145 St", "daytime_routes": "3", "ada": 0, "borough": "M", "complex_id": "437", "structure": "Subway" }, "geometry": { "type": "Point", "coordinates": [ -73.936245, 40.820421 ] } },
{ "type": "Feature", "properties": { "gtfs_stop_id": "224", "stop_name": "135 St", "daytime_routes": "2 3", "ada": 1, "borough": "M", "complex_id": "438", "structure": "Subway" }, "geometry": { "type": "Point", "coordinates": [ -73.94077, 40.814229 ] } },
{ "type": "Feature", "properties": { "gtfs_stop_id": "225", "stop_name": "125 St", "daytime_routes": "2 3", "ada": 0, "borough": "M", "complex_id": "439", "structure": "Subway" }, "geometry": { "type": "Point", "coordinates": [ -73.945495, 40.807754 ] } },
{ "type": "Feature", "properties": { "gtfs_stop_id": "226", "stop_name": "116 St", "daytime_routes": "2 3", "ada": 0, "borough": "M", "complex_id": "440", "structure": "Subway" }, "geometry": { "type": "Point", "coordinates": [ -73.949625, 40.802098 ] } },
{ "type": "Feature", "properties": { "gtfs_stop_id": "227", "stop_name": "110 St-Malcolm X Plaza", "daytime_routes": "2 3", "ada": 0, "borough": "M", "complex_id": "441", "structure": "Subway" }, "geometry": { "type": "Point", "coordinates": [ -73.951822, 40.799075 ] } },
{ "type": "Feature", "properties": { "gtfs_stop_id": "501", "stop_name": "Eastchester-Dyre Av", "daytime_routes": "5", "ada": 0, "borough": "Bx", "complex_id": "442", "structure": "At Grade" }, "geometry": { "type": "Point", "coordinates": [ -73.830834, 40.8883 ] } },
{ "type": "Feature", "properties": { "gtfs_stop_id": "502", "stop_name": "Baychester Av", "daytime_routes": "5", "ada": 0, "borough": "Bx", "complex_id": "443", "structure": "Open Cut" }, "geometry": { "type": "Point", "coordinates": [ -73.838591, 40.878663 ] } },
{ "type": "Feature", "properties": { "gtfs_stop_id": "503", "stop_name": "Gun Hill Rd", "daytime_routes": "5", "ada": 1, "borough": "Bx", "complex_id": "444", "structure": "Open Cut" }, "geometry": { "type": "Point", "coordinates": [ -73.846384, 40.869526 ] } },
{ "type": "Feature", "properties": { "gtfs_stop_id": "504", "stop_name": "Pelham Pkwy", "daytime_routes": "5", "ada": 0, "borough": "Bx", "complex_id": "445", "structure": "Open Cut" }, "geometry": { "type": "Point", "coordinates": [ -73.855359, 40.858985 ] } },
{ "type": "Feature", "properties": { "gtfs_stop_id": "505", "stop_name": "Morris Park", "daytime_routes": "5", "ada": 0, "borough": "Bx", "complex_id": "446", "structure": "Open Cut" }, "geometry": { "type": "Point", "coordinates": [ -73.860495, 40.854364 ] } },
{ "type": "Feature", "properties": { "gtfs_stop_id": "701", "stop_name": "Flushing-Main St", "daytime_routes": "7", "ada": 1, "borough": "Q", "complex_id": "447", "structure": "Subway" }, "geometry": { "type": "Point", "coordinates": [ -73.83003, 40.7596 ] } },
{ "type": "Feature", "properties": { "gtfs_stop_id": "702", "stop_name": "Mets-Willets Point", "daytime_routes": "7", "ada": 0, "borough": "Q", "complex_id": "448", "structure": "Elevated" }, "geometry": { "type": "Point", "coordinates": [ -73.845625, 40.754622 ] } },
{ "type": "Feature", "properties": { "gtfs_stop_id": "705", "stop_name": "111 St", "daytime_routes": "7", "ada": 0, "borough": "Q", "complex_id": "449", "structure": "Elevated" }, "geometry": { "type": "Point", "coordinates": [ -73.855334, 40.75173 ] } },
{ "type": "Feature", "properties": { "gtfs_stop_id": "706", "stop_name": "103 St-Corona Plaza", "daytime_routes": "7", "ada": 0, "borough": "Q", "complex_id": "450", "structure": "Elevated" }, "geometry": { "type": "Point", "coordinates": [ -73.8627, 40.749865 ] } },
{ "type": "Feature", "properties": { "gtfs_stop_id": "707", "stop_name": "Junction Blvd", "daytime_routes": "7", "ada": 1, "borough": "Q", "complex_id": "451", "structure": "Elevated" }, "geometry": { "type": "Point", "coordinates": [ -73.869527, 40.749145 ] } },
{ "type": "Feature", "properties": { "gtfs_stop_id": "708", "stop_name": "90 St-Elmhurst Av", "daytime_routes": "7", "ada": 0, "borough": "Q", "complex_id": "452", "structure": "Elevated" }, "geometry": { "type": "Point", "coordinates": [ -73.876613, 40.748408 ] } },
{ "type": "Feature", "properties": { "gtfs_stop_id": "709", "stop_name": "82 St-Jackson Hts", "daytime_routes": "7", "ada": 0, "borough": "Q", "complex_id": "453", "structure": "Elevated" }, "geometry": { "type": "Point", "coordinates": [ -73.883697, 40.747659 ] } },
{ "type": "Feature", "properties": { "gtfs_stop_id": "710", "stop_name": "74 St-Broadway", "daytime_routes": "7", "ada": 1, "borough": "Q", "complex_id": "616", "structure": "Elevated" }, "geometry": { "type": "Point", "coordinates": [ -73.891394, 40.746848 ] } },
{ "type": "Feature", "properties": { "gtfs_stop_id": "711", "stop_name": "69 St", "daytime_routes": "7", "ada": 0, "borough": "Q", "complex_id": "455", "structure": "Elevated" }, "geometry": { "type": "Point", "coordinates": [ -73.896403, 40.746325 ] } },
{ "type": "Feature", "properties": { "gtfs_stop_id": "712", "stop_name": "61 St-Woodside", "daytime_routes": "7", "ada": 1, "borough": "Q", "complex_id": "456", "structure": "Elevated" }, "geometry": { "type": "Point", "coordinates": [ -73.902984, 40.74563 ] } },
{ "type": "Feature", "properties": { "gtfs_stop_id": "713", "stop_name": "52 St", "daytime_routes": "7", "ada": 0, "borough": "Q", "complex_id": "457", "structure": "Elevated" }, "geometry": { "type": "Point", "coordinates": [ -73.912549, 40.744149 ] } },
{ "type": "Feature", "properties": { "gtfs_stop_id": "714", "stop_name": "46 St-Bliss St", "daytime_routes": "7", "ada": 0, "borough": "Q", "complex_id": "458", "structure": "Elevated" }, "geometry": { "type": "Point", "coordinates": [ -73.918435, 40.743132 ] } },
{ "type": "Feature", "properties": { "gtfs_stop_id": "715", "stop_name": "40 St-Lowery St", "daytime_routes": "7", "ada": 0, "borough": "Q", "complex_id": "459", "structure": "Elevated" }, "geometry": { "type": "Point", "coordinates": [ -73.924016, 40.743781 ] } },
{ "type": "Feature", "properties": { "gtfs_stop_id": "716", "stop_name": "33 St-Rawson St", "daytime_routes": "7", "ada": 0, "borough": "Q", "complex_id": "460", "structure": "Elevated" }, "geometry": { "type": "Point", "coordinates": [ -73.930997, 40.744587 ] } },
{ "type": "Feature", "properties": { "gtfs_stop_id": "R09", "stop_name": "Queensboro Plaza", "daytime_routes": "N W", "ada": 1, "borough": "Q", "complex_id": "461", "structure": "Elevated" }, "geometry": { "type": "Point", "coordinates": [ -73.940202, 40.750582 ] } },
{ "type": "Feature", "properties": { "gtfs_stop_id": "718", "stop_name": "Queensboro Plaza", "daytime_routes": "7", "ada": 1, "borough": "Q", "complex_id": "461", "structure": "Elevated" }, "geometry": { "type": "Point", "coordinates": [ -73.940202, 40.750582 ] } },
{ "type": "Feature", "properties": { "gtfs_stop_id": "719", "stop_name": "Court Sq", "daytime_routes": "7", "ada": 1, "borough": "Q", "complex_id": "606", "structure": "Elevated" }, "geometry": { "type": "Point", "coordinates": [ -73.945264, 40.747023 ] } },
{ "type": "Feature", "properties": { "gtfs_stop_id": "720", "stop_name": "Hunters Point Av", "daytime_routes": "7", "ada": 0, "borough": "Q", "complex_id": "463", "structure": "Subway" }, "geometry": { "type": "Point", "coordinates": [ -73.948916, 40.742216 ] } },
{ "type": "Feature", "properties": { "gtfs_stop_id": "721", "stop_name": "Vernon Blvd-Jackson Av", "daytime_routes": "7", "ada": 0, "borough": "Q", "complex_id": "464", "structure": "Subway" }, "geometry": { "type": "Point", "coordinates": [ -73.953581, 40.742626 ] } },
{ "type": "Feature", "properties": { "gtfs_stop_id": "723", "stop_name": "Grand Central-42 St", "daytime_routes": "7", "ada": 1, "borough": "M", "complex_id": "610", "structure": "Subway" }, "geometry": { "type": "Point", "coordinates": [ -73.976041, 40.751431 ] } },
{ "type": "Feature", "properties": { "gtfs_stop_id": "724", "stop_name": "5 Av", "daytime_routes": "7", "ada": 0, "borough": "M", "complex_id": "609", "structure": "Subway" }, "geometry": { "type": "Point", "coordinates": [ -73.981963, 40.753821 ] } },
{ "type": "Feature", "properties": { "gtfs_stop_id": "725", "stop_name": "Times Sq-42 St", "daytime_routes": "7", "ada": 1, "borough": "M", "complex_id": "611", "structure": "Subway" }, "geometry": { "type": "Point", "coordinates": [ -73.987691, 40.755477 ] } },
{ "type": "Feature", "properties": { "gtfs_stop_id": "902", "stop_name": "Times Sq-42 St", "daytime_routes": "S", "ada": 1, "borough": "M", "complex_id": "611", "structure": "Subway" }, "geometry": { "type": "Point", "coordinates": [ -73.986229, 40.755983 ] } },
{ "type": "Feature", "properties": { "gtfs_stop_id": "901", "stop_name": "Grand Central-42 St", "daytime_routes": "S", "ada": 1, "borough": "M", "complex_id": "610", "structure": "Subway" }, "geometry": { "type": "Point", "coordinates": [ -73.979189, 40.752769 ] } },
{ "type": "Feature", "properties": { "gtfs_stop_id": "726", "stop_name": "34 St-Hudson Yards", "daytime_routes": "7", "ada": 1, "borough": "M", "complex_id": "471", "structure": "Subway" }, "geometry": { "type": "Point", "coordinates": [ -74.00191, 40.755882 ] } },
{ "type": "Feature", "properties": { "gtfs_stop_id": "Q05", "stop_name": "96 St", "daytime_routes": "Q", "ada": 1, "borough": "M", "complex_id": "475", "structure": "Subway" }, "geometry": { "type": "Point", "coordinates": [ -73.947152, 40.784318 ] } },
{ "type": "Feature", "properties": { "gtfs_stop_id": "Q04", "stop_name": "86 St", "daytime_routes": "Q", "ada": 1, "borough": "M", "complex_id": "476", "structure": "Subway" }, "geometry": { "type": "Point", "coordinates": [ -73.951787, 40.777891 ] } },
{ "type": "Feature", "properties": { "gtfs_stop_id": "Q03", "stop_name": "72 St", "daytime_routes": "Q", "ada": 1, "borough": "M", "complex_id": "477", "structure": "Subway" }, "geometry": { "type": "Point", "coordinates": [ -73.958424, 40.768799 ] } },
{ "type": "Feature", "properties": { "gtfs_stop_id": "S31", "stop_name": "St George", "daytime_routes": "SIR", "ada": 1, "borough": "SI", "complex_id": "501", "structure": "Open Cut" }, "geometry": { "type": "Point", "coordinates": [ -74.073643, 40.643748 ] } },
{ "type": "Feature", "properties": { "gtfs_stop_id": "S30", "stop_name": "Tompkinsville", "daytime_routes": "SIR", "ada": 0, "borough": "SI", "complex_id": "502", "structure": "At Grade" }, "geometry": { "type": "Point", "coordinates": [ -74.074835, 40.636949 ] } },
{ "type": "Feature", "properties": { "gtfs_stop_id": "S29", "stop_name": "Stapleton", "daytime_routes": "SIR", "ada": 0, "borough": "SI", "complex_id": "503", "structure": "Elevated" }, "geometry": { "type": "Point", "coordinates": [ -74.075162, 40.627915 ] } },
{ "type": "Feature", "properties": { "gtfs_stop_id": "S28", "stop_name": "Clifton", "daytime_routes": "SIR", "ada": 0, "borough": "SI", "complex_id": "504", "structure": "Elevated" }, "geometry": { "type": "Point", "coordinates": [ -74.071402, 40.621319 ] } },
{ "type": "Feature", "properties": { "gtfs_stop_id": "S27", "stop_name": "Grasmere", "daytime_routes": "SIR", "ada": 0, "borough": "SI", "complex_id": "505", "structure": "Open Cut" }, "geometry": { "type": "Point", "coordinates": [ -74.084087, 40.603117 ] } },
{ "type": "Feature", "properties": { "gtfs_stop_id": "S26", "stop_name": "Old Town", "daytime_routes": "SIR", "ada": 0, "borough": "SI", "complex_id": "506", "structure": "Embankment" }, "geometry": { "type": "Point", "coordinates": [ -74.087368, 40.596612 ] } },
{ "type": "Feature", "properties": { "gtfs_stop_id": "S25", "stop_name": "Dongan Hills", "daytime_routes": "SIR", "ada": 1, "borough": "SI", "complex_id": "507", "structure": "Embankment" }, "geometry": { "type": "Point", "coordinates": [ -74.09609, 40.588849 ] } },
{ "type": "Feature", "properties": { "gtfs_stop_id": "S24", "stop_name": "Jefferson Av", "daytime_routes": "SIR", "ada": 0, "borough": "SI", "complex_id": "508", "structure": "Embankment" }, "geometry": { "type": "Point", "coordinates": [ -74.103338, 40.583591 ] } },
{ "type": "Feature", "properties": { "gtfs_stop_id": "S23", "stop_name": "Grant City", "daytime_routes": "SIR", "ada": 0, "borough": "SI", "complex_id": "509", "structure": "Open Cut" }, "geometry": { "type": "Point", "coordinates": [ -74.109704, 40.578965 ] } },
{ "type": "Feature", "properties": { "gtfs_stop_id": "S22", "stop_name": "New Dorp", "daytime_routes": "SIR", "ada": 1, "borough": "SI", "complex_id": "510", "structure": "Open Cut" }, "geometry": { "type": "Point", "coordinates": [ -74.11721, 40.57348 ] } },
{ "type": "Feature", "properties": { "gtfs_stop_id": "S21", "stop_name": "Oakwood Heights", "daytime_routes": "SIR", "ada": 0, "borough": "SI", "complex_id": "511", "structure": "Open Cut" }, "geometry": { "type": "Point", "coordinates": [ -74.12632, 40.56511 ] } },
{ "type": "Feature", "properties": { "gtfs_stop_id": "S20", "stop_name": "Bay Terrace", "daytime_routes": "SIR", "ada": 0, "borough": "SI", "complex_id": "512", "structure": "Embankment" }, "geometry": { "type": "Point", "coordinates": [ -74.136907, 40.5564 ] } },
{ "type": "Feature", "properties": { "gtfs_stop_id": "S19", "stop_name": "Great Kills", "daytime_routes": "SIR", "ada": 1, "borough": "SI", "complex_id": "513", "structure": "Open Cut" }, "geometry": { "type": "Point", "coordinates": [ -74.151399, 40.551231 ] } },
{ "type": "Feature", "properties": { "gtfs_stop_id": "S18", "stop_name": "Eltingville", "daytime_routes": "SIR", "ada": 0, "borough": "SI", "complex_id": "514", "structure": "Embankment" }, "geometry": { "type": "Point", "coordinates": [ -74.16457, 40.544601 ] } },
{ "type": "Feature", "properties": { "gtfs_stop_id": "S17", "stop_name": "Annadale", "daytime_routes": "SIR", "ada": 0, "borough": "SI", "complex_id": "515", "structure": "Open Cut" }, "geometry": { "type": "Point", "coordinates": [ -74.178217, 40.54046 ] } },
{ "type": "Feature", "properties": { "gtfs_stop_id": "S16", "stop_name": "Huguenot", "daytime_routes": "SIR", "ada": 0, "borough": "SI", "complex_id": "516", "structure": "Open Cut" }, "geometry": { "type": "Point", "coordinates": [ -74.191794, 40.533674 ] } },
{ "type": "Feature", "properties": { "gtfs_stop_id": "S15", "stop_name": "Prince's Bay", "daytime_routes": "SIR", "ada": 0, "borough": "SI", "complex_id": "517", "structure": "Open Cut" }, "geometry": { "type": "Point", "coordinates": [ -74.200064, 40.525507 ] } },
{ "type": "Feature", "properties": { "gtfs_stop_id": "S14", "stop_name": "Pleasant Plains", "daytime_routes": "SIR", "ada": 0, "borough": "SI", "complex_id": "518", "structure": "Embankment" }, "geometry": { "type": "Point", "coordinates": [ -74.217847, 40.52241 ] } },
{ "type": "Feature", "properties": { "gtfs_stop_id": "S13", "stop_name": "Richmond Valley", "daytime_routes": "SIR", "ada": 0, "borough": "SI", "complex_id": "519", "structure": "Open Cut" }, "geometry": { "type": "Point", "coordinates": [ -74.229141, 40.519631 ] } },
{ "type": "Feature", "properties": { "gtfs_stop_id": "S09", "stop_name": "Tottenville", "daytime_routes": "SIR", "ada": 1, "borough": "SI", "complex_id": "522", "structure": "At Grade" }, "geometry": { "type": "Point", "coordinates": [ -74.251961, 40.512764 ] } },
{ "type": "Feature", "properties": { "gtfs_stop_id": "S11", "stop_name": "Arthur Kill", "daytime_routes": "SIR", "ada": 1, "borough": "SI", "complex_id": "523", "structure": "At Grade" }, "geometry": { "type": "Point", "coordinates": [ -74.242096, 40.516578 ] } }
]
}
